Model,Accuracy,Precision,Recall,F1 Score,AUC
XGBoost,0.9,0.9,0.9,0.9,0.8899999999999999
CatBoost,0.8,0.75,0.9,0.8181818181818182,0.8999999999999999
Random Forest,0.8,0.75,0.9,0.8181818181818182,0.9400000000000001
Voting Ensemble,0.85,0.8181818181818182,0.9,0.8571428571428571,0.9199999999999999
Bagging Ensemble,0.85,0.8181818181818182,0.9,0.8571428571428571,0.895
CNN,0.65,0.8,0.4,0.5333333333333333,0.7600000000000001
