file_hash,label,vexir_0,vexir_1,vexir_2,vexir_3,vexir_4,vexir_5,vexir_6,vexir_7,vexir_8,vexir_9,vexir_10,vexir_11,vexir_12,vexir_13,vexir_14,vexir_15,vexir_16,vexir_17,vexir_18,vexir_19,vexir_20,vexir_21,vexir_22,vexir_23,vexir_24,vexir_25,vexir_26,vexir_27,vexir_28,vexir_29,vexir_30,vexir_31,vexir_32,vexir_33,vexir_34,vexir_35,vexir_36,vexir_37,vexir_38,vexir_39,vexir_40,vexir_41,vexir_42,vexir_43,vexir_44,vexir_45,vexir_46,vexir_47,vexir_48,vexir_49,vexir_50,vexir_51,vexir_52,vexir_53,vexir_54,vexir_55,vexir_56,vexir_57,vexir_58,vexir_59,vexir_60,vexir_61,vexir_62,vexir_63
d7a0453822a445c250b21101ab90d4dac72e176bbe1c6e7dbdbb0694d1db50d0,1,-0.1361971067393919,1.3366928290453524,-0.5216031825801937,0.8597651229633556,-0.9734683519618461,-1.5928771482837616,2.236779452899185,1.4264899386780951,-1.0625731189099432,-1.444083323591824,0.2312701807529065,0.1111134045762116,-0.23836397473514848,0.40207802982378293,0.6007580433827221,2.5694829017666843,-0.586171410858548,2.5349911305125348,-0.9247667476105149,0.4482678458798563,1.6032663623093164,1.0378832824871664,1.6150254254498262,0.4925993216704563,-1.1064263373245589,0.1912349224649459,0.843486337683006,-0.3124661265384929,1.6410542870287186,-2.6224522753789534,1.118667423288518,1.2379468244423346,-0.4134919208371743,-1.251665585847698,0.2045585631878617,1.2804166024248649,0.7856892094419802,1.28568915824197,0.17992157235426176,0.5929621521184723,-0.2422210734929558,0.7389039378748373,1.5746161786331427,1.6134180621577374,2.2352337472356916,1.5579710659605939,-0.11200738958452239,0.19154618728795952,0.14322930629656055,0.18012979120393896,2.38202958940189,0.13185209775448273,1.4746522511105615,2.002846081888644,-1.347410860206726,1.0773251697396318,0.5090337705871391,2.001180996530083,-1.0945892801120616,0.29563838083305655,1.054820110445214,1.9113284936781292,1.185536817257366,-0.15641391131338545
b02c33fe254975bb5829dca0b953a65ff295384063f0072ec27f0e22651eb332,1,-0.291327757887389,0.4792937627133085,-0.04180929781054432,0.8625292547845097,0.5451535950826021,0.01847768342237635,0.9783811019934444,1.6242172092099945,-0.13466866575728892,-0.6023843025543553,1.444685946974397,0.08198362153157815,0.03512214222324117,0.9083019090069223,0.33971577528855784,0.8305446813144446,-0.07200232171738985,0.8687910493552347,0.0026192530180168677,-0.11689945399315171,4.377602156501837,0.8566097613205401,1.094257243055933,0.24583267982582652,-0.4283891673966271,0.6139226216943225,0.5348545147711823,-1.3839664680143309,1.325805119956702,0.43137409069251065,0.12527808117412478,-0.32548937695614366,-0.8651652044419416,0.14289384223618345,-0.4275724622147424,-1.3263599908900967,-1.6329840625076075,1.3989380699046408,2.8822508226529364,0.7184243000976254,-0.3867914763290201,2.1020689841579054,0.8231176672121383,0.8704809039221342,0.39925121681879494,1.5135875261861818,-0.6158819050098565,1.2620784158167964,1.0565762146433397,1.6409186302025505,0.2968644211067526,1.6488345309038022,0.7166096072040945,0.639052103324705,1.0429145117774634,-1.0757116889995484,1.502433072270866,-1.6543776744401943,-0.9145602267244817,0.08046136589421105,-0.0329401933858349,0.6689532568851079,0.21257166145580814,-2.1113044721450636
f20d16951c4de51e9b687e086314910db2e13bbf5b8d113c580ad73bf23d6878,1,-1.034524804362973,-0.4758912803001561,1.8891338527773613,-1.4244888459937108,-0.12577257846919276,-0.5538774705275583,-0.7647692265871022,0.713056065715286,-0.4276280478225989,0.7787918543479462,0.5039649399163562,1.2983334560167723,0.778677543486881,-0.08465036775359647,-1.3582874312789184,1.5785290953837123,2.8714086843696185,-0.404098867331125,1.3919288544529096,-0.5660473366306796,0.1968216652068554,1.3513946817135534,1.5353336723461077,1.3186134715990037,0.005112863083343355,0.294501671619399,0.3403320567129748,-0.12479197790274289,1.3359258505942981,2.1457815349968876,0.05956386315356349,0.5921871564279613,1.7677613205800446,1.8245063239118529,-0.10971088230809145,-0.39312291839612123,-0.20852983437462136,-2.0635699131564103,0.7486608197382953,-0.40745470210373097,0.3595158460734965,-0.12418258089153193,0.5998206025225665,1.9007352846731473,0.38279180830712267,0.34099260145596577,0.9754853158699611,0.9902247912535026,-0.3298121338478318,1.5280459672412126,1.2303922945718282,0.1253993375187151,-0.7797240463835153,0.4117381583696853,1.4122659790225818,-0.12017843966405889,0.25130729640843963,0.6623408228613431,-0.057977696014281155,-0.04163079424371269,1.5531055310067472,0.6600909916368166,0.9668655168918387,0.269543360754579
249ebffe7b3a5e15638c95627316e43aa24d4f09b04d520a3d25c103e5168f82,1,-0.376218506590201,-0.5031085663292563,1.1450137396153672,0.5069420130766714,1.0913753189438362,2.4004300160666148,1.2417652293526262,2.7905083141995886,0.5345171447886456,-1.2813365317760073,-0.8200896198515495,0.8355406880654106,-0.3074987339095982,1.7472878548359974,-0.2682696598156257,0.7714891301797564,0.06763427927791277,1.0648771957068779,0.4726504227372097,-1.084134748344748,0.24424075859527772,-0.5606906879051019,0.9082622752336118,0.5105468876379871,0.09727019834076311,-0.3040894069840565,-0.14047877335815562,-0.552414447658363,1.6701218909217577,-0.3314814850787018,0.8415408338895332,-1.083037608934238,0.6768018474474544,1.0059893599792271,0.45102395960062475,-2.085475859251599,-1.0649780068459984,-0.9400695436849085,-0.8255083641129337,2.024387272013133,0.6245285601969923,0.03513360760126891,-0.3478095623470491,-0.5469525759145732,1.599951298698617,1.2882287562428463,1.1116687647436594,-0.6635629552568687,1.1204599865692122,2.242374844122782,0.2345181890890921,-2.438259932443377,-1.1878425769251273,0.5377656351219289,0.42712105675420237,-0.7621990075978546,-1.5258795858796217,0.8140447286394442,0.13374629691862644,2.187055347587038,-0.2006916486275707,0.782197410329589,0.7067305565520116,-0.48075007496160005
2e4ea96a8fe1da2bdcf8d33b6f047f52da528f06a7c5607fbf2556f875ae5920,1,-0.5511522547428773,0.4370934682529875,0.8946688225551519,0.5445777307516582,0.7878141390134075,-2.1370084922833064,0.11921369415421906,0.2735541958088686,1.5350099829524648,-0.23941506719759365,0.37012021799164285,-1.907693543366594,0.9454910324197939,2.0664217589321687,0.7922398732630251,-1.076238541713167,-0.39964082363216946,1.5190498228897165,0.8312129687758291,-0.7780375495168773,1.4064054246375433,1.3656227003143162,1.716671258443178,0.245698385518733,0.4145223285748333,-0.5439788549106467,1.626137697405428,-2.1841101867785757,-0.07215512368058052,0.275609809098956,-0.40901917467991755,1.491106992289225,0.5117228347878799,0.8094367052332039,-0.6956919730175508,-0.9984943882018684,-0.8424998409202349,0.6007281837662745,-1.4552387873080925,-0.7734400412660087,1.8765875565230459,-0.29726576387542725,1.1618320211741207,-1.4140907450036888,1.002723829323157,0.5942727444934104,-0.12368878868021954,-0.45302744368169745,1.3982343721828,-0.04788958719871911,0.5791475745680494,1.7580077555560787,2.7558215868582976,-0.695655051578197,1.2169139964565074,-1.209431974850308,1.4462214299503389,0.2514711832417574,1.8944841175449438,-0.14556136186481783,-0.45709161617346544,0.08733487471930246,-0.6204214339646223,-0.38341188890623107
96448a78292595053bef9466a320adfedf023012c0e97bf58784c9788b8216da,1,1.8124834589070422,2.7716375017158335,0.6413212679052469,1.4063888636576591,1.1611963650829327,-1.2366519009722308,-0.07393132491245358,-1.2311690421874175,0.17689939894008133,0.44711318510022824,-0.16351067691501353,0.2776736677563228,0.4912501529600455,2.110545682718425,-0.6011569637273306,0.3038095577521845,2.297497332953098,-0.7249609405568251,0.5248987458129628,0.8699549570360955,-0.06344820759779712,0.44523071264728303,-1.0918813117864596,-0.7222269754310671,1.836097069770186,-0.00831558107978303,-0.41836651123774876,-0.228864896788039,-0.4865784357658646,-0.03521728190653567,0.2266863367663673,1.0870226464682737,0.6999080761857115,-0.8915075548760423,-1.1823156763047935,-0.4986949503076994,1.347478400239354,1.80215314390925,1.2191731096829488,-0.20230805212474984,-0.4755798800690755,0.7617506405051768,-0.822781042923936,-0.6912103211878731,2.2724784444721973,-0.37142346956978106,0.7914215736284096,0.3498603094828418,0.7947705039078115,-1.084915857212323,1.138961087662438,0.47139759928324665,1.3243963539349823,0.01201989661744294,1.1947218380776208,-1.53542506589244,0.2032861693058141,0.7058676768426644,1.7606466831718512,1.212540519764253,-1.3537056750763339,-0.5347373844042733,-0.6026836363415339,-0.0020840535349514466
23bf879effb670573dc4e0ce3f5b3240c2304d63cdfe6e5bfefbdace495842c0,1,-0.36886431177488954,-0.2788747565803948,0.2912450057110054,-0.737027588805103,-0.8574140051301473,-1.4169248307552602,1.332889159628759,-0.9698610772407558,1.5958987898739758,0.8434196312826885,-0.7267980657061517,2.192532731162546,-0.03860175007118932,0.6012023848255583,2.3335684105365635,-0.6330281710260655,0.19935267836649073,-0.3194238277195717,-0.05274137508006473,0.08031324287031866,1.0153134035372062,-0.1045891798256291,-0.13945377442492912,1.244225704978747,1.3163726267959563,0.12387425479010143,0.44137582544902015,0.2658461052571942,-1.1968438542042974,-1.426011325507805,-0.6769261002116171,0.6685162804928535,-0.23260750939554153,1.9899876006586517,0.5238888753662146,1.4030931265549111,0.41318122068986984,1.2639265000193216,-0.7224137490565505,0.6268141290559839,1.9312476530119702,-1.3432869362162105,0.5701189734697623,0.3292759165392559,0.6364925709712383,0.5571625409660651,0.12152236014232065,0.6456477768239135,0.3157429008387978,1.1692268992904493,1.343118935742938,1.3819391831982197,0.6596674104621476,0.28375445138726985,-0.5866584724990758,-2.546019875662898,-0.675998528280958,0.29050677524664237,-1.7851229411106062,1.9519915789777644,-0.21331178907692272,1.2501226144611617,0.1007517914043968,0.6591824606251342
041f1d16a2b247c99d391daf00570ab9b389d3df0b1a1b41221cb7d369206c52,1,0.887172810218255,-0.23406855700527895,2.0068546905735327,-0.06299731902354228,1.0820101908583608,0.36163421909133087,-1.2299264465837398,0.5700944836252139,1.5385725634860463,0.033339579561289134,-0.6417259916038547,0.39633376434211876,-0.03164407131918445,1.100393088672595,0.029371835422414172,-0.6880389250837416,-0.6137443148208708,-0.34530320767967976,0.8005787247862705,1.1243574540474248,-2.2841452729751532,1.8753998958676925,0.34480034152171596,1.2346550123254696,1.8202983667382848,-1.1833981134970624,0.6049287436759496,2.168345964381592,0.5502935557122399,0.5898796160555276,0.565978087269864,1.1085188544943678,1.3495804050516669,-1.0089493729721197,-0.4653949198245556,0.6965632141693944,1.0044934147048756,0.9969060173067209,0.14108580878497723,0.0791945912303812,2.126638384815961,1.6319277311163034,-0.4287206341848021,-0.6726192748947752,0.23998029387497155,-0.48665154086570944,-0.11768322785511465,-1.2047313454816668,0.06467349941512796,-0.07810498967751534,0.58340678985849,-0.06458040495259565,-1.6377892512130412,-1.2096764302210024,0.2790116183030744,0.9172471083644931,1.231225852087695,-0.05386919746539598,-0.19645746139461434,0.4720038164364256,-1.1194525699568965,1.2979721377329732,1.5439924176402078,0.1343238365463968
d4feb844059de8fa0a7cab031b57fd4eb68f3384eb326ff947520f487992baa0,1,2.073919998862461,1.5911802325829205,0.45703035663091196,1.0042643336534491,-0.6267504289819703,0.3723788036834909,0.11941928776769406,0.8185003850608172,-0.2763020037965349,0.9582648905045887,0.6332543486290929,0.6944418057187768,1.4548329056791793,-0.1369710109135842,0.8651086703753172,0.08474665124669414,-0.011709305583537277,-0.4791701323028519,1.0411170681567767,-1.4643188638995173,1.9943374096854534,0.7526894918228199,-0.6655309385161623,0.7077363882422579,1.1322687569375869,-1.1035064735711884,1.5265400884516167,-0.32957764190789796,0.7300415912028743,-0.2904809915551002,0.28950316395748893,0.24071758605906818,0.48443483031156875,0.5919447417400161,-1.6752211666275423,1.364270574123737,1.3688789465415314,-1.2656880288341983,0.48770891817021145,0.8661007780538283,-0.5754269255339342,-0.2505709705675514,-0.691691109519811,0.5794345992514247,0.9543480529754558,0.42548298290769015,-0.3316157922370284,0.4098771943329629,-1.6936353040593606,0.2697822182998119,-0.0914841634602731,0.6150791583420967,0.08519736030106284,0.1652273676276111,0.5767881615533732,1.0975526163214713,1.9215718142664069,-1.8498610904859978,1.436210370855687,0.15187779042328536,0.5028407468118583,-2.7834182004214263,2.424175140312765,-0.7181675312102573
6f06fa082e6f50d84cc645f4c7197f0642b250d970ea798928e4ee3ec82452dc,1,0.382200359650928,-1.5634230461414298,1.257150839276437,-1.7835154211721356,0.19502028413750766,0.2206360127580006,0.8872511456733823,1.283298744032297,-0.2889671317125311,0.7575402101687847,-0.8575335800178101,-1.327176189455196,1.783284232968371,0.48067803337437215,0.5171643107985837,1.3346592789376488,-2.0094443513152944,-2.3152427408044787,0.2719003293219765,0.6233182476786363,1.4911353398194382,0.08325669674360713,0.4849276277885264,1.4699497074216412,-0.10050363826907273,-0.39215216875009923,0.22690947336906037,-1.2165271133905713,-0.9839854568005548,1.7679683401468451,0.8372626751027538,0.882596227691188,1.734709590205878,0.2381503803067872,-0.6712943998257372,0.017763054492688224,0.5749568322408154,1.358541694775278,0.20565960532006133,1.3131581470963871,-0.8423197493822515,-0.8328222106485239,0.12596986563629567,-1.9588631254736246,-0.027864243340874673,0.39233308674906636,0.5850321704108232,-0.47437513095355666,-1.1755126471477269,1.0547524437248734,-0.46145315137331844,0.7221383727445987,0.7119671147466973,0.783780940505158,-0.4004026977867532,0.6808851725397923,-0.7469369124002934,0.5999574633208904,-0.8395518346032185,0.3185061299255542,1.5274320781991133,0.4599674921990237,0.10763761404662503,0.9950972230546217
5bed181f64afa9790a28f29773b9c0bf3c030c8b999723635b0c31849ba6c855,1,-1.1901435446946953,1.0513142937344866,-0.9558745639024859,0.8072355919992644,1.4279203974364951,0.13645101107174262,0.10869157168807397,2.2196025449005528,2.4499551077075905,0.2545644176637425,1.9294646135009512,2.0792461173038657,1.6268374682065758,-0.3002105288119623,2.0242339171487145,1.6331832579089949,-0.00024073861544282593,-1.286718156403595,-1.4883957084203938,2.2568751567415846,1.0241446895408943,-0.6772234316959018,1.1776306346049012,0.608165661707019,-0.8306370784199015,0.9045901999879861,2.3471349815567715,-0.6637745574061619,0.6097096503625004,2.1346371559672077,1.0389150032322716,0.8958526825746286,0.3653371015583098,-0.8996084655391515,0.9690256894044308,0.5561551911109971,-0.45197791252972375,-0.4590987729195932,-1.7842537632922124,-0.4472538672720011,0.8188471471557106,1.4978282957667974,-0.11297052772759786,-0.32959261403012463,0.4524217889741542,-0.15980446508383767,1.6245794550873287,-0.41187840294736355,2.535435035362677,0.536650221884307,-0.4311760391399294,0.4826516558904088,-0.11097370499639525,-0.9861566164022394,-0.8594926960580795,-0.05921648887680447,1.0637421426031848,0.25409048747952667,-0.015195851860671405,1.543397148827629,-2.105493669934595,0.06848631513825504,2.1532210158644443,3.3704603559741866
2e698dd936e6312e55823d5dcfc335123feca659cbec05dce4475e9cc11238a7,1,-0.8268016768896624,0.04971477172285127,0.7149953302033177,2.1248303435195237,1.0270496265748175,2.8929623365042163,0.777540983554221,2.331129465671671,1.2621427218141832,2.0026701743146718,1.0733526486901113,-0.5819835108875745,1.791691761282458,1.4949814101496872,2.6659548658805168,1.0850177155068998,0.7093547303932312,0.12052036385683457,2.9702440086532906,2.3063162694525916,1.3766250709458512,0.8721137827264918,1.869742028164528,-0.1685400482423887,0.8629319427801243,0.11491598340645393,0.3244411065369217,-0.49060935095800406,1.292885619772932,-0.4899791642860967,-0.3427622289198088,-0.36258111837320045,1.4496051956752587,-0.46377161959899815,2.768803346964752,2.5358081273449358,0.6635408762230676,-0.24145923388734136,-0.9630195442595684,-1.6510463167037746,-3.13736799875719,0.8849892025755159,-0.10798243800069929,1.2717809680351144,0.6021474215696705,0.41726063966196203,-9.351902622409258e-05,-0.8105550303450666,-0.8018539483836016,2.033438610139974,-1.446144941062956,0.3872373352245042,0.4491245732555283,2.2044281332016396,-0.1313244861226796,0.4502570646762094,-0.9117470769468503,2.5194976384823633,1.9206716588589705,-0.4351752066905721,1.1021354604548623,-0.3807276542207547,1.5513183235384167,1.14836364562735
57756cb0b46a8b6405b1195b303f6c9cd86c50c49c79a78de337b02430390a2c,1,1.2182831823259113,0.9117890800742494,1.3178436277190313,-2.2209662120903646,0.6521318613406998,0.1437787226372239,0.7959694239162409,0.9385603158724516,1.6450666886433254,1.0088948209179929,1.0370423705049197,-0.5168752288433676,-0.1566593434058991,-1.0517182457642336,-1.5053760584119222,-0.9869284406265264,0.04463122579791845,0.3213884361218312,2.462736104619616,1.3709205160281912,-0.3433948833070031,-0.23505951280748744,-1.086248312092236,-0.3160086370273031,0.6512014865643676,2.3989570226457637,1.0180328521204898,-0.008768814254411714,-0.7642173147632143,-2.523259911256444,1.1589368036315322,-1.6124095096743587,-1.3697149298465905,0.4116018693206851,1.4966930626144153,-0.8784087436308369,-0.9372031392867917,0.0903853904203813,-0.24016207180957105,1.210862994716023,0.8390150273992344,0.7270270472456271,-0.3738599384841902,0.6339669509073851,0.5395206423504012,-1.030129157913397,0.5699127507659053,1.188616093196762,0.4101381791336641,0.3000073484792327,-1.3945408191985849,-0.07471203996209011,-1.0859839826387843,-0.5116994303640493,0.7174431917449562,2.187431968681356,-0.9537707117998293,-0.6667158209235362,0.36662081135960845,-1.2091798091573385,-0.99416128507371,-0.6799058214472077,0.6504226638740935,1.151664582589488
f466a65e30ac02db734c1475fe417710c96cb289217d4dbf608f1a3000ea6f5f,1,1.0806547137199536,0.0705781940891117,2.5203551566087397,0.32157432263325514,-0.7298603082727495,1.160101806512325,1.2709167832479997,-0.26326100986309364,-1.7687970641065396,-0.43920364218816604,1.9137901223019111,-0.6457173202295606,-0.4159828690617511,-2.05276036863415,-1.7247331552216871,1.006235796418301,1.046315454315097,0.585589704728857,-0.6712562887485752,0.11493459706311476,0.876575009324921,2.408914576415064,1.0273848683798026,-0.6203489279817298,0.7794803389254281,-0.4619629065147557,0.717339646172896,0.37478754600906194,0.6178758422601829,2.0311147186204215,2.0363602884250893,1.1489064255721415,0.5182404767006714,1.090299347754517,1.246371372529318,0.8835504131282447,1.8882294793448404,-0.2997742616782909,0.5112014911215764,0.3361177485331003,-0.19764833014103733,0.621941357489094,1.5253180710345893,0.2788251605301122,0.6283972111168157,-0.5961406290424216,-0.762277889493175,1.3488002946889999,1.61519543091554,-0.9140089759733889,0.8089869221661175,-0.3820244405494646,1.0984961122350763,1.32016283698051,0.18680001847588726,-1.9967835134114442,1.920631132375891,-0.0020214137770323826,1.663645435978538,0.7895908618789589,0.06851354981829821,1.2716978127714893,2.1252852232486754,1.936219460771678
d5d10253e6d2b66117982758bfe39eec3e8f23396a011ea76f769ce27cc3cc53,1,1.360153589863781,0.21370604312694869,-0.10846182101493862,-0.5596955551308134,-0.5921209544999938,-0.4037635829858011,0.946817424170947,0.6459143258454546,0.4066783257205113,1.9714768240114728,-0.06050540112902186,0.13481248843251287,0.6869217531046194,-0.7399416654849555,-1.3715268679430446,1.0180038372904976,1.1650461155054803,-0.7551731029988747,0.3042011696880069,-0.2775665205873806,-0.011044778557799173,-1.0891873983987361,1.059854914189072,0.830772259794184,-0.09201590254506782,-0.6420902959520092,-0.5142411252694552,-0.8506213387950408,-0.28955238828925756,-0.199165722854626,-0.40006036302151665,1.0066077777959404,0.6127694545143723,-1.662710752526507,-0.4987123628620968,-2.774396107138467,-0.7067976921547022,0.3448373901693476,1.1157779933215377,-0.815827463827157,-0.08311958885872717,0.5920300534403815,0.6722150487644603,-1.0154100771682648,-0.48377214427024573,-0.00205905166549325,-0.7940465786789122,-0.27611115451296075,1.5211602966520128,-0.5201682783434595,-1.4222158959104592,-0.1621146269052972,0.41835615636779744,0.3491564860826529,0.5832856125783552,-2.205481050178144,-2.3100596382043417,-0.26536108464455643,0.23406257824079552,-1.1095704343829862,0.2629426373627967,0.35991027464661773,-1.243980152053033,-0.4966283396469754
4a4065e3a0c06d9dcb2943ab1ba67c9f8894936c6aa34add255f7d30250a7118,1,-1.769916112598244,2.0578834127088257,-1.9264063045476778,1.7659116942860398,0.9232331478320013,1.096099570528605,1.7832093298102452,0.7655739963590025,1.5403079336797973,0.8803364831534061,-0.5335341421800527,-0.6756787796038621,0.8078724612623925,0.5813139814052336,-1.1760340629340738,0.06606463101657911,-0.48741017362533773,1.5166865464692316,1.0864625355178497,0.053777946064291565,0.92957499898485,0.7266924783573192,1.1475581058174296,0.5296237910592891,-0.48504812895475347,-0.8926801906080852,-0.9223367250867456,1.2197544078336051,0.030429609862654278,-0.410643308787633,1.9361904844603222,0.646968769868441,-0.6287254724984443,-1.4656920539713496,1.601652612712567,0.7555810469523943,-0.051348578313198306,2.4144277008682966,1.758415983741909,-0.937536469671308,-0.03506214979864053,0.2650857391804756,0.8032397259174506,0.8473399631570647,-1.6367197907464914,0.4163739005214096,1.3187547413132923,0.2910098825134197,0.6562916663018253,-0.9048166014423039,0.7225293035902999,1.3880805499775672,-0.3292403900803829,-1.8845644759522848,-0.613360025103151,-0.18670131637243387,1.605369669062227,-0.3461125643683143,0.24982718414525945,1.054563062728335,-0.37758570828335997,-0.1861485089592126,-0.07668078154811622,0.13976479692930183
d525f9625222e5f86aed156c48cdeb3f1fd01749ff9192df3938e364c7247350,1,2.5949872367719977,0.5295163004493503,0.8034914190027034,-0.6354025941350064,1.0059132497479328,2.0930426139824854,1.9428327120572684,-0.08859272030104398,0.5714260272218243,1.79844078924084,0.13606440624767208,0.061962773695366846,1.5986290270885477,0.7953313847548151,1.651086911446733,0.02256209646342988,0.42351983549232747,-0.8760951217167918,0.8187401905152691,0.725238768124927,2.472547745801397,0.26526685870747435,1.1617007024525645,2.82082621573925,0.6049200626288285,1.9735852905607905,-0.29903085461382584,-0.8858233715313765,2.247495411404058,0.8572101438702393,0.6297453754073784,-1.285182756343761,-0.5714590840142575,3.317367005771436,0.6385329705341078,0.418054685762582,-0.44243364507230354,-0.9333113913090633,2.1441192724422833,1.2749358845663652,1.1269325542296993,1.391018097501348,1.1211594059384336,-0.28187951568811886,0.46133895798024077,0.2964489125491672,1.5054495632977203,1.4314083680222502,1.1842741079002805,0.9329931455474365,-0.24607290699336593,-0.36910683262156196,-0.3259369266599574,-1.044968446253133,2.061654540690733,0.3330892284297845,1.0547366380707657,-0.2202841152024955,-0.8649839620306938,-0.6501167449468481,-0.09114100413679327,-0.23182180854908654,-0.2808921740768036,-0.6676353532148612
ee566beca98845d526fde577f29ad36582ed1ff47dcc437cdf29f9afb19c0383,1,-0.6952384416309496,1.47342488038481,1.718781243092442,0.024780988629625134,-0.6318081438403937,-0.4254718042014447,0.9925369319207735,-0.791391995435278,-1.1922866443971885,0.22318861152769848,0.7545786382877785,0.17236994278648116,1.6807918743546133,1.783245473576664,-0.2393042664396164,0.4039351454268921,0.5811698450036413,-0.721620199114787,-0.9915045629887154,0.3007612311021155,-0.13826041316118487,0.20539854013102887,1.2322839524859892,0.40574572800666786,-0.6723924450803416,0.6748871715837558,2.119513713485587,-0.2688243036811388,-0.12702214876440604,0.27718335720137993,0.23627587408806727,0.5786873527802111,0.7038440382832412,0.5458185239306941,-1.1648735164827144,0.7937375147041242,-0.21720470739782882,0.48800916040791553,0.9876418487034841,-1.8774231435184912,-1.3592724314431384,0.2125690335565901,-0.41895547508733744,0.37407445038122666,0.6357842928554689,-0.3727541516844284,1.4855779689273185,-2.5284494853305306,1.754332283023889,-0.8736354668759516,0.22183743402717251,-0.5817580059564973,-1.1812096829048628,0.015840000667148905,1.6255527767933855,1.386125908105523,2.167026908739702,0.40480039240182536,1.3549972093554559,0.7678563845780613,0.2525090981938774,-1.7692828189298058,1.0406666425337376,0.9242095375186667
79b8f959e61e758a830fc930be53e9f4db333360e3bba6a710616bf17f26b4f7,1,1.9848883522568017,0.8823676113158252,-0.0032403701391172657,1.6530795812656136,1.3281545655058602,1.0309422647755793,0.8711973187615873,-0.27545892301867514,1.6108342555359247,-0.45675269980423905,0.3798860226134555,2.0964285979829067,-0.5349275228464377,0.33299867264156874,-0.5971954926820591,0.08648080489655452,-0.3887061086364795,-1.518206944531557,-1.3745045637153745,0.18477041779828363,0.5035329011776507,-0.046210230475424274,0.5755127432167304,1.4709614417166659,1.0644781586722514,1.3567427326666672,-1.8476566625350348,2.3482906215377324,1.0052398985062592,1.4490860435287858,-1.7016303513128983,1.2090236412415032,1.6679428484092695,2.470037858384053,1.77573854182155,-0.6609811464788332,0.5089787835320233,0.47185758636536,-1.3088360594881023,-1.0342907446425778,0.510634967821369,-0.29241413335466704,0.29152767715218786,-0.619158516945808,-0.4650620815328859,0.7553097853724996,-1.8168837718964472,0.9488200396427628,0.5665314088772665,0.8407595727141084,-0.1309479923925102,3.359583702932392,-0.3580073099963308,0.4100103876450357,-1.318294902817896,0.877864849437175,0.9016767803305974,1.3387683079468866,-1.7565976349280736,1.5251426320188592,-0.24643771482275995,2.1571027589218614,1.6073383674708148,1.6180630722994838
16a0ea0910b90dd1eb76ff05d1e6851d21105de821f2246b64a5d8733cc4b81e,1,0.09880484966937608,1.86887584233912,0.010678855519741681,-0.0003867761665747871,-0.5421355852826988,0.6980656262796484,-1.5547163537298827,-0.1959567794659558,0.35649651183911846,1.6402552940422126,-1.4791016322161799,0.22820911213153006,0.1522000922948433,0.028588840910369395,1.207037420876314,1.3467240540809282,1.0556243172652138,-3.197121410729252,-0.5344746581794473,-1.2010275106696922,-0.38256450977884443,0.84935644940988,0.18349057032019078,0.09454366056835053,0.4149776369368647,0.9089457630262707,-0.48716116660251496,-1.8564337940342739,2.346638843173179,-0.031052858649296022,2.101561338392492,-0.1565073348137883,0.3802572445183179,0.7848635807373432,0.3881793319751219,0.5866417412524848,1.4943346593134659,-0.024518370766190234,2.0607218175377806,-0.8229606589941061,-0.3551166628817496,2.862732982796325,0.10054500180748535,1.754960193275891,-1.7960336588917056,1.5669930554739815,2.928032936333926,-0.9992615380193337,-0.2854563687699998,-0.7477093508881233,0.004219694700505094,0.9882821769992742,1.9253201603404444,-0.13840038460642753,2.466499373389474,0.9786300645444193,-0.20619269597427392,0.022542699891898443,2.3563743505993755,-0.6180457107830959,1.2927975412479018,-0.1452619812922293,0.5416027926882893,0.9746590542143937
3a748ea392a6dc4bcc11763535138597d92da2d60b908afa6df44a890665161d,1,0.21951161800639535,-1.7990869191361971,0.2745378149460257,0.09409589634240369,0.11571893400539873,2.1166449594806913,0.45037344757998454,0.010548176298214557,-0.5407648565037162,1.0577079682199895,1.1143665925553488,0.8394245446001627,0.11954269102024428,1.6032801521662465,1.5445804369343696,0.8246042656783006,-0.44265480859754835,0.6396527863439336,-0.14891665333013487,1.1553566867566518,1.210784246189949,1.639103812105192,-0.9831668228397019,0.9423211211318081,0.21371620454559526,0.8341763625586358,-0.5905176424083448,-1.3808097572531983,1.2629410679027273,2.2436801821540704,-0.020240184005332645,1.3832594208150126,0.5047950491494251,1.3091440300936381,0.4230520665273365,-0.6702298450169158,0.7303489567596879,1.56314060377973,-0.4362002148900384,-0.5314167055788106,2.506560846464148,0.9057372221239278,-1.1525662484001016,0.27755169611743635,1.7869605807232911,1.5892620854239166,1.1255027165435334,0.27754768099672267,0.7078292682804094,0.2179474808132098,0.33527920288146784,0.3851784471021603,1.4200926052593679,-0.8715108383708682,3.5825402854644057,-1.4029890932420963,0.34659097824523033,-0.9591356976279559,-0.17724802411380025,0.43113219715896883,-0.562739185978246,0.004248508700610831,1.1780081873099428,1.1066862195695777
fdca82c96af8eee9feb3414eae2321ff2d1e6e6d26a2de6a99953befc3079a46,1,-0.09440189462231985,-0.8112389043123731,2.629990466801231,-0.3875734683469055,-0.43273453605891776,-0.28144074009396514,1.075047977939912,-0.3994520520190277,0.8970842678194944,-0.9425902120387546,-0.5021550218132539,0.849819176718716,-2.210513207078603,-0.8144426397467841,0.6019355076004851,-1.9525092263633357,0.3315150844724577,-0.47346448308800354,-1.4777676960111537,-1.2410474865335013,-0.45839685388788687,-0.9892350173781902,0.806059801784527,-0.4502485674405663,-0.960903458479041,0.6514932761798908,-0.5674889599329007,0.12308921012560355,0.45042695568622326,0.8125664042349141,-0.7125150194655071,-1.022693702478258,0.7072479144287297,-0.9387023754681452,-1.1670139753790838,-1.741169987206368,0.5677883345722784,-0.6278163743757484,-0.2553378941564922,0.012758426214422774,0.4786535760530537,-2.4307437835119243,0.8985656757621927,-0.9648529035500408,1.2771719158780404,-0.5537327521569254,-0.7927605650402683,1.1478472110602536,-1.2729417163802554,1.0693174666440575,-1.6938002666533405,-1.3164813723297333,1.3433164012134982,0.3868303006628634,1.0182295453434496,1.6423673908664569,-0.08297387063412437,1.4433049170930659,-0.13650428475492515,0.5639936413944903,1.954927667477302,0.26054358456418397,0.5905689336608537,0.08524595798942591
782538630a2b980bcdac841b3282490e68dc9723809f4c555d5c29a0f0da30ca,1,1.9716622742621364,1.837069285721384,0.8647472527801802,0.5501588879178984,1.1878417028892518,1.6520073593439812,-0.3376005166197058,1.1091000265714572,-1.006990519153353,-0.007883958903739552,-0.4710899521095174,1.0316966844052768,2.5913700335689125,0.5024322208111567,0.6375656460120507,-0.042531836220053465,0.5784873084540262,-0.7980519584125892,-0.26935123010411033,0.5027810419288709,0.24282880550646452,-0.6057079173463333,1.217761151503889,0.004743479311333676,1.3924238607691541,-0.8855237321443408,2.1237431251389625,-0.10884855566777518,0.597965579758148,1.9487480494358353,1.087854865840681,0.7122905521111615,2.6325672469056065,0.002532698420410595,-1.592519522188237,1.1549142503927914,-0.3390268350552854,-0.028020129443106057,-0.20257477795040701,2.192302887152024,0.4955469475663816,0.5255610870845432,-0.7966646609973633,2.099125342831199,2.0225986502448157,2.184643880179038,1.3671614835908805,-0.7791628140666281,-1.4396293505901945,-1.4233727001788459,2.2370675107463733,1.2425145036962373,0.39907302224102126,0.6509622784126985,-0.9235147947784617,0.3305598000026051,1.4824481338605873,0.22957823210790188,-0.6270233385297597,0.5433681679773219,0.6819423531736144,1.5490113717024583,0.6329707863008122,1.9086738534025234
d39eca93093beb05cf8f78f90594b9e85eb4fec93ad63dfa35cf3b857fa65d02,1,0.13314079851359317,-0.17308496857237554,-1.0780044540777407,-0.918426729931227,0.6873328454989617,0.9339501924740288,0.2500041630844337,2.3258317833639524,1.0227298422152418,0.14341180909990803,0.04481501406977678,1.5062942021125016,-1.0363602011895543,-0.16065676766554315,0.5532807516898441,1.9116010446734075,-3.148633454415052,0.8711283457818416,0.8302342725803065,1.0938194401313548,0.4619703022656688,-0.9777696983044368,-0.45212760988698103,0.7666480171270431,1.0185413596331552,0.43993199058103505,0.4683622750080703,-1.1002923148564892,-1.1661802611877514,-1.812204482408886,-0.677008256465736,0.21324294567807528,-0.7285572392310604,-0.011838577101901594,-0.3429305727504568,1.6263545635348753,1.0206870578398153,1.4553736854907893,0.6147773794180396,-0.41088153261550503,-0.7478234586457002,-0.1819323557963467,-0.19074478637656533,0.39653489635390643,-0.5667610680747281,-0.5769361526052526,1.4098504515442147,-1.129893097734693,-0.07173095693693193,-0.2560137852899573,-0.9791130940661115,-0.48191950920681415,0.054148599200446484,1.2122900978423765,0.5887505617738583,0.5986886367135758,0.931551947874241,0.6962842419404698,-0.7089525873435303,0.5946270551980015,-0.9419901797163763,0.7122715380048338,-0.31240401216559427,1.021086772956249
56ac25423cfdb1116b4772fadd158fb4079efb8347f68d356020ac1a63a6d9c1,1,0.9317006934925581,0.22650811244007024,-0.25414622105219076,-0.32696542856035427,0.4236006909023962,-0.38312452851920803,0.43750126077858076,-1.1249861405991557,-0.6875092057104474,1.609808369083397,0.6516750015682281,-0.10300205610277957,0.8025560337791369,0.4749451281519047,2.1575492514015493,-0.4888271390137404,0.3334058390904645,1.1027361162828047,-0.4584142499964352,1.3656987378185534,-0.8614479689549772,0.2555486536820003,0.7777077272538304,-0.9038600095649238,-0.3300794050387843,0.07363424926794246,-0.6711479642247734,-0.48731729000482443,0.9386421605692442,0.9649219849311231,1.1617507153613644,-1.2617548087927588,-0.4695375670940598,0.12208692448801717,0.07820804396447911,-0.11880903926955877,0.6239498956757316,0.02650536096488601,0.04283790139095571,-0.7488358860264696,0.39663748109119323,0.10553031975115229,-1.5225215832838415,0.5060077198659304,-1.7912332951360406,-0.9290328908964631,0.7479555970119642,-0.8497794979505511,-0.3935209908473991,-1.3138792656276066,0.07335491903365443,1.6933158179880636,0.44531206569098997,1.0957506898884304,0.8265491107351368,0.25880685448989027,1.1294080296711915,-0.29363115405315204,0.1319047119216557,-1.1348991785739304,1.0397352441938768,0.7308846835838787,-1.4347229752817405,0.7169945940100826
ae0cb143d35ff0ed2d28bc073546cba64d868717b693ad0b8f30d93bfb9f691c,1,0.5684295463146687,0.25204093759207347,2.0177844328306245,1.635493516395907,2.072716876896022,1.585555072349257,-0.9339884976941055,-0.04097284254133521,-1.2041030052340902,0.048409662724381575,1.0997075284062567,-0.5727330331871833,2.655813010473419,0.5712508309792869,0.015573799563136648,-0.0157265695133042,-0.06511612072144249,-0.7600008694664253,-0.22134174821471408,1.6311186419849972,0.23177613041381517,-0.819211499211616,0.4868260819353541,1.1082414263537375,2.2176335983547038,0.9415260154068361,1.0743487275836245,-0.0054570473687567955,0.25707920112363086,0.15695866903708725,0.17642315405616066,-0.054379668552384186,0.265530188951365,0.5699261267234816,-1.4752354077543535,0.6529097057462244,-0.013153336695892914,0.4167382160381815,-0.4879256619235886,0.20011157722468764,0.8857541641317924,-0.8366832360467145,-1.4337730880382307,-0.46540701606221807,0.17429930627190718,2.023541354221074,0.21267416764653058,1.7695536745108607,-0.14198920184326425,0.09528032399017697,0.32108860038746345,1.116886226342074,-0.6210262810486127,1.5484562822412826,-0.9002778206897545,1.7178747337537255,-1.02822909548121,3.129065775701413,-0.20978432599601937,0.0029374085048076704,0.5503505310577551,0.4416602978512873,0.23989102263925755,1.6558866562263823
c48deb66da2a1c866b68b0aca9ef5f9d1ec05cb4992705dfb9466417ac1ea438,1,-0.9132269997819218,1.7007631219207617,-0.355068445111519,-0.20960190573308268,0.6979368728157302,2.3718197483581562,0.6419805421825131,0.9031082642958046,0.00409586314950916,1.040114833541389,0.24857672810639234,-1.9131248745559382,1.5749151711221343,0.8913496869960715,-0.44693639224108755,-0.5099891209107255,-1.4916692052973184,-0.5724461253158365,-0.6300440087155939,1.4744137280327365,-0.5281975409017625,2.680121814134538,1.4772972904547086,0.5239769619731051,1.2778008199656428,1.8690448644733135,0.2799457008741516,-0.2689509130237938,2.6319478550816586,-0.9365417838524226,2.4896624142620674,-0.28174740014552163,1.3652763587397003,0.7207682955146657,0.9912803311732683,0.5346087392524794,-0.0026671351480861243,0.7712784563353536,0.3387926711333324,2.0554218692150963,-2.0568879322836446,0.8095521817566392,2.404693566709345,1.1792987319383137,-0.49966167467281486,-0.4026457994134157,-1.9101070418446793,-0.26263375955283974,-1.2546857962269504,0.4159619003623247,1.6598311376556125,0.7406468084971034,0.8941661457059636,-0.7759947278782021,0.17336360580815996,1.5021897005074478,0.3662863796985755,-1.6602395301409674,-0.4300581404639569,-1.44335358444768,1.114616562924761,-1.4234168864461345,-0.40473643866485476,-0.009074546745652001
8240aec343b44a44ddcd1c2b2476c80a07ebad64f95f59a3fac27aca58661160,1,2.2361993289247204,-0.5330286701306644,1.636962953937342,2.279431475175216,1.532392094472037,2.0771073232726014,0.7392918388249196,0.44805848032370693,-0.49583166394773137,0.021410541608513523,1.9673685573700628,0.40253428964753757,0.6581617860600859,0.726519537366116,-0.28506539112791507,-1.1871195901976888,0.23523207142823183,0.2620566934235833,-0.17132441132719634,0.5917004285340005,-0.29111428414675583,1.5523463560362163,2.255727016649829,2.1750711539802348,1.3064748642085116,0.5473837127536907,0.13420432115306624,-0.004784445500440188,0.7607750735311167,-0.3047503704091154,0.19762640806763554,1.6092124125557747,0.3876420608265749,2.0571033856679914,0.3507351146110633,0.3121485271630604,0.8033112722921376,1.3800496753881233,-0.17504556444146518,0.3468774614258625,-0.5575999600889328,0.718011672479338,0.18440504201824542,1.4661527253957756,-1.4455656506286392,1.3734390901023457,1.1382415736082974,0.7841186157546752,0.45512625587379985,2.2284981480783586,-0.9612305278847966,2.4947005969116787,-0.1268773616899399,1.0578943325423633,0.6680076464162576,-1.8445625861768529,-0.9063779968399062,0.6868018463092708,0.021143367281292624,0.6486997286178979,0.2875639225680875,-1.8655263363238297,2.0438120163985745,0.562930389590246
932dbbcf4c965c27d49178d63338370bed4782aca2c9f35520a8e2739254505f,1,-0.5013196987273524,2.5006477632259583,2.450954680470292,-1.2631685300500926,0.9242695244538641,-0.46327239287707744,0.3076225145121543,1.1918132007258282,0.5222141675237898,0.6864682404012351,-0.11136421030132793,-0.32052674493260147,0.567444384672826,2.1848582276553996,2.0916645198152723,0.6710759002507042,-1.4637478540797586,3.534243398262113,-0.5891315322188502,1.0369157379101106,0.7183145163402187,0.32515571917247754,1.575125879882858,0.2603932334114058,0.05018713215161963,-0.3690977589612374,0.16613765625351487,-1.1217977503558256,1.7930813989865326,0.04156317635397894,-0.24336689595318836,1.8656352809104395,-0.7532119650288089,-0.17017279184880907,-0.14704264998976568,-0.06344410092047092,-0.9073139363363034,2.286920052283261,1.6152507376591707,1.7400696505216482,-0.5526733392361673,0.8907157081417958,2.3367339916627374,0.824181520032004,-2.219825897144113,-2.3500666013249614,1.2036178604370915,0.0397591632178349,-0.5905690351906034,-0.3399296080590743,1.8233195792277515,-0.9817295517306428,1.3658252563894806,1.04788205810828,1.246060613114805,0.2028463332778756,0.06064142878456394,0.860580329181547,-0.4364441026455812,-0.6625064329848325,1.196447021392057,-1.0583290452909917,-0.262830097546327,0.2009542273402057
991016fc240a051593c50817be27d0cb6628b8efa2c9750d0336522b6434b736,1,0.7410273805152766,-1.0413666099133896,1.1369757147595092,-0.12685756810473214,1.563263097200915,0.0990060366388274,0.11122101705535326,0.11962970896113805,-1.3000995930502783,2.02328872795454,-0.40141992972635177,1.7299100067763202,0.4587695851744118,1.5165778857071617,0.8465014499068584,-0.8114673011195209,1.2761903497929303,-0.38487239755051283,1.673038725938454,0.8367013374007053,1.1461027324606998,0.4527553081145026,1.092395872680016,1.075664893472564,-0.3125033116440442,-0.2324505358124903,-0.458658839233799,1.0311178041141904,2.8618688330399005,0.5128574162276347,0.10656847335741282,1.43760966556589,0.5219309819493088,-0.9676399666392069,-0.7821951345744007,1.08228946099501,-0.15237112397878938,-0.130864546550002,1.1573600826405788,-0.8761319217656782,0.047879143130073576,0.5320091484935292,0.003239866786109158,1.1510674544729727,0.09375466001911958,0.7096257359541643,-0.12821793166147044,0.5021051542737878,0.3514535798162655,-0.37846857092107794,0.5748337037148967,0.835044802201238,-2.2781354779505643,-0.7565414871071796,0.5635859968005579,1.413590089367824,0.4724494579067048,0.3178959180462152,-0.2885196887580055,0.07050285863035646,0.2351980899669176,1.4669716664751071,2.4348329895333327,0.2485965887782416
3e7ea5c39fb573df813b3d7db10d840647cfede8cb6df14390d574e90d25d982,1,-0.670716760001602,-1.161193638551109,-0.43403075046873085,0.36173069551464304,-0.38195875431143744,-0.8440952963264987,0.2668212064355592,-0.23071755872966096,0.5438529365327023,1.293594825920629,1.5162463168661886,-1.2104359985799484,-1.5968026445771628,-0.4049334650153644,1.1613809436712221,-0.6866787990911261,-0.8097248448840084,0.710430581608208,1.8294925268506947,1.430040943989968,-1.0232826024800414,-0.22913278335167142,1.0627426146867378,1.2543360454706605,1.7054065803946101,0.07023022008440855,0.5891340650486917,0.4265054411127542,-0.015160959089406956,0.024477760137410876,0.9026657454415945,0.33354687602676236,1.2990128834192356,-0.3647283289908958,-0.86431289912861,-1.0027238540359706,1.4663670276728933,-0.515984032139268,0.16992314214110665,-0.10815218475466237,-0.40460354218570443,0.012734689123212961,0.9145325880453485,0.14527236346012462,1.5285353957182948,0.3520792596069062,-0.5188738992698446,-0.33972696356826765,0.023467534712823812,0.7308838232358774,2.3261631475378577,0.4385381561945876,-0.2588946097449824,-0.6990217392550837,-0.6750878479900078,0.9119505859060408,-0.710989335451865,1.8455243407439894,-0.7259265302374047,0.7903292492564904,-0.5763587043442644,-0.21053323175165226,-0.7435725161651545,2.319033551002671
e9e45c548e3203e45ef89e1fc6f88c81507fa31cb71cecc413f39f9ec7168482,1,-1.0387140540856925,0.004689530841501213,-0.18474408731024816,1.0664161642866163,-1.2566108940634892,-1.226990840138566,0.659154285663442,-0.5390744189113215,-1.4670565964147992,2.622199843351137,0.28919934198695674,0.8013265241374166,-0.32688456566004603,-0.25154192867364156,1.0826962586163642,0.6578439797658274,0.13453170046821383,0.5197766285826788,1.2228112890264191,0.9039766344055064,-0.513925164897679,1.2218886762034522,-0.6417153944679453,-0.9075187155716957,1.8135788177750858,0.780378531762369,2.2337330607832495,1.916837963549271,0.4189704772761866,1.1097180239909203,0.7349243221926004,1.1980477653508115,-1.1941266281547886,0.5411603848360069,-0.2836036722132941,-0.8259348084438192,1.6003782075065387,-0.8401565682089507,-0.051906002239870186,1.5545329307417828,0.9131321313431069,-0.5937403756235656,-0.11528167634302217,0.4077719667683573,0.914294959093934,0.9909176743039214,-0.6451473395333558,0.944078294493694,0.1720758767148466,0.7642120416699038,0.711951140122807,1.4032968736791693,-0.6405002155167716,-1.011136049187822,0.1194612205425166,0.8021417050520048,1.7717461903502134,1.2189627335759496,1.2338325859690817,-0.3433491814292825,2.4674487856492924,1.2168378244561504,0.16527861596924892,-0.0886207732990042
d20e704165d278ec151a090819d815ef9f2ff3b65e4f9c648be786189d78f055,1,-1.3502497653953092,-0.07824893796750287,0.9742985037909937,0.4420220004692055,0.850144717723924,-0.5608520646927646,1.0118186479050069,-0.5685844803284841,-0.18269675877362468,2.2912227890220414,-0.05356703148539066,0.9171960458043245,1.1185825886561185,2.2127963028454687,-0.3181767053249673,-1.274892410364337,-0.022051982238069368,-0.7712628142458846,0.4057071874044775,0.1972237185820004,0.37324054752925134,-1.5780082047652149,-0.6434431752568419,-0.8411770955471365,-1.040384677213733,-0.0015811715004105387,0.41425038560520044,2.366125443890053,0.4053156266913147,0.3207227315271549,0.6720708251090802,1.2693140812645214,1.0049314195185952,0.8443722716556787,0.22382469678477232,0.8203033748562891,-0.37326237474542523,-1.4037557193810457,0.14219133990199218,0.01348268759289828,1.0196352097204464,1.1933250409340683,-1.2869006893986994,0.04369059795215635,-0.21079515002506044,-0.3402298791803493,-0.9961044380991616,1.322680228020399,1.47195923534505,0.29828172687049453,0.4958229899463225,-2.6804933974313983,-1.3834584548820075,0.9290568531681535,1.2719787278639179,1.7104487418519372,0.2057975872745962,-0.3286895302534274,-0.6585368792621368,0.7313102203378496,0.623246415376626,1.8208114129947002,-0.5724171494485483,0.26430165078474444
9b48c5e1701ca74fa85417ca83e25d10305c8daee1d91087f7b70459bae08433,1,-0.0009031734397566479,0.005946028271995918,0.4178594426661647,0.46239226871490785,-1.2572895478325383,2.6626478509903344,-0.03385273167789771,0.8685957913596636,-1.538793109635423,-0.1968292154054514,1.2688820124805058,1.5677086656344486,-0.057566625243043734,1.1017541789475267,-0.6242113985891606,-0.7072199812662098,0.5886884948767585,0.6791171066661199,1.5387471474387833,0.19388645032395857,0.28766051060742337,1.3222030040331565,-0.3707414668887754,1.4656649479544257,0.005435422042288529,0.8615893109018692,0.7708725962804163,-0.06660597808571683,-0.12540638730554926,0.33609728858197496,0.5235634486417227,-0.021109183856587888,0.33227704339941044,-0.3005927382531951,1.2323445718194632,-0.5216474765312824,0.20190015342185774,0.9421238839831249,0.5057282375244796,0.784374063887288,-0.5938837682547711,1.6949770825706314,-0.5910272827331369,0.759922178843544,0.3572433838469844,-0.4629317039622184,0.14518769632909467,0.24207408103549052,0.6292009561244526,-2.640375425759163,0.37988163954364434,0.13751218916533448,-0.11147716813981895,0.8953735792114963,-0.015370879774852561,1.0828069217067524,0.8817916952342254,-1.1930240332455686,-0.8630190879719262,1.6455008708291836,1.886246435216834,1.4923798926312357,-0.9232517513121363,-1.2460334858919293
61a5d89cb79a97aa21fd5dafc4662120a15b3dc9dab3206d07a6bbb76078a2e3,1,0.1364712243386706,-0.31821731082202176,0.47104270037460266,0.7811279618584004,-0.6006983467304827,2.3555203265724396,-1.3771171858130546,-0.11033857208789959,-2.443719179347902,-0.7212193016792734,-1.0796697781544426,1.0413984972279626,-0.5394963999930225,-0.3661309801116568,0.2818140571965285,-0.041493930387790035,-2.2347827495295856,-0.6338457809515133,-0.41376474396880825,-1.8640698190972382,1.3647505517133762,0.24496551155942212,0.4001696432675908,0.1070930082476258,2.628884382412402,-1.3283543773290145,-0.805813483923964,1.3258476553718095,-0.6874423736948089,-0.27413085568050577,-0.10653036457986487,-0.9531467126720521,1.1597081620401593,-0.572046757006053,0.8827581910606452,-0.6356095034822246,-0.692708835725762,-0.7548753760539275,0.13354398211661872,-1.2235445711282884,0.7054835856551617,-1.5465913648494385,0.8506969338661069,-1.3682489289189776,0.45190713045968856,-0.6922399244492509,-0.05255894276585571,0.4632108270135607,-0.22483253923462476,0.8789151833125778,1.0036494289139708,0.38480468098062504,1.4646488852968194,-0.801711107859865,0.41761441446961417,1.574168816746289,-1.5430463030808406,0.01654069770986269,-0.2870653685506944,0.294310304527713,0.6645958438379566,-2.056864453497159,0.6508755543584481,-0.19809317644332455
e0220d07a97da0495ea5bacb2a9040bec9fee48944bb7a40f3f69460ab1005c8,1,0.46175556493672887,0.480810494883101,-0.8539715799092003,0.22487632241544325,1.8933547741150836,-0.1360440389580545,-0.9124477766063961,-0.1294081377495089,0.07101861247292664,-0.6806475449534671,-0.4520533419175672,0.728502465178687,-0.1561266686690396,0.8604435194378479,-0.15825164999957403,0.4423218944729236,0.705061022831575,0.007883821720697543,-0.40971902093227947,0.6042349550024857,1.3538822421649477,0.5945489038833636,-0.22990402438075724,1.8395403854299517,1.3350094895311082,-0.8612069568471862,0.6999459425461133,-0.2716346620702434,0.6479702450453828,-0.5202471889637497,0.11572598937206291,0.7778441771225427,0.7052603504010653,0.342859176545365,-0.649009658896644,1.4545865170670231,-0.8589797797169964,0.8260277369674216,0.22822563468793483,0.4178107018357057,1.6445517423947058,1.390829891851732,0.711207320065909,0.012104481478287576,-1.4348937348753292,-1.5106541876277757,-1.215247375483939,-0.08194357125099949,1.975816763905563,-0.36414390358757615,-0.9933112318559005,-0.05459519350653619,0.06688038439621732,-0.6818757382521587,-0.8809765472502504,0.8197357467909872,-0.23835310748310068,0.2949916375876827,-0.022544856563235294,0.1535719685294351,0.3838392504839431,0.22671809912745272,1.4067036356407083,-1.2506964642672842
dfded1407ed5ff5f7626a04e761131089fed9680348725a173f3c91e7b3aadb4,1,0.4552497779404654,-0.1845248046229111,-0.9834927377306649,-0.33261886576381716,-0.5043389121559021,1.124257073125675,-0.5591341153535976,0.8843545387955326,-0.24363499399493188,-0.47479866749719224,0.5625965595551263,1.5641263416803297,-0.7240389105833058,-0.25695078967044627,0.0032534224058002326,0.6288904261476967,-0.13186564357176658,-0.48931109094163217,-0.2620681426887075,0.41079250201493706,1.036968055224028,0.09897163424446945,0.9933078506090889,-0.18762921830771728,-0.8993225811881107,-0.4375529061560941,1.5423821048703008,0.5459504746716801,2.4124974223744835,0.3209872063403376,1.9007850912687696,1.115563203822013,0.2963723633817225,1.5644832383331804,0.2493464631146901,0.13621720738654503,1.4117063166603265,-1.466098527831883,-1.1327146581019014,1.1671195210878176,0.056074168241511596,0.22977098813800695,-1.6593763022074386,-1.0111879176360907,0.5909621870822943,0.4756009908899158,-0.0003290183669000246,-0.6858527109325434,0.2988244055447129,0.09155821866942519,-1.4594713825363301,3.250089807682765,1.8272203211998708,1.3568640744654765,0.10373138009347321,0.34800331803105156,1.4706211886856264,3.9114688525761068,3.0230374394431516,-1.1240698661695996,0.38820912633112054,1.9888665268932233,-0.48371827106539433,0.6422771507071081
7868d1b9ea96f0d78b1f9745d68a73878f7973eb356e8f82cc280566aa26d7db,1,0.3151790041131899,0.8090880007940671,1.6950924355303478,-0.08809197174549671,1.1386847964978521,1.0375312659304248,0.3395664788008322,0.12579024268891448,-0.14110988977977995,-0.601578780982208,1.3798359300316538,1.2271571081065547,1.3346103721146825,1.9970030685808395,1.0339677091197383,0.021831141306685287,-1.2069801283962511,0.1941197701779413,1.1183632651483921,-1.0178510564270427,0.8010679670933822,0.04109284891750231,-0.5205721537646952,1.546013831090882,-1.5239001328693942,0.9899051101772242,0.34301384450117517,1.796993464203657,0.9601885157873709,0.8557729421839042,2.74780296663456,-0.9900192832644948,-0.8350457543425605,0.2888328527824238,0.6136283447274572,-3.0383123317638128,-0.22060257852022036,-0.81430193108941,1.0555241421141703,-0.7184176374382643,1.0340231342188753,2.445582368595251,1.2886964368282707,-0.42762769717567106,0.0993360122312611,0.945451543095516,1.3651045559190336,0.7928629369792564,1.8999892050394762,0.9740881574102724,-1.0898258193961126,0.16486968169472394,0.44546719295683257,0.612698820834359,1.5317064513483758,-1.42203608726061,-1.6896249543897768,0.08924194015710729,2.7491598724806385,-1.7836580420183132,0.6945065882778896,-0.49244165592701683,0.9341507680455338,2.9067411293707113
de91c2723610692bd0f4e5b615f67b734a3a1a42f1729cc7a18417abad852a98,1,0.012633264084413426,0.6387779253413701,0.8459836372383545,-0.39107264831066413,-1.0661746465761988,0.9219695658399786,-1.1019324476313623,1.2851478683023754,-1.4526583081115139,-0.38277189783177923,0.6816758905602046,0.05849519142349144,-1.6614438268256697,0.4636540399937893,-1.4664600800997933,0.013062382165427155,-0.3726790085868519,0.742140119288533,-0.31027861283324465,2.1615270311336388,-1.3691137821325676,1.9568609919357298,1.5664843474419414,0.5244359584291036,-0.08256772716788402,-0.30945088538428345,-0.7090489469387384,0.6453008456066617,1.0433638560082645,0.8870250492379935,0.5365542933121169,-0.19667216531699988,-1.5429712200703916,-0.8048583147681658,0.18670023638248498,2.0220325479554164,0.6699661958568627,0.3061975874246735,-1.1556554538311905,1.0180133126121118,1.6227351690505587,0.91243606451537,0.002392402436799612,0.1029089998321624,0.6835142383348176,-1.5091679967349436,0.45393864345633134,0.3509669811120143,-3.328401380758308,-1.388546539909413,-0.8441555383300294,0.5049818363644106,0.06868310056334898,-0.0065248979520992345,0.47674451710652554,-0.4715273233845447,-1.1658135566694152,-0.7961088473458153,-0.2645848956354866,-0.1270397669965364,-1.1905936240959114,-0.09181633658905276,0.48244038963501956,0.327388990651742
7c0ccab90410644ae15fa42827dba262ac2706bd834e51f6f273ef1971916b3a,1,0.16885296056528432,0.7641867870105999,-0.04184009813678047,2.6467982199264046,0.012214323076783364,0.2988912703159824,0.40490089516496003,-0.4974084352770922,-0.2688407044430724,-0.13067704999485918,0.20807105769898632,0.9145892189423401,0.34289842096509593,0.037480108005140345,0.914210382496686,0.5762766926336533,0.3788074785733616,0.17346103566517457,0.8105429385680996,-1.1255778681128,0.47059041301469684,0.18595195584410695,0.267766720936221,2.664093227959634,1.7349666376151196,-0.061092231724709706,0.008926321395026526,0.13612220078025017,-2.1430994023284446,-1.7149032796677817,0.828353720660258,0.3613253206141844,0.3259214165873193,2.367833004891883,1.5895701109174953,1.7457436293929123,-2.2435381520740902,0.702757162313848,0.7152938862550473,2.2942520309257417,-0.6274378888279626,-0.4545059052829732,-0.8716846118687278,-0.6527392002118202,0.9880182681259846,1.0432675935395608,1.2612269119565374,-0.4477240807639529,-0.915092866049393,2.2790333781069827,-0.289980811335145,0.817397948464383,-0.9635701244296495,0.11174481955834858,-0.367887320120985,0.6212846748179474,0.6950540202865014,-1.651051824436589,1.8628654694453792,0.21388874558421228,0.917260518780917,2.3624579581780614,-0.11030922664602111,0.5419094064450993
f315dca0f7de73612c1b53e84bcfeda61a7061333ed933bd3ea6dad0b56cd8a6,1,-0.3333127758170752,0.9458820394179539,-2.215596258891077,-1.7769943244287207,0.5230816877217576,0.9124235541410965,0.08271211287447544,0.025625866868713598,2.2642264199748308,-0.7156535648440276,-0.655243315606426,-0.31666618794943774,0.6174016660235896,-0.5431680777313295,2.177988547803734,-0.02955082908739537,0.7310979303176139,0.7879678907513125,0.991298674917854,-0.20357931140880914,1.8837659759962615,-1.3127673022827362,1.8439574614161771,2.740983098863502,1.9452256137419397,2.4988508826023956,0.4727801994034656,0.3332113337852965,-0.24470962268177243,1.7171201512515548,-1.2913091765719131,1.0969855188072428,-0.2636563560849208,-0.03260057046685805,-0.42921646615300024,1.788136403393423,1.1577925536179865,-0.9817632144324917,-1.2942486121328285,1.7655687862256313,1.643254927724936,0.4741616939623768,-0.04073780689514367,0.5353447506659702,-0.8261816129369011,-0.7236596140067728,-0.18735150516157079,-1.2149443367315953,0.18816318926283399,1.1465855119983863,2.441578580521336,1.1147435286409493,1.0198636176000644,1.1610298083649924,1.9425893967327426,2.004261318660536,0.2246096294664352,-2.020709363940809,-0.5571849293428287,0.5283340558143519,1.220933744854234,0.27115839754246573,-0.06813466769090556,-0.32008756253051973
d21cce55ebe09a00d507f7d99033b7bca6c262f01fec2902f1c28a48d90caf74,1,1.875619568746166,0.32545551836498277,0.14537911984723156,-0.12032125742810112,0.9827312708284796,1.5274566339817472,0.003920740879951742,-0.6131427103918309,-1.4856355014241172,1.7395738689611886,0.19348936448476406,-2.0054711529048626,0.7817605509239928,-0.12875727472867904,1.0657835054471563,1.2425519469662563,1.0637696930500098,0.5973879628859821,-1.7090922690186983,0.07299380732122773,1.609052797127292,-0.48557429237863386,-1.6154321458756709,1.6866636315917118,-0.789156945297466,-0.23082663225236202,-0.1533660147988887,0.8605234938389664,-1.5156408605151055,-1.1401868418144439,-0.360703893653205,0.4868738233468051,0.2168003694359754,-1.1509265665446888,-1.3185314474103846,-0.5699147958530943,0.04050077083126907,0.5249180266355903,-0.3416469441535165,-0.2400215149797869,-0.28979762638000683,-1.2736957580942385,2.402112852581473,-1.1354137015582757,-0.46855676321069206,1.4808821890304187,0.379261948142551,0.4391170425044171,1.5814689751411266,-0.7779331520857502,-1.9860220145117824,0.01551164246151493,0.17670108874900714,1.268267937953222,3.2867511885057943,0.6650341673778036,-0.4663942083327185,0.6414157214298957,0.12986513563639923,0.7389487545066242,-0.0942810011424109,-0.7207218980280192,1.5522076242996672,1.0326453227085262
63cf9b7a2db7d89f0d8453addc96970382a91f6a796e386062976e9c845efdaf,1,-1.3086224655714158,1.8741044949007648,1.2977534428523594,-0.2989828576571002,2.7803222292757113,0.36584990452323096,1.1271117511971993,0.3787749093417904,2.0367665591818307,-0.16992681421124817,0.4008083312543338,0.9289588149567862,0.21777287009921836,-1.409098966582949,-0.5461459298799162,0.15699119918058807,1.815823205906275,1.7323621419567987,0.06470102318538795,1.2271632542144637,1.1101659968270385,0.8570819168571359,-0.11404753127475753,0.5839264231492687,0.376756635519481,2.217708158697521,0.3716799455400483,1.8915488981166437,0.6639257495485893,0.39984827502397613,0.39458676298817985,0.0655898960672322,0.4158117644779276,0.30846469125256715,1.2500064158356172,-2.0157319563260065,0.6037940301420904,0.9461230495686241,-0.5619260563917157,1.86637413058118,0.5527158976790066,-0.06615358662408599,-0.456780017232093,0.302764407502323,0.213364909912085,0.4743407792113963,2.415082639820999,-0.12966161987355992,1.0776565220485594,2.1318047902014507,-0.13920696386644182,-0.1577309919435289,1.0699908828787608,1.194759571351456,0.1966722505031444,0.3509097992398045,-1.9544249458861849,1.7951405780622232,1.6859352826231584,1.1087309031621262,0.07480715444004127,0.0841015159148073,-0.6555330810704861,1.7430751352689073
41fe533df4fa1b69525106d078607b97e52bdcb796567439238e06863e42bc86,1,-0.18367046804533846,-1.5945272064998885,0.7679498532145407,0.20320983182813773,1.0990614451862497,2.004119153134745,0.5191424330695767,0.7788181285490741,-1.3440867635988578,0.3068619441084066,-0.23432474763595523,0.5460908260828147,-1.2380679663472165,-0.07761526005569186,0.6644307968366638,0.37698517119802366,0.2797683743138719,1.3967383985135324,0.7592061798541097,-1.3426374449699332,0.25332499586459,1.1624277727900167,0.4601954105344205,1.764748670618343,1.6843423492285914,0.625709517713976,-0.3992807672598586,0.2674894393609021,1.709923934070667,0.7696825357971167,-0.16815197729361886,0.9349991241161043,-1.3473552495503425,1.1288501795916153,-0.028367147286420966,-0.1856994539196996,1.1370374266540795,1.1414878153685144,0.9821999988934474,-0.26201889014815016,0.11284501933282953,0.3968653214710119,0.8969133715535924,-0.763131377650774,0.7508975612652631,0.046722641808576326,-0.22876075448962835,1.9849074823488084,2.490846977205102,1.262923107607473,2.3839617718774866,-0.21205012404557622,0.18753074136973846,-0.4996513806022814,0.646132545662125,-0.018373437596915287,0.7871197729958999,1.2892815170190266,-0.805816007886827,-0.32956304551905247,1.1048126963503264,-0.5248725723110412,1.0930581342851236,-0.9509647276889679
188a46010a71aafa203f2638af480193ad68c8a16ecd1ddf675667434310d01e,1,0.39468747925581543,-1.11183806988715,-0.6018495512150752,-1.2815292356744197,-2.337884583271235,1.0323040859036208,1.949750027201569,-0.825018863794341,1.1134822230015262,1.5169143323047576,-0.5360535815598317,-1.0895160262187413,-1.677144280508376,0.6051061091504362,0.5642314968254848,1.3867189695994435,0.08631780331741828,-0.9088681154171954,-0.5474823422964372,-0.33159797999743396,0.8319444336044441,0.3717667812333073,-1.0599637714625545,1.491034468919747,-1.010733016739764,-0.7768763747016401,0.5150993430441129,3.4128242197146044,-1.5822849714511202,1.588828598574441,1.8234436443778708,1.2151210200591778,-0.07133090434198537,-0.2146642681382234,-0.45197331628710197,0.4223869238660788,0.06896778249827212,-1.5049757323565325,2.1384272065938923,-0.3619795996092904,-0.44534988859079705,1.5519306523426935,0.24109334215426537,0.12366725469360354,1.6745592605270598,-0.46479905089384244,0.6929933578777709,1.015904304186827,-0.8384586607200879,2.336381057750911,1.2182613678842469,0.9668678833047792,-2.112197322308373,0.8706240825452433,-0.7900288604500845,2.398008467548513,0.616695416616535,1.0601305715455134,1.223875255264541,1.4536156531083935,0.6807712954413316,1.852987094477093,0.37190862424113014,1.221027370488192
9c710adf7edf079cdf22fbb8b983f6283daddbc2db0fe1b36c632f9b6da9a4c9,1,1.883401721386628,-0.6973415160712476,0.9738699650578815,-0.2111329464627999,0.7872352519025199,-1.1443387137861172,-0.5300215661353112,-1.3308251100484243,0.43776564227540304,-0.5647918049598406,-1.9097011340846828,-0.6732161548177791,1.3014344300638327,0.298902017258455,0.8364037996271985,2.083287147148474,1.7635863388488473,2.3788902931481366,0.1414411226341966,1.176988747908442,0.6581540008846366,0.38853171697225675,2.435970366235286,1.0407177549081024,-0.6681502358057615,0.20177729193656174,1.8059944472338767,1.9354952072067593,2.624760773107205,0.4954190435688944,-0.7481453614277542,0.11416364177383831,-0.21532286573566684,-0.25368591126171625,-0.8335544103950243,0.29563051250218353,0.5353950182293159,0.3212786545195372,-1.018864392534297,-0.13645897523409528,0.2021583411729717,-0.8973046929406312,-0.1649461287527192,-0.23158876203344203,0.12383053212114986,-0.592033567065509,0.017114196783655722,0.6560920806096469,0.5276048473196875,1.5408235101748886,-0.8662399605908162,0.9584241562252606,0.08154078459469905,-0.5644817580706933,-0.26019590797854664,1.2918003521505734,-0.020569953646591643,-1.9891476079600077,2.349508887344411,0.8747625795781259,0.5815703504068299,-0.9362561832255376,0.7643442316540946,1.2441993644942957
1344231199058368ffb4afbdabd50c996899c550afe557e801ff000b7e81cc79,1,0.14388035205787236,1.448381835207341,0.012533990011002638,2.1458492870697152,0.006182209338085887,-0.7077856124345715,1.5333384529623435,0.9198471665371395,-0.05266033353218752,-0.7430709028741231,-0.5123823422132676,0.8641743074607094,-2.422849916954232,-1.5964831827753763,1.2225376621479191,-0.3690962381583971,1.0199063971095894,-0.36659194407797047,1.3502142834135162,0.22884316612587835,1.1310449756023662,-1.0643868193708979,-0.010898952849247301,0.12498742261027906,2.125604959634864,-2.096689416344135,1.1008466633015133,1.0514482460403927,-0.5843525377618478,2.513890890545844,-0.8822532162248717,0.8343650201764614,1.551915860912498,-2.0533817586922627,0.4250497088991302,1.4463686437498913,0.5510027887242436,-1.211346253921666,1.002323098038405,1.2214494554694477,2.4076748007055233,-0.5405952138800874,-1.28977483914802,0.6555347148273375,0.06694651268054636,1.9472558891238514,1.5401104612534646,0.42611614751340154,-0.7525494137336499,-0.7514303554945545,-0.7965012381536574,-0.7410240117244342,-0.790015616979411,0.27603567768382214,1.6443682895511667,0.9580452810992981,0.47795743739731245,2.313506110722722,-0.3349616767762219,0.51814341893976,2.8734755122114466,0.4070733552441469,1.1372222220857822,0.9746977363002824
3b408c59a3a5658f69474b4ffde0cd9cf043078d0f04fa45880e48049767d7f9,1,0.5372665808240868,0.4081455446267311,-0.15206205135716172,-0.3046271834952783,-0.6231565583549659,-0.7030230419854867,0.19297973214750597,2.720546721574742,0.27520553038309203,0.15718283737622213,1.2747340431576633,0.1343559611215468,-0.13896342632989567,0.024286028769978707,-0.3829285541825025,1.6953346335674189,0.1800429441592617,1.8619267446382737,2.3405800039890963,0.5488161405582128,-0.28362258540604335,1.0630222592446468,1.3013790432248338,-0.771314349209572,1.1776870399994996,0.01251372341833612,0.8868621391483495,0.189509292113909,0.5498655549121607,0.36797023961868075,-0.06264665025900205,1.4204297879276182,0.48206058385308226,0.500274561612593,0.45246182573400073,0.9412662102519352,0.34823746652314586,-0.3664846138957687,0.8316329334524166,0.9151496269076299,1.454221934165919,1.2523875087810707,1.6590869998688103,0.33229727783558943,1.830428843677784,0.11484274248809945,0.4509486070404213,1.185197077316166,-0.4129594468663477,0.7394144347019085,0.6125441366984653,-1.8294757471137175,-0.5525637618416551,0.8606590149172223,-0.9425787218954214,1.9941478054843227,-0.34760485863869683,-0.3565168202185862,-1.0926774122138756,-0.6871437671763321,1.5959381871123783,0.8092705043582422,-1.0650109732926123,0.31754869695677507
42634c95eaf4df6544f3119ba96efb9e65801d8d37bdc2e321b282d4d264861e,1,0.2806139104257702,-1.9552508759180225,-1.309076889061304,0.07364342272802671,-0.7282171307778623,-0.9813972323686475,0.5426342129580382,1.968466154257094,2.9704751868547783,1.6092522524056099,0.32544801399922024,1.006155048209124,0.9124256195076943,0.8878931081889287,0.4989300868754253,0.40267329773547905,1.0234083733574442,2.171482150242216,1.1353784740761919,-0.3458267848882214,1.1327052993043278,0.7573097696330398,2.260383278360375,-0.36442799290777206,-0.6982023584455227,1.446486797404446,-0.3450428140715775,1.2496207380386943,0.4211329658014461,1.344952196499387,-0.9541658288644725,0.12152359017756975,2.291414213497774,-0.21003678634675066,3.2989643478200867,0.38847933953145697,-1.5986279792925473,-2.139104108613668,0.6401664173435802,1.0244227728370472,1.932206039528105,-1.275120518040216,-0.33349644261099054,0.12623189782725303,-0.1129915009939684,0.6296024743650876,1.937706807859817,0.02809471958286046,0.5050175283865195,-1.0445861450738891,0.05013798322361934,1.374817523869745,-0.28993717427021215,-0.6367168758758539,0.4560927443460782,1.2415943484173897,1.822761904329508,-0.12853237213710428,-0.23057656103911903,0.8889357531485236,0.1875533500962016,-1.3485322528769028,1.5305750872975707,0.284964771309859
03b82ba84ff15b4469e270e8c7335d6a0f0c8a91b2b22a6a18993d8a24ca3701,1,-2.562734543133729,0.6841994482777926,2.2280043956273605,-1.219252854577,0.3379689815301407,-0.16219983016073836,-0.841820025874172,1.6159095071513945,2.387718636531137,0.6972370147152285,0.7339795519985632,0.37645921485545486,2.100839542077893,-0.09760206823869466,0.82284918236231,0.8186117534563018,0.5246890267999322,0.22722602982597873,-0.03567169452785579,0.5064232899684475,1.3155312719442156,0.7195676120063896,1.4824767728454362,0.30339430908228937,1.1751688334896986,2.2397716409383515,1.6538456957982013,1.859633599649805,2.508363692454703,-1.1099195352832525,0.45038111458323504,0.19712833857587128,0.5948083075525455,0.41728438737283924,2.1998126322141736,1.7343038093069063,-1.0154807723270183,-0.14237593236496285,1.37876618099895,0.10359443366471824,-0.6282006140915068,-0.5609488180584848,1.4321219065375363,0.17449939383443638,0.4797573206254876,0.08416060858987448,-0.34873782940691866,-1.2798523700241158,0.9822565310038243,-1.0905635118940624,1.4706669817166331,0.2754866405657207,-0.2695665665984351,0.809307413159226,2.5717521667200574,-0.7324116316091371,1.403799290534639,-1.2565527011983142,-1.4925936701410214,0.10024281032382681,0.4217565905023926,-0.08347607412008962,-0.5212221606983769,-0.1335314191031589
303f732947f1b3e417e8467259c3715adfbfb4f4646baab46627fb193a22da4b,0,0.47701491510816385,-3.1742778236609857,-1.2905874589789084,0.5042486023113877,0.46418799989868026,0.2964049626532668,-1.205232794071659,0.9289078267128748,-0.13026125829336765,-1.1795577875727854,-1.326253901067,0.37302526231700806,-0.5599975893636424,1.0379279586798262,-1.4737929729973926,-0.7759718101082871,0.5550689938670577,0.9412594957296303,-0.014959671447939304,-1.3984780847888425,1.1136605047606902,-0.7641094646870219,-1.5617189427422709,0.8613499993459316,-0.5551783469581111,-0.49582873190483123,-1.931494635989152,-1.5992171427351538,-1.5570957492473556,-1.8265771838366391,-0.5538873137505397,-0.00847568882702121,1.4807660411543186,-1.4577119081869305,-1.5550689854844935,1.214569386603777,-1.2821842577313363,-0.37481646152589354,-1.3397129593741188,-2.156435370046676,0.879218318888259,0.15751110783613326,-0.8246574748174016,-1.5733272726961078,-0.8906749574330949,-2.9063339308793923,-0.6385372793570697,1.4185125452835916,-0.5394515657632979,0.3057790218362764,-1.1465022461504408,-1.5084514268418767,1.2927825675450615,0.1441204274060932,-0.3111763135641159,-2.7597084535627827,-0.573342873370473,0.2195801937156569,0.9879147627007078,-1.4250160307196307,0.08567788316341933,-0.7467795806590538,1.3562600717770605,-0.4958558444840925
d8598a27ff52475d2a0cc58c7720a537bd19e67c8e9d651c6efe699c41dd0f6f,0,0.20558976761926503,-0.05043788407909733,-2.013335052249431,-1.075580222216111,-0.38832938905692166,-1.299857590537655,2.1689499233092966,-0.8943604296210869,-0.5705613824114956,1.5419512166604532,-1.540963344046544,0.666929398408058,0.9199142777875411,1.1019248108924928,-0.6934826170738968,-0.33567585407000955,1.5706294729029815,-0.3708466234493556,-1.5328867592787487,0.054505000715886626,-0.3014945685758238,-0.5307757751629966,0.69169458996824,0.9151236111103245,0.08193378834047466,0.09365243080437496,-0.4677806650555061,0.04995129171444149,-0.5936912472193546,0.34436690547588994,-0.4104340882640651,-1.1530996135965594,-1.3185162571280062,1.1702270284306076,-0.6867027987543479,0.9963781489673285,-1.3970364400745978,0.89785186406119,0.01037541833503175,-0.9417414977195193,-0.626313509748016,1.4586345613896365,-0.3208204072437586,0.6164996523176466,0.19371366874172888,0.9947874624180748,0.0626112760199935,-0.7743856903976469,-1.2175506876381583,0.6169100024853363,0.5928570009949933,1.7162124345616268,0.35638704312400143,-1.2822472693940203,0.40439704096782214,-1.2425481146093462,-0.8600045683345512,-0.7012881680843183,0.9192510089003882,-0.5438580888913424,-0.11959286917189446,2.0865863527241784,0.1075065851108315,-0.36023444929557524
4e8521e8adeb7005536797f0add3f5c7cb97f95fe805bcf2bd42470b4501c9ba,0,1.0981723143756694,0.236419932427176,0.8453885278682273,-1.148081564761445,-1.2133079588871443,0.4973003735385727,-0.865199272237706,-1.788727249294115,-1.2449105709332815,0.10520513218406125,0.6817715213465814,0.24532079226537892,0.21441341705257946,0.5402857034310051,-0.7611864187476538,0.498206766452856,-0.9098883472985071,-0.2699897585346638,-1.3912485828152121,-2.0078976306544885,-0.6793993442431312,-0.1776301371114941,-0.4309012653967885,0.7894402253655506,-0.07091066041559388,-0.6218248038878312,0.43238912414463015,-1.1383435938751048,0.22284721247331996,0.17780289916037062,-0.6527537312334986,-0.8442250779388132,-0.9742434876878374,-1.4425691944107721,-0.55156654710116,1.4681475605741388,-0.4728182671132243,-0.8243780005030182,0.08830460464419493,0.015372493353026762,-1.1499925986989756,-0.10805238750219665,0.27614395000564906,0.37815734646504306,0.6055936400477461,-0.00029313129554875417,-0.011516880792024842,-0.9503569195283206,-1.3598094905663627,0.2078490863183155,0.05702707979694857,0.39268269749377055,1.1437339823137553,0.6545359100628855,0.895746644350106,1.0121453791743933,-0.21162912356285318,-7.698886108775671e-05,-0.16953872544830006,0.0738659911520837,0.5629578599892473,-0.27408429364573034,0.44491653068100057,-0.6689590114995193
b341a7af49bc4e8fbfccd6023f98083bda14aac54171b18359b7806857b79f55,0,-0.5506009303025212,-1.5946107320961203,0.24559007199338162,-1.3019908738518127,0.2590738965385755,-1.4161528564002739,1.5442066397425738,-1.3925945671468263,-0.21990335232329922,-1.8668469212703815,-0.6082600731995256,-1.5182256981382274,-1.2205513221212176,-0.9911134771542659,-0.28151725891142587,-0.19013590453562934,-0.11743878851485867,-2.402362998993631,-2.7073324102828744,1.0985015236695657,0.024477261221923813,-0.7485775889660344,-0.6802028816418046,-0.2557546401831201,-0.8132678668362605,-0.3114170394559779,0.5611047273578997,1.1685236063917634,0.09040162719697831,-2.3751885428624586,1.1415946045895167,0.20708081405648432,0.08966137349266518,0.3988794268975999,-1.3059446236558983,0.5707741635473327,1.7017184475596856,0.7117620055352603,0.49589661218358466,0.33196799432150026,-1.3178772531610636,-0.6238608673978918,-1.6465166107199858,-0.18986957321311065,-0.4265319541252115,-0.0068287944662750455,-0.9548135857122473,0.18639035766407946,-1.2514025060406453,-0.16560660971225433,-1.3659219118280885,1.1482101465596843,1.1747509144145303,-0.29736871644233936,0.1929950223148399,-1.7712759791229349,-2.387729968474609,0.20073909425172967,-0.9018360715990712,0.429143105764299,-1.777055943181093,-0.1665771300449628,0.5759293409719396,-0.6867646420697062
042731dd9d47f5636a89ade94e13afca0a0ada58802a46f3c0f517272938334a,0,-0.8985775492162433,-0.4803324122453572,-0.24530327614045738,0.8670239506391578,-0.26984505779530976,-1.108677757068787,-0.0035835918506799125,-0.3530624295694993,-0.13170292275699125,-0.31172208241467464,0.11159798001367613,1.3555852062374047,0.28006203428670795,0.011361451332418282,-0.8455954744210336,1.003992592711755,2.3264854548667016,-0.3825120602985715,-0.8069371444341558,-1.6870771358363073,0.33671547767975163,0.6645467371963686,0.7585610977376739,0.6447453024541584,0.6544569937623691,0.2899064088945638,-0.6724823825277254,0.42165736567657586,-0.4755258245062508,1.5903584396596666,-1.3237692492998125,0.31110220458908294,0.6077257101754445,2.504996245152414,0.7148677005250579,1.0317648481510489,-1.3412878169542233,-0.3402285989990043,-0.46377567007066933,-0.7965053859490901,0.13185408847302216,0.394229242468364,-0.22450215603070217,0.8507461784613023,0.12265075997021709,1.454487902569551,0.1377888440437368,1.3949951091054937,0.15778403324898804,0.11038074306914908,-2.743068905541133,0.8874191114868633,-0.5074482302791683,-0.5492859238338212,-0.1951233438419513,1.010050669979402,1.9092467925781862,-0.21466208675372134,0.23032381140959846,-1.0777215404502622,-0.45986947595671984,1.0267148674309865,-2.2617863261645033,-1.5486142044907956
7ad261c293707541044c79505e74a3c7b82ec31f321d20f0fd892bf46c3935a6,0,0.3239542173110467,-0.5444759090758373,-0.8051135467898398,-0.7832288271520533,-1.5438125489000654,0.034593157397797336,-1.6453949483641286,-2.3344562950912993,-0.3807830114428348,-0.3167700090713619,1.067770761134489,-0.859175983728494,-0.3356847362141687,-0.2750202115300054,-0.2217589393950044,0.20591476984333357,-2.0562157507057663,0.8491853117915797,-0.6353623732226585,0.7370327230818354,1.920491140332431,-0.9683662713887942,0.0094299922683041,0.33133684390706497,-0.2348647556340172,-0.7172965904036039,-1.211947792767545,0.08614976697681985,-1.129982006486502,-0.6665688210138994,-0.7316603334228912,-0.10135865485129614,-2.259774953823899,-0.49893305356717965,-0.028317537622789213,-1.6094936163610516,0.4034044017606034,0.4078156980300004,-0.8198436248437733,-1.730918906836632,-0.6370096467361542,-2.042231123304832,-1.550365170155525,-1.6485464306336906,0.29161666046858736,-3.0667461601057804,-0.4458513222031856,-0.11802325945472636,0.5068046370042976,-0.8081080804417092,0.991335750358308,-2.3942357182479856,1.5549782822662164,-2.6510893874614125,1.684881791624303,-0.33442242508655806,-0.6176742118803269,-0.7871551825705052,1.299009882177411,0.1217592764352935,1.0790033818994342,1.212918928014861,-0.7783288285745247,-0.6508732061240727
71513a9e22dcbb66b093de6ccda9d13a02c5eb2176c91bea4f2d121a44a48910,0,0.6344171743282716,0.8562001843100551,0.09279759480926564,-2.6303922515428035,-1.7512815754992155,-1.0007248523644057,-0.0951264883773511,-0.28138438433131735,0.468850518576194,0.5638910630832483,1.5953209998319875,-0.8823737418366987,-0.8347338580457304,-0.2718725930502236,0.7031441537442291,0.9155720174789933,-1.8950601167474859,0.810285136870272,-0.5337866196876739,1.5031229614035364,-0.03487290256292075,-0.6966209072300082,-0.75890177295908,-0.286500633840657,0.4417296055121558,1.3738316683762293,-0.9260471369939417,0.18891259060503351,1.946455343003026,-0.2673317390333141,-0.5919586538334729,0.38082056558196953,-0.20736173457021695,2.812291423879561,-1.3295294575811163,-1.03162704716484,0.9541391152137171,-1.0968054925511082,0.21802180379991948,-0.033994751420534985,1.686020405892806,-0.8074853003577421,1.3980173971637353,-1.0906618789438187,-0.19896309298363096,-0.9850508323096854,0.5034494365300308,0.09149940383170475,1.711364437923098,0.7811716686620283,-1.149364421161519,-0.9425034805654017,0.5491786225616433,-0.957516618594103,0.1541582163818654,1.5814779453396453,-1.9118241800188116,0.4663979081540103,-1.3632500118163413,0.14641542334370464,0.062460557712361475,0.030810194366757998,-0.4423049867582077,0.709303437708484
c18b3dc24dff4f3279910fc73cac8eb35f04d0a48807d92186de4a37fcf5cec1,0,0.016998375276997324,-1.3528028571966701,-0.00184744625257105,0.9980966709466446,1.9395460817524393,0.02674061932330729,0.14623347865814507,0.6811466009009889,-0.9719915313166044,1.658751428989528,-0.20880794947637307,0.03167859197581907,-2.497206937306111,-0.5294874695242253,-1.2209618158874038,-1.6124130762492528,1.017416469103317,0.11921446784926229,0.24293595478790386,1.5616402566036234,-2.31379697489213,-1.9578786633785783,0.36266164178003557,-0.10624261056088946,-1.3685030889430834,0.4572076470996417,0.049979464606769275,0.7651959595239033,-0.31382008587250837,-1.7806475711852814,-1.7020313731900694,1.3136508773795388,0.1131872531350544,1.4228796420047036,-0.5399996885105665,0.5508729414633358,0.8371578205101255,-0.3640748821052845,0.0006921804197855541,-0.6870784357240777,-0.6986851611314535,-0.4827871230418719,0.19606190903134357,0.7490735336557803,-0.4033382351915835,0.7739515891910468,-2.333377325326781,-0.08825777640981092,-0.25069411118007295,-2.5780647689373293,0.42393533550390283,0.8264232920115614,-0.15762563073264052,-0.8800707517267778,-0.7364503843897297,1.4389420851030525,0.4337655900917139,-0.8220552752001707,2.0326816109482815,-1.6327549835376485,0.19507855185681744,-0.9686267475583998,-1.3238214122199845,0.9088432707385358
6c2ed91b8f53686dc6f4165b0fb19bf0df01b7612e2e2b2d9f7ad6313fba9a92,0,-0.3745350862311493,0.8147137458110358,-1.0996326282480877,-0.7178264433044663,-0.3403674993344111,-2.209699020441639,1.5680041877501802,-0.7966446943978159,0.7060451426711533,-0.05658995436186168,-1.2286454346488163,2.0281007866677707,-0.42129532176073026,0.5558457130931629,-1.0449049614956851,0.05918025744025525,0.7753265909890125,-0.3993883133862155,-1.2474637429972277,0.4071842194733817,-1.0196944949577031,-0.5277879342580623,-1.1988816428130773,-1.156423493377671,0.32238682568843935,0.37320172361461623,0.939969934089085,0.2209097189387801,0.8333576546171906,1.3363642050773983,-0.5940324387314294,-0.20970552470829215,0.7797731895411408,0.5837747685485868,0.9370011419363411,-1.8568596937441135,1.481478404663015,-0.9237487093555843,-0.24237006900932345,-0.5453057259221425,1.1129793205276641,0.40827708562940457,0.23323928824465734,0.5552927589017148,-1.2046161472386925,-0.7554891239551217,-0.9330471151538396,-1.7366632538744735,-0.18451870541477228,0.04974734403932501,0.35368675086200363,-0.549394285126142,-0.9685616556223895,-0.2904526574433461,-0.20030630211359507,-0.13698005956223586,0.8013777484894493,-0.8231295077629123,0.19406970989917083,-1.4712816446461583,0.5440751190794262,-0.7480965065247502,-0.5043709634968369,-1.0772528737592468
6fe62eef131f7febbab6ac63b752366aba7c95b8b67f634bd48f5459a89ce7cc,0,-0.15370738981823812,-0.6787724623890101,-1.6006893524908303,-0.631552773368763,-0.10950339734635897,0.8373549839967398,-1.1910632913304247,1.5381291101617518,0.3483586643375739,-0.5407505812995638,-0.3644735453943064,-0.37971937277431733,-1.6759375605586238,-2.1893579997449097,0.015010793000406641,-0.6504977316001785,-0.7103469480994915,-1.2886527889108037,-1.0567870158515946,-0.47898857655642857,-1.1895057860252578,-1.3498674011769032,-0.15325088548205135,0.6818910803066667,1.3804418503048312,-1.198091162360453,-0.8672298974051433,-1.0105960853645608,-0.7695043482769395,-0.2826814694667486,-0.28643767835910927,2.442000384261538,-0.5698051695554158,-1.1583736727616138,-1.6959056859867312,0.851385202842699,-0.8802553071142671,1.0508249504513874,-0.6843431860072432,-0.11179500541420295,-1.1476631157163646,-2.2559642827226227,0.427957491877322,1.6267743880929821,0.047232260148471705,-1.9650815430160384,-0.40463365634231324,-0.4663496946410072,1.3725830147307732,0.44477513324256307,-1.5063966034821576,1.3252259970646334,-1.6895905846124064,0.5563486859178439,-1.4245141131134567,1.1009283584758143,-0.50942056128643,1.4591065536059284,-0.98737850813078,-0.6803544082770369,0.06420193377037717,0.9251407886012665,-0.5090872165110286,-0.4723204739660871
02f282f4aefe7e76b17cfc7798e7c8587997878da248112fbe33c9c7822b7b2b,0,0.1859063288967111,-0.7570485354636023,-1.5980752794598172,-0.9001213186010533,-1.405505457140173,-0.664270263125571,-0.022276738667233675,-2.0193661697719762,0.8940666292370016,1.0504538293616068,-0.07659783825663402,0.8347332891426847,-1.5232470119529036,0.8310785167952768,0.3215202530646085,0.6163251109129773,-0.7112700400003064,-2.3167822945656287,-1.0523644665679797,-0.6259862426328933,-1.0158146491477305,-0.06023232447614754,0.2622915799761065,0.9175586157800344,0.16582646920577082,-0.9911748393589679,-0.738043755316864,-0.8968313599559423,-1.2746580280921926,-0.17357553462459652,-1.3538262003626658,0.12922421787901395,0.7261562612083744,-0.94148696823999,-1.6004464486023924,-1.5883046382452655,-0.22373079167968923,-2.514808704824591,0.2773863349800429,0.5808181844008349,1.5699774827506663,-2.308261766086979,1.2150154110564382,-0.7493822300015984,-0.8993044475900902,-0.4421045766174217,-1.161439081625835,0.5309846522426386,-0.3065281232350023,0.18838059120719386,-0.3819380988317911,0.9353244224473056,-1.7238345841287512,0.47473867343437026,-1.0025878961728072,-1.2622375082176642,0.9070561416103244,-0.526267377161333,-0.6383033917233185,1.3922209689106309,0.4216999079976763,0.12378369807525319,-0.37303421739896575,-0.6920426008218309
b5b364632083bafa59a083ef917e49967a791ad8c5ae3993794eda15ecb9f89f,0,1.4491953499181496,0.36241422643236754,-0.44384184823534617,0.07103434285565383,1.3870906800356106,-1.1392913987051052,1.009960908834894,1.2236806535615874,1.7091128296522122,0.6601797995347911,-0.9884051158771383,-0.7654174612908009,-0.43020233112744927,-0.5728408342019566,0.8774828813227643,1.8549107704076513,0.07991371277449538,-0.8059345507298733,-1.0577301448403615,-3.4179446401099556,-1.0683942948205867,-0.003826425902702879,-0.4573910850873086,0.00886650936352365,1.8050996426061245,0.505317589916112,1.597945400241722,-0.8360461617832502,0.3845440559009481,1.2025503262875825,-0.10795681477750738,-0.8034254544528769,0.013805219883229275,-0.9460937379790868,0.39338008069787966,0.3676193786697142,0.5860138855890591,0.34595146332981386,-1.2862065537259653,1.597751667976104,1.525191776487178,-1.4881964979035112,1.2152178007063585,-0.6139559800135858,-0.3236048052663431,1.1737176545517884,-0.4088681621501841,-0.051208715267078826,0.058809377503248134,0.579708391929212,0.5461841429930502,1.4584220266369836,-0.5438061731665428,0.5744929343605312,-0.3389940570800857,1.322079917715254,-0.6169667731210003,0.6101104306762938,1.1431219918403168,0.7309551671672176,-3.8649743683557545,1.2798214070092122,1.4665857271986327,0.293473381526381
c1d489845e3f6bf7dd9b0f397ed555d6cfbe9ddfff983af569c6904ec4269245,0,-0.8080789446851099,0.6772432955183328,0.1694361936443777,-0.7150024527061327,-0.05640842116763223,0.0333288922842586,0.07902687153879845,0.9365976207244017,-1.5138447913106294,-3.068613095300342,1.1745274242540802,-1.3648740644304507,-1.4317727210706872,0.014270120357400995,-0.4418232962659727,1.728052699377299,0.7350471015571491,0.659122773407748,-0.24038466191988384,-0.03449106405349245,-0.2820322362390023,1.1344358744745553,2.0957778541566774,-1.5443590803897056,0.9601182157429132,-0.6394902194083387,1.867333475369253,-0.08853496660742025,0.4237587301345149,-0.9927304962435808,-1.2840195892394708,0.08409588752128139,1.2654236105106214,-0.33211139764046543,-0.3259971210619742,-1.7680816144537226,-0.10826782764013476,-0.7850063869040091,1.3923336010209049,-0.5628795163926088,-1.1816124025076375,-0.39115029339462365,-0.7827417034441225,-1.5651276950102155,-1.4547835677300438,-0.1411548408816783,0.18290956842750933,-1.2762075175471126,-0.14239271851645874,0.0015486968290465697,-0.9470013073506798,0.652957714363114,-1.148253380783121,-0.767245872306927,-1.7199866862974789,-3.0630504134644108,0.49235236177268626,-1.0543484125179319,0.16503437587353434,-0.9995673488220538,0.9959970617533171,0.09314312737740876,-1.8912078410167945,-0.8539533342901713
953dd0313901bb19d674df5ed69d8af1f2208e759b046afcf09b985130679ffb,0,0.03853393681310879,0.6268263450347087,0.3620121423453475,-0.8812330827728017,0.37362383995726034,-1.743936080446595,-0.07024736472065451,-1.5952832495278644,-1.066274829181192,-2.616563609637521,-1.910478149635334,1.6758736192500465,0.5214601653189762,-1.2598716324571102,-1.3201048720468025,-0.7976749158089981,-1.18369724402753,-0.9925229152192099,0.4337211918982656,-1.1056331033937963,0.1273231914536943,-1.9298509657486949,0.872466250325149,0.7162236149293129,-0.27970234908526737,-2.084241675938048,-0.5075349640482506,0.8144006389169314,0.6238011371294152,-1.3190762598621928,-0.8415785724618732,1.059585083183521,2.1396729988778596,-1.1167348507514303,0.36167161079625854,-0.6307001236583755,-0.5546659389452328,-0.4738949265832741,0.09172368916237256,-0.3923837168077719,-0.8175368535983394,0.20481278822477234,-1.4487361300304535,-3.2277865356636704,1.4630052260222006,1.0843337537972717,0.404067977127301,0.22886384041477337,-0.9923216601871412,0.9351026558890714,0.8313066378569721,1.0675800297208968,1.356954632245385,0.46424614691151556,0.02682758789935369,-1.784467319243853,-0.2687008199153423,-1.1626385134463617,-0.3026379372708037,-0.8479981868404052,1.0870139956504006,-1.2201501457594381,0.6209873738350478,-0.199697277870999
290455025ad553b6adc456ca8fc6f54a66b2b7d6b827bdef106c06f9a371689e,0,0.7841140366073669,0.8642653720453259,-0.7286560337499296,0.01569228288037533,-0.18086700594016286,0.6180440783519002,0.42937916721003777,-0.8847733356283645,0.9128259804368475,-0.0720800517082093,1.160053611190221,-2.7962643364718964,-0.8150449412826751,-1.7422849783844347,0.4744138301989579,-1.2053187807692152,-2.7546596263680674,0.6215035048265795,-1.0540661631417754,0.06979761024510228,-1.5780924672577137,-0.1376941702614754,-0.2946156603636004,-0.597885591608864,1.883462473746663,-1.0284090189145272,-0.7038000674830767,-1.1200190898000304,0.7869317013851193,0.024099951108432993,-0.9265924917631941,2.477814822564183,-0.2783156840247544,-0.7357527861014542,-2.055889133742086,1.1774898021326305,0.18763077626233732,-0.9642888030324355,-1.0311548184624824,0.8420876270376962,-0.015136624519573094,3.051442751199908,0.3099114285371788,-0.8960390612279437,-0.010701526892665653,-1.2440907817298554,-0.5093497845618729,-1.8541058265431756,-0.7368046449241692,0.4490503425999752,0.6632776719865554,-0.9590590844688459,0.25754374051257994,0.23012614380235671,-1.1316665159565735,-0.6695040730283945,-1.8285368737727694,-1.8827677189800882,-0.5538546249352116,-0.8201442357338321,-0.7710210802606832,-1.560351168078221,-0.24301007208681608,0.35861465187834085
3e0525b0174d0a74aa067048e838ded64c6cc7dfcd980f4339120a34e1637c9b,0,-0.2128476180088078,0.7475317960004414,1.588115736398111,-1.368915409053212,0.5281119023844703,-1.931539290394931,-2.1808834033054407,-0.45728852008359666,-0.3886164532048024,0.24773777936824498,-0.10651048816817343,-1.7383136868675935,-1.1622721804409302,-1.1058226542830463,1.3072786879357499,-0.2300410232924014,0.6374651232384345,-0.1479867853874054,-1.5584419043947197,-0.31578660433592104,-2.852444429203671,1.3916870847088656,-0.23584533185542172,-1.4722928594818117,-0.9092917039689004,0.5468224728821433,0.5342883969302887,-1.4982622477827428,-1.8860179452676618,-0.2981781825404002,0.5944799697443661,0.944782107108511,1.4364099165762598,0.7841445888539789,-1.400452949625247,-0.4953670283858592,-0.3362380268340927,-0.7651992371816375,-1.2442571968153322,-0.5310164357514779,-0.37993031050730286,-0.7658459782908267,-1.1609116301722866,-0.5978538158117767,-1.6394862802293857,1.9252270861794987,-0.7884818462970908,0.7386670176803405,-0.899603239526384,0.7506358188292965,-0.9843078482046449,0.1351296569058127,0.6667441028435765,-0.1402513912261094,-0.818769548463532,1.5329242929439961,0.17713267225605347,-1.2625801252184876,-0.9267909941700867,0.9448543776477533,-1.3104624715095692,-0.7877052853135038,0.10968564850862109,-1.1880086805353607
235b2331ebc5b62c5f69846e3fab61dda3712ed7615e5f657adb480dc961b640,0,0.7022211506320258,-1.2093792459189974,0.9577692718134931,-0.6504422979427272,-2.6334454131958394,0.06713469491479906,-1.9651351913565418,0.5856524319084127,-0.5677683975642773,-0.6053022532468812,-0.5187362939403708,0.5386481547651987,-2.176849860027709,0.7860636064472803,1.532782061251196,0.6948872615131676,-2.668625048193176,-0.14592755466671736,-0.6766694419117675,-0.4934792327531099,-2.0998629026417523,-0.44574125038350143,0.06213649243632338,-0.21585142103956195,-1.3660211095202208,-2.7723473448450844,-0.4716402783111896,-0.848140570513702,-0.7360027162338456,-1.1502604912834347,-0.6093211597675768,0.43658618242929204,-1.5243201062368903,-0.7812740174066581,-0.2862727647011829,0.2176001017591749,0.6350348666535232,0.06921681836936888,-0.867319997759906,1.3526342641336195,1.0797662596577655,-0.2157544247622487,-0.9459512512568136,1.6524519951549674,-1.4460697304458967,0.9734255213300924,0.5022999493349752,1.2324353706465205,0.16908823050979033,2.052936224602332,-1.4949026937941807,1.8719465013356824,-0.9111624175746448,1.3937960456340122,-1.3046776013824883,-1.822916826588454,-0.5517766076578636,0.8176753331845651,0.30171556352134943,-2.370166680668573,-1.9247581974839143,-1.0501955571553707,1.4171443540883542,-1.0684661235428088
5ee52ebb3c6b0f376ecc258432cfa7cfa38132a145999dc02eb40383bf23a263,0,0.8546765645172009,0.695928703616961,-1.3959943593591948,0.24518378166339783,-0.8509083567550508,0.36789662506307946,2.8426565244178787,-1.3586789314370011,0.0590984359947756,1.551683708227987,1.6405072585317777,0.9986333727649288,-1.3074354713759364,-0.5377971236084735,0.35707953100910184,-1.334419855575395,-1.5897741752610914,-0.3021472937654427,-0.06658830353222167,0.7689535873937217,0.3807029609670671,0.4551601779337148,-1.1639050191320448,-0.4591099146452424,-2.932645465987033,-0.31480809114238545,2.324109333815745,-0.1644147330232133,-0.4164429180136659,0.3382458594338906,1.3861182705032142,-1.2656059700739355,-1.233345991025357,-1.4145950538366738,0.044685278304864885,0.5805554850644976,-1.9754459552199233,-1.1159669410648556,0.15262904936132898,-1.928392636405436,0.23995056603954412,-1.337157857123222,-1.9738096024733327,-2.2821424072698435,-0.7896292814397528,-0.26402169915774765,0.03999555519306186,-0.028190961945324167,-0.5082138696978483,0.040557204449753415,-2.6653490156719366,1.4297383630831326,-0.24743907285007236,1.4114637190976973,0.5273056732060313,-1.6899802205506138,0.35446304034981924,-1.5735035410377134,-0.3931363647237494,-0.287089111994342,0.4180649821368413,-1.0443623543406475,0.2839213975917956,-0.620424164872297
8e7b7ed570b34aafa99aad21843ac62234f9b2efe3c5874cb13361d0ee53d4de,0,0.10914329343881526,-0.14345211063976773,-0.6827980105678086,0.02539584301920428,0.6599438127114308,-0.5364959055239269,0.602357836177879,-0.9852930837454658,-0.049630100444723935,0.47663241554398716,-0.6308858224392313,-0.056443738682857625,-0.09976219485243049,1.8903002158961695,-0.7240532457615572,-0.8325710303797266,1.2268382659666806,-2.0113633794567134,-1.0934162122490059,0.5404367982573225,1.8984407876189877,-0.7373966943076711,-0.8032824454153582,-2.018509527367157,0.4545670449031371,-1.2331485072672124,-0.7802079533942385,-1.3500767557008901,-1.9090586954572832,-1.0740456394399693,1.402837620731576,-1.0458392673137098,-0.7113002404935191,0.7265006579407542,-0.12957144798026743,-1.1174545888083969,0.5647397331515364,-0.08253375821444409,-1.2926870973369946,-0.2307733090376608,1.6091486791856644,-1.7193588083050184,0.8455610221693464,-2.2397355842432,1.2632851954767694,-1.7778547925077628,-0.4710868607746465,-0.58020022147467,1.0878911888363045,-2.274249137785206,-0.6117017221334948,-0.39640338446649215,-0.5026165864921026,0.6272473709212029,-0.2460014997939879,1.0416766160751265,-0.5277568048729968,2.6955622099384664,-0.3816142999332106,0.3673203225100967,0.897053706618427,-0.8379205835554387,-1.4986606521400219,-1.9440513051252155
78a388ec8750ce1d307967b2b9256da38f820f6ffde03751d9c0f57a32713c4d,0,-1.3150261191002397,-1.11705091997127,-0.8716952524877838,-0.8288741477943236,-1.397445727217656,0.09320380444785459,-1.4707200165929024,-0.36650175369729693,-1.0948286498075162,-1.6531796279681672,-0.4552295736588464,1.6727183294793255,-0.7035453733840169,0.5677761634676664,-1.5569311879575194,-0.5058114958548992,-1.8853022369254275,-1.619146656765164,0.2621068619924817,1.0300205602745935,-1.3570197872899297,1.105630592459274,-0.8939980129061226,2.7276856813377997,-1.2965136194686635,-0.5368442265910571,-0.029470807271427257,-1.584641077359138,-1.1872248173657227,-0.9367605288725578,-1.6443077835825175,-1.4502286039210555,-2.0856351006610376,-1.1671732016223944,-0.5450287707638214,-2.2934861597919225,0.6440130385367553,-0.6808445736505746,1.76037949155613,2.1559724566237435,0.5357171511336014,0.15076662319948497,-0.9645096054841531,0.0675432731533161,0.39886331687165244,-0.09117628337484301,-0.4087229894307207,-0.4182307953986036,-1.3662149491020947,-1.9025491958363423,-0.2259309841278907,-0.8875147576693683,-1.6822820895711594,-0.7843015596348019,0.7287481783264024,0.8131544213482443,-0.3169713532245685,-0.5982300165825505,-1.2238154572938764,-2.0296040754948885,-2.625903449943545,0.6683581390088686,-1.4023768948092923,0.7434594790397725
4fd9801c8e809e2abab7cd8c632c8dd709357cf75fb50ea0a2d944a264ba8417,0,-1.0759543815460937,-0.15313781220099504,1.0786838665053398,0.6691266982003664,0.15527049093019366,-1.3089282082937956,-1.7869450840594812,0.2534145938280514,-0.5328702002160491,-1.1383898335553506,0.8235391693427514,0.7202275610921636,0.31989200806465795,-0.5155118162574033,3.4849220262912786,-2.4993741353664944,-2.2075389957380604,0.01261501021042677,-0.9476978878844904,0.4002829417805165,0.3895149822289403,1.944408515611796,1.0053233287909258,-0.9573555226782062,0.6049508163384146,-1.7005433286050933,-0.49025258050771603,1.3134527362444872,-1.484688959008893,0.055200506707934305,0.28213793784770275,-1.4120401166794245,-0.10193613542464242,1.2931242175395363,-1.4092946083197584,-2.2290946452356697,-0.049560321418692266,-0.37275082922338354,-1.4559176311509718,-0.31097532751983475,-1.6832312906011024,-1.607950552500751,-2.0656222906106056,-1.2429621052032858,-0.13934151005772777,-0.35867574024925913,-2.1216649931944422,-0.10796874544170967,0.45583850327150494,-0.45149780226767605,-1.6707984278709527,-1.5669174553857683,0.19536453400810322,-2.2322447829461707,-0.2846458588003514,-0.1083154839738894,-0.7111528151810552,-2.2658222235559835,-1.205869527428805,-0.5334060509159566,1.701235792415,3.1646629712597525,1.1459445639691523,1.1201433577857138
34fda082876c31fdd277b1f49cf469da9431e4d0d30c30928851653c9010a3fa,0,-1.7679008418638031,1.2671155040286675,1.084614901210174,-1.0613806461204596,-0.393129234443528,-1.5310469235111865,0.21876669641733626,0.9875311544516236,0.03380348862234395,0.020177914903501237,0.664831878010403,0.08887630439058536,0.4121066930422385,-0.43555274161669993,0.17285335064757906,-0.51394063750558,-1.0750712170300787,-0.19836219526588822,1.4956556909047731,-0.6606093558956014,0.6270054926901183,0.3963151267318844,0.1504376015153146,0.34472909682064873,-0.4285423247451645,0.11260332674400708,-0.8823334011283293,0.3256902206833243,-1.1158987000521206,-0.03503718431021152,-0.19115401563295442,-0.9110964085327234,0.18272752304069775,0.08909349334113315,-0.011736160365376724,0.4020436232335292,0.0700629476977831,-1.4684344104026161,0.6971255454310912,1.3839027426644765,-0.36094331231220034,-0.14812982730842472,-0.8937807351742215,-0.7788826448092554,-0.663921537925934,-0.03356893573478947,0.05492127625661597,-1.1199733129421428,-0.9285451678653996,-1.6140245981113472,-0.18182585054628536,-0.3341186573879988,0.2800601574905097,0.8101355624195548,-1.6542545170575602,0.31687142041852245,-0.2844371129336496,0.7319260767113247,0.793636390667709,0.17200662537666228,-0.7694354728597954,0.2911004392475901,-0.6890542460360145,0.2548575602704653
f779bbfec90d43f4f872c9221726e6de2104fd42ed1d6caf686693ba61091cea,0,-1.6024037099426776,-0.9249345049046321,-2.3350027767724386,-0.6400262247469021,-2.3742217153575575,-0.6253002819328957,-0.46256582133856206,-1.5459562919134218,0.9268541481812773,0.5693502176948915,-1.0174712344523247,1.5091332980502152,-0.9758360041495431,-0.3760103944130986,-1.9337341962918526,-0.8047536594863925,-0.6609499898363635,-0.9821463169939598,-0.524791103528724,0.6478822873934638,2.282025896066627,-0.5700430789170955,-1.4355132912114588,0.2558913735936459,-0.2531374025441207,0.012615700837593447,-0.26286631756249224,-2.101951091297014,0.11704665035107431,-0.4806905257487873,1.7359841894169246,-0.06089993517423947,1.83501268630621,-1.841574354696213,1.3131070155631717,-1.4390336875817658,-0.7275217393036245,0.2308208706999484,-0.5141616658783625,-0.40042562507355595,-0.2855314577748092,-3.2162649498093323,0.6756086064097377,2.1724951811323105,0.05576314837728075,-1.9243373050839652,0.7470005424373378,0.3797620600235612,-0.7213088662754866,0.7658493380450071,0.9572005439590214,-0.905941049634224,-0.8732987349083734,-0.8900276592299008,-1.869780711805992,0.15586053018492468,-0.47171745296141016,2.2362265618553883,-0.5746475031886988,0.9376209829902102,-0.5131154819743713,-0.6469798736561185,1.361890126802419,-0.5648639935518183
3f8ac3c8bfda5b4ebfa5e7b5eccdf2ee9f4dd9a59f9a0544ad2562ef1d7dfb04,0,2.2168237343054416,-0.36289812791044945,-0.14745326741182305,1.5811266608641226,0.4959505982267051,-0.639983376942689,-0.6574857107080372,0.44505405978992574,-0.12124552695235305,0.3694474885278542,1.571876216643945,-0.6254344377732215,0.5019507802523028,-0.03893513689014974,-0.7014037058419649,-0.2592711967642827,1.7071289620441266,0.3913832102460072,-1.3232273708317246,-0.441290281360454,-0.6434697385823217,-0.03347555831283078,-2.153005151370541,-0.3239511535563405,0.9332889587759897,1.630049477749424,0.521062958013743,0.2591654640878937,-0.3353585984071478,1.815681313780698,0.28430516788100124,3.3151243684366136,-1.1050562385667486,0.8815530384061412,-0.24975140172967036,0.19930713620091256,-0.19338293131279705,-0.711708488609659,1.9507996387672353,0.4806763630274667,0.08919891305235933,0.2111332150243458,-0.46672492569674406,0.29107589396936395,-1.7561918317999747,0.7591404992351792,0.2472977467927747,1.5553185148242723,-0.09470069859811325,0.4011474844101481,-0.7098046998880421,-0.9866624983918981,-0.21784404218868947,-0.18959031630019585,-0.5007875356946038,-1.4932053462919046,0.06867408961179869,-0.1536530364179879,0.0863287094632742,-0.5528477801802407,0.5600582597893,-0.5650838679507332,0.7640624425057818,0.35372978990674053
9f4fd1247e717081f6ba7ed008fcd2e4b952b16f82c2394900431ea738bacb5f,0,-0.1110230842416759,0.3369370541963549,-1.3779077161625375,-0.1808624074441037,0.1805152916699111,1.0788650967159612,-0.41469195438443296,1.64370758173123,1.2914241550684695,0.828108245910844,0.0686889222098385,-1.3457185325493488,0.8823992278448956,-0.7906009429717546,-1.6281414319989491,-0.6740541868341925,-1.653548171661222,-0.6630277663390272,0.07700566936022557,0.6809005558353576,-0.7495518168333832,0.005566710954764131,-1.7211642665679219,-1.6619584951553636,-0.3156753677094323,-1.9667681984353225,-0.9815893056781658,1.1782875699233184,-1.2775451315970054,-0.6392984819469708,0.5733532417696459,0.5380370495809385,0.6897286275277945,-0.13735509063774123,-0.6965897641468954,0.09785042044808406,-2.9148621046308403,-0.04624058340162457,-1.1361977169840463,-2.096635928288769,-0.4202803376589038,-0.16350596120272437,-1.7109221840406288,-1.1559485758648966,-0.08920902952778798,-0.27504917046828664,0.6497637072665192,-0.27791521293085364,0.6900771225715484,-1.2766116800426701,1.1339987823535254,0.580955273581269,-0.5714056331749575,0.9332470972468772,-0.49547316817110876,0.7279429201854597,-0.8940698451644562,0.13127005981223538,-2.0643882273892804,-1.6971080011647581,1.73503186607262,0.4841778780718491,-2.0047741375943606,-0.4887451982040212
2f86d51db2f4394de0f4532e5ae274c540d1720d9e8500e32435d863031affee,0,-1.7713936085264859,0.008375107325413134,0.5196297215011673,-0.4452453212132731,-0.2970534721430209,0.6576276436231574,0.30279592594704363,0.4339550310234995,1.2787806316963346,-1.034809441242509,-0.9446618992179393,0.30116048559595515,2.0100552616995633,0.5852353907915462,0.028454732507931846,-0.36600563633243144,-0.16766643021821326,-0.3285082881233015,0.7540362934027993,-2.1145104461415674,1.0617015442720938,0.2863660076055563,-0.488741634074127,-0.28243688885688156,-0.52703472633907,-1.2308253302121648,0.905666992183588,-0.35529860992081386,-0.7787049207540879,-1.8096231028022305,0.14893027326499053,-1.40388168655031,-0.46539458215879337,0.7803354136864111,-0.647842157534291,-0.8449640132247516,-1.0015295497369956,-1.885144377022928,-1.7038039663761468,-3.1659215319745444,0.958400715396936,0.24457741998502203,-1.237706235714929,-2.1374249498287545,-1.220043125787571,-0.5088792330973329,-0.08431649183466071,1.3661374062057845,1.4664566270696433,-1.5148730895233746,-0.7111636121272427,0.7969289232409815,-0.5056769108855865,-0.04370160772430237,-0.5767155868834644,-0.9816892922362344,0.17934746442215113,-0.39566481063724734,-0.8193321447770087,0.9749702393499924,1.5005012727821314,-0.40457592837940315,-0.8611431227892071,0.4321890948549232
5924876f8e7ec59834254d270ccf01476d04fdd8df2e0120848506e727d51377,0,0.78248639650584,-1.5852451856452978,-0.5396605503141958,1.0378792570872442,-2.2732612778111996,0.24085608361507255,-0.10937745561583306,-0.9868588045022264,1.2398190085656866,-1.3503902277467343,-0.8675923697818517,0.3234177386143786,1.5003136585495782,0.24718702573795434,1.3015781290944823,-0.1856405936278526,-2.3892574566480937,-1.9168610452158454,0.2098114405790108,0.03642863855794448,-1.8300185687937915,0.5273987332909459,0.7920008284722513,-1.4631901397443672,0.13912078802534883,-1.318052427336282,0.4295748769529196,-1.2996675051712137,-2.1193601238471302,-0.7309123359679368,0.16873482602979653,-1.240017297707591,0.847843882043654,0.8278462569557219,-0.8830387830903679,0.576481476746713,-0.2740964185094858,-2.0765504547397686,-0.9140460709462742,1.4128029475137949,-0.021099244970948894,-1.7913022874056632,-1.3344685540797452,1.2505426343576518,1.2266800308819026,0.11236540096993003,0.027520022666326638,-0.5338364919769377,1.9143964341938144,0.2604528635117212,1.0735789414759946,-0.5021567534148146,-1.6531925592075845,0.676800560217331,-1.7071231211724598,-0.3689144511766874,-1.595640054044438,0.6219636664968873,1.01116746121453,0.08445979677007306,-0.8414567317924317,0.3239999194759591,-0.31896113057691694,-0.3991428387719297
4fadbadfb531a4692fe3eb8ded975eda7cf616fef4972a1d57f0668c931bf351,0,0.030088286622411697,0.6160031837408597,-1.8050680008331046,0.7410654678462605,-0.6058924349558181,-0.6904251117258995,-0.8725933588393229,1.013233839755719,0.3832440345524677,-0.6351372108283404,-0.28432874688252313,-1.3290146665474567,0.5711577037780857,1.0787442388632447,-0.03520121834542833,0.5564477621975883,0.47764685214926716,-0.7608848862226352,-0.03677948181286572,0.5421060101166807,1.0769730825439998,0.47846620992732464,-0.5477392351381294,-1.7105517915456099,0.1595362018087122,0.0669094174770154,0.8238294814856186,0.39976992288861035,1.5734456168194664,-0.06749016552842033,0.49951164721831565,-0.5083412953185182,-1.2740169037760383,-0.9950315913665637,-0.90163713928121,-0.5599672449439475,-0.7484150220335125,0.5864277978024742,-2.2551065460105315,-0.4669217457729453,-0.6797513288359952,1.0420551565652785,1.434843265872178,-0.15885313638415943,0.13342139620517757,1.6591690199898095,0.016758188593376744,-3.1578592138306725,0.4474539486170412,2.296802031427589,0.713944192463371,1.0239254998937892,0.07887095242592823,-1.6364705118971066,-1.0183161454252578,-1.0822422048063234,1.3611739227356061,-0.6941316677046704,0.13607080117919407,-0.009175019727098693,-1.8444637031936992,0.19839800276801145,-1.846477949680243,0.4898403328548954
09755b7ec64cb684aac80356873a541c9d914f9923cf6a5b8191a95aacff4f4c,0,-2.2481381067345723,0.04114795202576066,0.5238557593160572,1.8447865535766663,0.34624716505846914,0.910726115387461,-1.8033513173531244,-1.7364977419482381,-1.2072566035725085,-0.8394756297793866,-1.1932828333241678,0.7985479893201473,-1.085158367481227,-2.1840268111250607,-0.8137119716743904,-0.04472108209121872,-0.18290739801128642,-2.8085588670700496,-1.8329711618679978,1.5804940023130416,-0.660721638520553,-0.37305184635991473,-1.8601688312831386,0.2915341849326597,-0.8375172677456909,0.09219556377308269,-0.09239201527816523,0.9465646884753358,-1.7399361017577504,-1.2810067270601917,-1.1268925825343177,-2.6238595422097126,0.6758994058212993,-1.183812684249744,-2.616533206576336,-1.2688247966217963,-0.11435786863775209,1.024993521425146,-0.902940004131958,-1.4966881607567957,-0.2811911610633502,0.024061187294981662,-2.665615157541174,-1.576174753229916,1.2912404936968567,-1.75447867480682,-0.28962107559439026,0.114879679763392,-0.42075191414938107,-1.0133494929672198,0.2763229280345875,0.7056419335074411,0.8971023561666074,0.1250387928089542,1.1371487573701475,1.254973121001899,-0.07487769948501555,-1.0620989787491903,-0.30157093194714796,-0.1208995330927014,-1.1184556918313822,-0.8615270660202589,0.05842825976374566,0.3650408932329937
3d7dbe04ce045e1f7f5d81e2cdc52f4b2becddc476802930df035976b82c42ae,0,0.1464345342939563,-0.8371201856963284,0.5176117949624384,-2.1299863956839453,-1.2713193187375784,-0.5860024206208964,0.225479686816188,0.16373549448327418,0.7207644925723207,-0.07307486388889561,0.9257692934249202,-0.2764349463615026,-1.866641905762191,-0.349482693270589,-2.709433790585538,0.42292193220335766,1.091951695928329,1.3192230373865559,-2.481304342656144,0.4561897764855537,-2.646403247688844,-1.3206835532966128,0.5141130888713038,0.979625828244572,1.2724170654510236,-2.290887057847402,-2.585189005919837,-0.6642677307093956,-1.7541998983026437,-0.29473906726671406,-0.28399200892476495,-1.501445526864758,-0.36437592180634626,-0.33176160171302665,-1.763942362816116,0.11796963521305492,-1.9853373680748687,0.08373695753554711,0.016822312345642673,-1.222916547345538,-0.5708318108007844,-0.8853669859788824,-0.5184580077797067,-1.0720964582742782,-0.5895241531827937,-1.239203245091712,-0.7532035600609807,1.0898462383870557,0.5821376347083317,-0.1344783786667297,-0.3042633138749596,-0.9939605004264697,-3.1990512601274625,-0.513684443034739,-0.1887028161866886,-0.0700358245499349,-0.20811165496594236,-0.688157018039445,1.029668593680339,-0.3784763712794595,0.16344869394052103,0.1940047748415814,-1.817908051698232,1.3104927817573881
c1665c272f4ead8f0d86e631269c9bc9bbbb55ca01fd7faa894fce01c823722e,0,-1.2972955096217071,-0.043200357145338875,-0.15602081519096966,0.35519542035779317,-2.0374533480155343,2.0139500806612265,0.9546737755088366,-0.6271962512780451,0.6720728813084985,-0.7638705815968674,-0.5429285022739734,0.05513973039236131,-0.47705827920724153,-0.45905090047714925,0.28520109208488376,-1.4798219599735576,-0.10157835079328359,0.055455831890157015,0.5745748827471122,-0.3244953906856807,-0.4978783269825927,0.9563909115738198,-2.3452789238479355,-0.17839455264286053,2.155456398328059,-1.8932340861394539,-0.6910309467027662,-1.4336107052399587,-2.80129472635811,-0.37486456674729035,-0.21959397828107075,-1.2003255473737664,0.8318433800131114,-1.390938193779378,0.3288041868168879,0.2637735520600697,-0.45727050081064763,1.0994649166778698,-0.17293547008098736,-1.6037871205677223,-0.9164307834637678,-1.0137380204254707,0.2754125444955053,0.004988250014897666,0.41696897425913027,-1.4789061101382193,-0.2762867767613783,0.5222904569170115,1.2026361413554425,-1.4790845820990777,2.350136984900374,-0.09246561162873754,-1.5378719748100085,0.5070802533607417,-0.07237502226209314,-0.4216264834150812,-0.40000690868776134,0.8842614988095135,-0.04147858823286138,-1.9040131975364498,0.6293320058184214,-0.5875974952046665,1.0273534763578662,0.22113287117389532
c30975b5714c7a386358454f452f0d1f1a150aa655d0154a43fde135db3fe1ac,0,0.12540527474850882,-0.04662939196249494,-0.5684729622032187,-1.0633710625977517,-0.8981245910532194,-1.3833079557014927,-1.5102660446639544,-1.1450512814908784,-1.114084470484911,1.2746268328186827,-0.22394513229936552,0.6564718523732282,-0.21142151944519738,-2.7540853434543555,0.5435096449965988,-1.1666854596525185,-1.1855845666567308,-0.13630599982930913,0.6572803145837693,-1.0891024426760436,-0.44034527573289967,-0.831080527867749,1.2195417746462902,-0.3573001959869362,-1.0153800368088306,0.2853407281229685,-0.7194495627812056,-0.18983512324370277,0.4649560287684078,0.02804395600535528,0.32035535169260987,0.425863142851866,-0.24827734891486722,-1.895586961175,-0.5703378251097118,-0.6686887920710647,-0.033062575467435795,-0.07508344730431543,-2.170230853025086,-0.23578063548383751,-0.3217448141789956,0.5325432186304608,-1.1307805930008592,-0.8006804011413415,-2.0200130943066217,-0.5344125828950635,-1.7917041129064137,0.32612701853400927,-1.5131381811160387,-0.8365171424455584,-0.8567043428836683,-0.9722783575920886,1.0689813276224622,1.9401284803226588,-0.923602602808844,0.2603612386410875,0.23826146654669642,-0.058670335203606094,-0.36589859302177985,-0.6855609628709067,0.6212424364149626,0.3078151635255287,-1.5475914319022825,0.037560455289291084
ee40e1fd06b548dafdbc4d9ef179f00467df8d9dcb7ad8cdfdfb6cd54a4b592d,0,0.4585714389279868,-0.5836104391035406,1.7233364011412682,-1.5156456480673388,0.14174215856790906,0.18597781508368172,-0.020042684141860723,0.4822375979893051,-0.11685839226135869,1.0738436788353036,0.527215006181568,0.3736958921506337,1.0321292267962185,-2.0013147784993337,-0.3874864083841963,0.22084573429125265,1.4374404527907287,0.9613486383932809,-0.459187152553864,-0.6777068236483832,-0.9043311278374606,1.071252309607896,1.7112201034120602,-1.2350026678466217,0.9869447251180907,-1.1619246666252556,0.7721513547967676,0.7022684594774133,-0.07617163890588105,-1.8442607117893723,-1.6473266080789528,-1.3414700467303076,-0.3791493585002553,-0.48100579494003737,0.16289954988148114,0.2614711511976348,0.2566861013870092,0.17391263857031283,-1.8132890789663891,0.279259722879516,-1.1455257914690598,-0.6715273735799178,-0.5527675197486801,1.4931416855216133,0.14513933673136953,-0.22567827592659506,-1.7209559717955634,-1.005026725970564,0.09655303054768855,-0.08492097127653538,-0.6382009661225158,0.44673147907415134,-0.0912035287200576,0.33668900267580704,0.7950448328643847,-1.0739850980559331,1.4138285537801774,1.4629234020786548,-0.31886555318224774,1.2647831499565863,-0.20045970903929386,-0.7942827172610771,0.3049971781737727,0.6462295358674893
23f40094c2e2b33b3c5a0c1575a7625686d48d354718838df6d25c2befefb548,0,0.31593234280253946,-0.2580917825297262,2.5903954942397083,1.2457908670359474,-0.8589616342907674,0.0024968202854249166,-1.8348663877613598,-1.530008548000214,0.96963205996134,-0.22634612193687156,-1.1671994406016086,1.5484040834854138,1.5157258411166006,0.27321730092515173,-1.7511083763651272,-0.6858665863278128,-2.0344327610752195,0.5197578651967911,-0.7532157988752177,-1.0494802277081157,-0.9877302658662985,-1.9890215270948206,-0.6787990417513434,1.1571605291242264,0.08324851507168617,-2.252144747699525,0.08712185098218117,-1.7352812851647188,-0.15378414282356923,-0.45144298867562654,-2.5324635314381303,-0.32715809166420917,-0.6527906048835463,0.44409433907571166,-0.8456628690139638,-1.5620947489803436,-0.505337622368307,-0.2447127721664748,0.2736533017789403,-2.7109329401531763,-1.597617922461604,0.4513496158742667,-1.2357763744691135,-0.15703172878979046,0.8512188235530196,-0.964369900510731,-1.6896758553068616,-1.3965974750015397,0.20704587600591715,-0.8319577359442347,-3.0131144884365932,-0.5403037724670594,-1.088205056816791,-1.3080052460911165,0.31253040299739676,-0.821909893062962,0.26691439772171144,-1.2529607114456827,-0.2734839884592005,-0.17616953820537695,-0.027696375396565463,-1.1947168032948985,1.1979905670887951,-1.152170970009633
aae8ec7f423ee1840ea1004d2e3f99227684b7f47ef2229d192d7850852aebc4,0,0.11758061693314747,0.715515902576441,0.24688466160760691,-0.5736918453965677,-0.3705056836260289,-0.44648944423658454,-3.0961782189006275,-0.8059318633338207,1.10883128817966,0.05577729127818504,-2.59447523108876,0.7870467894633318,-0.24259474998722474,-1.0502948392500917,0.4090825611437048,0.41795076988284663,1.4310242732866159,-0.6628097135076914,-1.3848607158446742,0.9763688876831478,-0.25845611142477876,-0.5943376200222327,-0.5076584891256032,-3.3280928242187553,-0.8037906529739463,1.3156763391846082,-0.3465692476823884,1.2219466976076774,-0.9832288443032351,-2.3750934494647886,0.03673132813204261,-2.2136046155727054,-0.3293252871564525,-0.7258263168789304,-1.0053030305889215,-2.3757956668106788,-2.1026410903794095,-0.3335531966898823,0.9437567801084288,-0.4541361209436035,-1.213685037505612,0.14891574681666664,-0.6969870722378191,-0.703305061875738,0.7953716738483045,-0.03852634922681297,-0.20858427935520946,-0.018186400199404318,0.010137232323422618,-1.2136821963632682,-0.30963948445336775,0.32315477500877104,-0.025784424617553592,-0.9471604553231452,-0.4451843399641452,-0.9235337816512093,2.130601332633267,0.46551435261593166,-0.4073899306361853,1.4551677434742458,-0.30075480769348734,-2.2704423522145163,1.1879157740399737,-0.6072592770303848
7e61cafa3638afa20296a06ffbaf54c587671e5ee26dbc9554bd696fbe82c5c8,0,-0.19980159899789615,-0.43738488613793525,0.23927683331711846,-0.37367768068422413,0.5917394279322329,-1.179262888524237,1.0619571938974377,-0.10145073254127213,-1.4402867431187496,-0.4493101076496744,-0.1843439183031733,0.376999276748891,0.5862897126527783,-0.4272107396802469,-0.8415383492574988,-1.6027493481243908,3.2116496126613057,0.37040881594550856,-0.4312475173793493,1.8999880235314306,-0.2710686106977127,0.24386545841963908,0.9109380239487024,0.43739846344531597,1.2559641155401748,0.35655992277209936,1.0795862843301016,-0.7180138111618533,-0.9504205711880549,1.290352961656637,-1.3411684449438546,0.48512601068919703,1.0990363207514922,-0.1770147289455456,-0.11110632890329736,-0.1823988636761296,-0.9473138032548665,0.1243864419303432,-1.4331928414355923,1.4689084172953526,-1.1189937744351437,-0.018851594219882972,-0.9272381180797462,-1.9036396582196102,0.9629551522789266,0.850817118207435,-0.7512060462409361,-0.32257386496444523,-0.11426356677700925,0.26841771406132026,-0.3788574406625065,0.18881224889813064,0.45618008479161054,-0.7429902778561129,-1.3473796038607377,-0.13756990507379924,-0.9383762819262852,1.1635377164359566,-0.6668011558427706,-0.7622415974459457,-0.21335154618896146,1.0874951883364183,0.6216742428720494,-0.1347192003726606
a0563ff3c33bc6051f18d27657ca69115781afe8a1ecb4fdaeb702e61fd9c1d1,0,0.2410917328672832,1.7960149070387263,0.11394678785412451,0.46275452147712803,1.2721987447273366,-0.003967110706419419,0.948094183880302,-0.7393750473165905,0.2453750639934878,1.492446298379524,0.7559717946288473,-0.3546626700753275,0.5024854750143396,0.14153520687199694,0.9225810193043306,-0.021220206175402406,-0.04185920425737866,0.28584006877621154,0.4590793897574753,0.6121548097399585,-0.26920743123221935,1.342970530532162,-0.5465389536202054,-1.2319706895338962,2.436646917425641,0.5646046326141276,-0.658131615984523,-1.1979277230210166,0.5625733808107535,-1.4370419913223218,-1.9351111429132744,0.3947939506017868,-0.9532165236382656,-1.7469194088101174,-1.6957260290790805,-0.28484867395926305,1.371034186978223,-1.325107789649432,-0.6115149018445417,0.5964727851527433,-0.16441266396850118,-0.227472947271937,-2.5003067633410305,-1.412296177388872,-0.9575689130483563,1.0800246300841734,-0.485638487458789,0.5155807646613079,-0.5588635855386779,1.1738557272033527,-0.36816192082218724,-0.40575587094591214,-0.01999332625213504,0.8427199742464297,-0.1917681911545619,-2.0698505656884953,1.7412953273347491,2.2141001945529966,0.8793627825209454,0.8707179963391936,-1.195693560950247,-1.3686506741980582,-0.08372452603965647,0.43622634747901856
61ece4cd8b6fa71796df1fbd88edb0b8c387033d3b128c52d0e6c741816f96df,0,-0.7462771558759808,0.29632250061186927,0.9475295714755069,0.7288478430634803,-0.007905082974514421,0.7376015247613801,-0.9736259699714083,-0.5199172346983278,-1.9230105745153037,0.06360444713774235,0.02934183150732067,-0.16322022484565613,-1.098554622002897,-0.92625699425648,-0.6944418468497671,-0.9680271149349984,0.5395413339454129,-1.4491092996321329,0.6936332638763465,-1.6566967345907195,-2.471992954772849,-0.5844033364307984,-0.3729267885012306,0.7645150538098195,0.15097744148492004,0.511948463230474,-1.6310617158699343,1.6783501462252723,0.24973614940744432,-0.8057024513068379,-0.9135716827053493,0.06338448957040788,0.10224091013158582,-0.10444277286782311,1.2207797920500743,0.026374162380854597,1.3848748435496536,-0.6777322500957704,0.49599084001811344,-1.4647111238947668,-0.7776114303196817,0.7743793763572482,0.9804533169896759,0.29318794044540863,-0.24986473735088433,0.41960500677989143,-0.496490580921846,-0.923184015312339,-0.9399602670409036,0.6482314173343552,0.48347149217646457,-0.5497514376297119,1.3329955073411315,-0.523674197910862,0.20368399619018704,-0.6250254496832947,-0.7669675506649976,-0.6664279271579301,-1.2160281289197383,1.5061867196531626,1.0854953219952672,-0.8519968687159846,0.655727284349571,-0.46497316147443346
3df5300b75052580a0245bad9feccf60f391f3a690cce86b73b3c9da0f0f0856,0,0.2879877735510712,-1.381001060844799,-0.3713830839184089,-0.40910396973395613,-0.6093081746213882,-0.7057047881810287,0.5586547477228425,-0.24041655750396246,-1.875482030227424,-0.31495711738136617,2.5366393541387566,-0.27417994287298114,-1.0138758131577938,-0.9924644249989462,-0.5372078310773184,-0.024835057757267853,-0.2025571202828418,-0.5511414417868292,0.6556246676013372,-1.7293705841317975,-1.4567881928474344,-0.8809761237461651,-0.8216299669596909,0.5953927259032645,-0.3491794683324933,0.1726360466329258,-1.4909958295661119,0.4954033266431195,-0.5422905881431472,0.5003477904510549,0.32114198738383104,-1.828740692370035,-1.2724794147778655,0.40500371671848895,-2.0310979320254035,-1.5766417918244005,-0.32107410449829166,-0.7335805975089076,-0.947702687448262,-2.4319650996891076,0.19489966307667572,-0.2370989927375687,0.3642377014923425,-0.7254944182112504,-0.6856892096270647,0.9505962441916141,-1.8082125560437767,-0.24955978498951328,0.057861672080327164,0.1876325413190682,-1.0147308016396752,1.4559231365789542,-0.9022692998036518,-0.7821773105785164,0.18323501054490654,-1.4339603228791513,-1.4768416316944577,-2.615939130709842,1.5211020273006086,1.5750040895634687,-1.763859533823287,-0.6935839738108318,0.9655161045532576,-0.786068700753319
1fbd5a76d81ac4918292b3fd6deef220a9d250fd235509de33c4d0f6e545c50b,0,-1.7169333608385562,1.8592945961585945,-1.4767609143745877,0.1373023183382655,-0.04913814481380496,-1.2280584491775752,-0.3640132921152629,-0.4898960128305597,-2.147889125303501,-1.4140664608224611,-1.3147696777619442,-0.09238176820537913,0.9382596138962065,1.336920131650421,-1.5127799235663915,0.9867772016280083,-1.6597734736836105,-2.1530268343822723,1.1842253359980166,0.3469069568773411,-0.4876881120690191,-0.9729303137759322,0.698136909925603,-1.4178975159356226,-1.6100424473663686,0.7975077309286402,1.3668911140210125,0.4085108920516025,1.1229468296776368,-1.5645599313614849,1.0125282524753034,1.9596547575348375,-1.1939529102337298,0.1859975481060181,-2.1975161314600626,-0.11272874329734561,1.371830788421506,-0.34482934876501126,-1.1989203663935073,-0.640919992129405,0.08491978907344955,-0.8961412396558128,0.13005393705614748,1.2655131046633499,-1.5691435000739793,-0.9968407769176816,-0.9079120732885698,0.194018620842198,-0.043436008276106094,-0.017322506915145697,0.6239970719636236,0.593383123549239,0.7726014552230007,-1.798541833802141,-0.20030319825193943,0.48665525206323546,0.15525155367028054,-1.63955774071361,0.25898176586320387,1.0497430701274784,-0.9767899517187901,0.6435034596893687,0.50996498169394,-2.1786532419151086
1af250fb6ef61ec187c39547227c6ddb80216ecadb39c69ff9a23662c8f8b9be,0,1.5012371908512507,-0.46673637299320075,0.1649452735579379,0.6460925411332736,-2.0948505688098242,-0.7905510239624545,-1.9110193445765395,-0.5238950685107728,0.7215472959002047,-0.12012561595213334,-0.2876428566288534,0.591089059178589,-1.5334027954521756,0.02141940967576264,-1.5406652145728077,0.3961766492809253,0.15472482831608797,-0.9210426968313503,-0.5685187829057072,-1.689871034482477,-0.6064506935421583,-0.5344645732407367,-0.23223900773501857,-0.6012157805820999,1.7672769806795898,0.021955372913223567,-1.0784264018691427,-0.85598827296978,1.4673466219348668,-0.33596429607499956,-0.30248397069625865,0.19911081144581239,-0.9284974241029323,0.8179395156834802,1.0456024745830135,-1.103408455273786,0.8109780185612534,0.3738602008824359,-0.17764986554218049,-1.7250886859370629,-0.40621036080264067,-0.15732318690583402,-0.7151393262954462,-0.45627204645912034,1.5780852487226484,0.5952819825381817,-0.1161309062039784,-0.7080564051361738,1.41678305638543,-0.5428500554996349,-1.37758399406024,-0.26816354103334583,0.7447626378604258,-1.307585477927402,0.2377362253916961,-0.6802579401910017,1.7992767874993216,-1.2964771173621772,-1.1913432297529818,0.9753353679333049,2.7154234047655033,1.1292426975228906,-1.56921885521333,-1.3388590047204647
4f993b8ec873f7e2c0e4e77516786c2974fd2a589579d089070c3cde3516c48d,0,-0.4646453371345741,-0.8337243485594714,-1.0936222348725273,1.136425627568448,-0.36499299864925694,0.8357923063397767,0.3230556904621116,-0.22967804769017153,-1.415479078351403,-1.3091280021677556,-1.191525541845229,-1.450655005215376,-0.7776003261250609,1.3857273649799475,0.9749233859503177,0.430185224271667,0.12088538302987381,1.4708822176022727,-0.8803553837366173,0.14997879410227333,-0.4007143039903721,-1.7781049303249583,-1.7642863662649115,-0.4191764589315301,-1.6285405521459047,0.31247902009349504,1.9096339763803423,-2.0556891555350454,-2.413350442356939,0.018752048821074063,1.2598265869685614,-0.5708062290738438,1.2208872958918715,-0.46847686729010285,-1.531674064406405,-0.7021180575416225,0.46307047539002744,0.4030286647291196,0.7591005157666677,0.012473873481327002,0.8621649378944665,-0.13281397334472814,-1.6045097005968505,-2.0078900194639666,-0.9871688919873891,-3.054037825187251,-0.47455970346705134,-0.5103009245039939,0.0899562509832369,1.3619810603838072,-1.3500373875506355,-0.6010549817992589,-0.8364711548928596,-1.5567604468071359,-0.5966486569790699,0.6820847052762431,1.1511023169056827,-1.8904567414257563,0.9401659455237452,-0.3768296603549959,0.1464349997485317,-0.7955245102753489,-0.2417079381835643,-1.227802788809743
372ef33c72a18185128c4599073ecf5d56883ccc060c6c49a1c316b4574966d3,0,-0.8270846515442878,-0.9349817599788042,-1.4856257909011603,1.0576254123734723,-1.9646380986342817,-1.7171642006973475,1.2628127923940227,-1.2197675105424517,-0.5837222257747343,-0.9014680705738278,-0.11414232823222586,-0.4137495188842058,-0.45102164299631736,-0.17037713163893264,0.8987040959312378,-0.6914169261219368,-1.0956172429326947,-0.5831547636811283,1.1191343313464515,-0.12669609169601942,-1.4329884526733694,-0.307808386559456,-0.33017996217030987,-2.7061722036887734,-0.3337082581755899,-2.2759850345657737,-0.7470722114558324,0.1300114746339796,-1.7708456618507589,-0.608857087786389,0.8538311724840675,-0.4499194807412593,0.4111510142906214,-0.6496961321611442,0.27254644758382907,-1.5849893358778684,-0.28725274306273824,-1.3091393460117393,0.674007346901168,-0.7503951550895195,0.022127512962923757,0.9185344072052225,1.6466445729252366,-0.774967088619708,-0.5080857148023946,-1.4305771375816194,-0.6691739276711215,-0.5583874513947167,-0.6671688567807992,0.9615245784887464,-1.7204493947576422,0.44663848276197626,0.3920079538263548,-2.449370219158866,-0.17295469197573854,-1.9998588781248852,-1.2693162284505508,-2.005058473526105,-0.0017082853782234286,0.8086818373750448,0.07866535963607757,-2.736766993559802,-0.5796271748025268,1.232533310129646
f1ba7af240b7833613912c4d0d68e8848f9f9d521921438638a7ac71f26d7ae6,0,-0.5480436773001442,0.8178395883710425,-1.950895533961472,-1.3657421801258036,0.5267620711561715,0.818785150168811,0.4054303774336695,-1.4752069078742638,-0.6922729730956714,0.20632844354999744,-0.9654232105718134,-1.4280336597760823,0.43963168633421645,-0.9650568409244609,1.8484799246125063,-0.8704664907951318,-0.3275418140055809,-1.834497692125585,0.4600906926542665,-0.8144290827529919,-3.693312701461828,-2.3205362970019796,-0.23632813779628292,1.5333980705909545,0.8574729966624548,0.8096146300911305,0.08221611094265907,-1.0180374083990629,-2.5263547973111304,1.3378101002196665,-0.5437993824006466,-0.2847998884175147,-0.4265945662711877,-0.33668650884213885,0.2678246105614486,-0.902708913978405,0.8446138275632094,-2.2761593735219106,-0.22003988513725203,-0.4691450573672538,-2.6838589839090696,0.5213705978548381,0.1154060172964329,-0.2562744109819088,-0.9126011334951752,-1.5661290480861145,-1.6142432405526512,-0.723637762040015,-1.6274395779202568,1.7318282298522283,-1.3713684436354832,-1.829617978975852,-4.117578523725639,-0.07253593060718178,0.34665215522390963,-0.554517439193677,0.7682155427608508,-1.0052724310725658,-0.27701035269645335,0.17396727497860714,-1.4669147672227736,0.4624062590469112,0.6172766283099699,-1.363907957298086
556448562e7ced12be8fdfa7b9f103bb2af668008b7bd49286dd8de09f00e664,0,-0.6515432245116106,0.7324531121149588,-1.119458755850585,0.9805295462069203,0.40745358033600215,-0.4528056346870971,-1.3928239153597815,-1.240361649458229,2.0867262752857796,-1.3629861949564592,-0.050405991289761753,0.38910039379887484,-0.6661620139331945,0.27791702208848784,0.5643970880738527,-0.2813063342591239,0.9131575934441272,-1.287480847094373,0.4481193340482198,-0.30886514021221606,-0.6524572496181859,0.39193372865703535,-0.7670681910911497,-0.0545919920291026,-0.10541096084977414,0.8304097029781035,-1.978088653282535,0.5376386828155892,-0.8458488356659792,0.21140322867914385,1.353048248256084,0.3085944404793184,-0.8709265471403916,-1.2731661590931367,-0.23695617899393154,1.7745203714005797,-0.21811566641164326,-0.09797239095193755,-0.982133524617726,1.1423185351443101,-1.435289070862368,-0.32454957979832977,-1.9651068386500534,-1.2939261978754881,0.6062793530227846,-0.528798316548748,-0.44948511490377463,-1.6651859694938511,-3.2955147201373065,-2.909149516896486,-0.174172617776913,-1.5587418422752715,-0.30379858337886384,-2.582907847844802,-1.627733773797277,-0.8225609298059394,-0.5736694012115964,-0.9468284152177617,-0.9007169952574211,1.1435052570042334,-0.7256231984906016,-1.4379099973307827,-0.8838119118143369,0.6113443765668374
80ee425c6146892ccbea0ca3775b9eac8052fa3d1b710c50b7f081eda90d93cd,0,-2.059785667130354,-0.5255170929668903,-0.7253917753884572,0.781047705958914,0.22137084807762114,-1.7887617548885535,-0.0538459650217826,-1.769254832561668,-0.7487222615765987,-0.010097666972018582,0.4896418171213985,-0.3408697843571038,0.4104853252903544,-1.7105072746600543,0.25340564758005824,-1.4943046665589161,0.7731659547331663,-1.3845197541520786,-0.6448494146102316,-1.57674953404019,0.7569472650345574,1.6549684488207628,0.5138981672255682,-1.3438252355059805,0.6581312203169545,-0.2537072264423077,0.061016978512695885,-0.2524116606813329,0.8749162455402112,-0.1453225171893588,0.025547106648496853,1.4144074388755428,-0.47177172721122074,-1.7305364358449014,-0.39072123159676087,0.11200765298220033,0.06905769066944556,-2.7543756955453054,-2.1440714723378607,-2.1438625260990865,-0.41441189129325373,-0.375754073897679,1.0458509003141312,0.33595005066277317,1.0509961096612341,0.2073812396736086,-0.8904322625086791,-1.1511205649170186,-0.5960564542953328,-2.1905940098964427,-0.6190861619869621,-0.7355938800145911,0.3625492135214697,-0.3041174657677274,-0.9207096028868863,0.6545520732705659,-0.09655892089473911,-1.3666577614543973,-0.6042047279003129,-2.0299418396078273,-0.097270443102497,0.3634334790115955,0.5975076230951538,0.2895529797783022
30e85257122389ec295595de19881641a68f5c75af6d5f5d41369b4df090a7f4,0,-1.5618460119401265,-0.05155765655777361,0.22665620012511617,-0.5753392894154328,-0.6945882866189766,0.08258607461109108,-0.11904454515088041,-0.7898296380030597,-1.3860079413830584,-0.8299156182197385,1.2766650047209194,-0.2756631278344005,0.11904636492561708,0.9979246039255145,0.3195452421154978,-0.10791191674826847,-0.13184509178671,0.931947242334684,-0.93360189038899,0.11127950988058732,0.17210166426457651,0.4270689561466617,1.6590630612467265,-0.9119403667364957,-0.1658616051548164,1.3343065324841228,1.1941165350503344,0.16696032558597232,0.3298375418638496,0.8413696761094542,0.6727532197597842,-0.13192954229165726,-0.23600561221869215,-0.8974501341126486,0.6182215966330583,1.260835681850943,-1.2055437786455956,0.010169858407196641,0.021423050317427444,0.3838487008604981,-2.5423070055866663,-0.8654731499589378,0.20471445213208012,0.3428261549132614,0.7852343889640762,0.49225249175498986,0.5472148509289225,-0.7136464875924865,-1.2421592003805595,-0.12645462460230295,-1.1768955080769061,0.21534821143049734,-0.37963765244054914,0.34136066735319015,-0.6957922949118303,1.028655560137151,-2.2059366719246283,-1.7188462374727655,0.13466872850602768,0.5602888578134949,-1.143618272303098,-0.04666880281647501,0.6738670671140216,-1.1684105318537465
867be2842b13945d6d88ca13ac0037a66c193a35789e42377d0385093f93bd2c,0,0.7670673618957877,0.7483407546709705,-0.9008938453877534,0.5673397907170952,-1.0571252290843223,0.8797523780829893,-1.9852726528002957,-0.16339075834257805,-1.0606191462143177,-0.9835683274887732,-1.6156530743900164,-2.0127725609103666,-0.35469187932055546,0.17532449117789764,-1.0989739650992085,0.6939499015819472,-0.5582814133856522,0.009691206310827316,-0.9645014208764164,-1.9876457960587466,-0.5890142899853947,0.26333004129570325,0.02310935566604859,-0.34578126532445563,-0.29259009864243124,0.47770588919800216,0.5826835475598273,-0.8919301405652778,-0.46795411842882273,-0.11327923969083092,0.8428646386430427,-1.6428172095699414,-1.3828171646516663,-3.6787698535869313,0.7885570651734979,0.30694819677216156,-0.14908997760768106,-2.036448978570869,-1.8908583218101498,-0.8271039012974095,0.40115221109157306,-0.9678869662048615,-1.1589142368508756,-0.21409330938705637,0.20045998424249875,-2.352893165013662,0.413132880293381,-0.5769216094136779,-0.8688557477797754,-0.4099092171568522,-2.8890119465563293,1.991963621951426,1.2441822162257519,-1.3140744660968617,-0.0949801554596943,-0.01913483795037052,0.9035195013971911,-0.2295672123240755,-1.9278985306393166,-0.6930262526319073,-0.7029191992776824,0.012632114974944875,0.1375303281859846,0.7540938452101376
4ca0359b9ee0995608fefd9133c166dee569ec25939ca3e7a68ccce88991903d,0,0.322235730523733,-3.473794748480909,-0.38310397268087476,0.4619232009167637,0.017695681155888543,-1.040157365421851,-1.5922069314854659,-0.19715369958210494,1.9730911743332569,0.11444779195567743,-1.708297862048917,-0.6680603152427279,-0.15643285257410044,-0.12611746911500477,-0.41543172330091344,-1.497654798328818,1.5601076194136418,-1.4111778044774896,2.195707811692613,1.2383590531325377,0.7645264790144828,-0.6893733009919489,1.1029703610280515,-0.7150296187107521,-1.7159809189132442,-0.9535085364816704,0.11020277413539448,0.4042410035236063,-0.9932715557318996,0.4237660586346228,1.1429878265489564,-0.5198523005277169,-0.29724534833215654,0.8268161664843845,0.0297876219195784,-0.7545591737900706,0.37095691858009283,0.015103896138836781,-1.2732928800554326,-1.0268747826453812,-1.3209224749123578,-1.2783062309145883,-2.718745622648964,-1.9833878269212064,-1.7621521357195087,-0.9160147104681089,-0.5314518155265627,0.8781595120933325,-0.781360404864705,-0.08144085628002534,-2.674233128223739,-0.6237443651737433,-0.527175649283763,-1.2955094513615335,-0.7996704618254147,-1.0302947228047619,0.9590720346429558,0.7623879956024746,-1.8158522441085885,-1.2773363342054544,-0.6212116473809524,0.2141821953001341,-0.7235187823203344,1.4352678229992746
7c966fda59b522774ee5e94ea2fbe9b6594a2b69d4368241aaac32ba60e74fc7,0,-0.6825171260542888,-0.9281520895563888,1.8331578076753763,-0.5121137001287015,-1.130200595440214,1.193240490168174,0.7781364651637259,-0.5761323301110648,0.19682621898582026,1.6746595880439403,0.09778347501147516,-0.7373822214715633,-0.9507004656967776,0.643205335951923,0.21375701155850302,-0.10548296283902198,-0.06644397247455913,-0.1160947266379253,-0.7977720425325395,-2.345825813643836,-0.8935557555455103,0.3407730409811249,0.17728111259469048,1.1003210239576378,-0.7701881531163447,-1.3976003207850396,-0.476961527671141,-0.6982581493423872,1.8310636937906373,-0.28633687329827495,-0.7734415500448035,-1.5608986274653571,0.5474873329795106,-0.9116583191888754,-0.8260996272264782,0.8867399995502709,0.08176099844562112,-0.5034030770034956,-1.513304355431844,-0.33626423672945666,0.8937635031924259,-1.1997238356289848,1.3714914311916828,-0.06999469969572655,0.3261287149163119,-1.7287962760457627,0.8532155922354536,0.11582442417152916,-1.4907488344538584,-0.23711168880114203,0.12038671656996945,0.1387319712967317,0.08227750195701417,-0.7794635315652896,0.17268837058018494,-0.41932512215856355,2.057244871764601,-0.6935346433911662,-0.8136473807170026,-1.297777871691392,0.02166575145052624,0.30290628578544876,0.012105036823668702,-0.29119393280176287
