file_hash,label,vexir_0,vexir_1,vexir_2,vexir_3,vexir_4,vexir_5,vexir_6,vexir_7,vexir_8,vexir_9,vexir_10,vexir_11,vexir_12,vexir_13,vexir_14,vexir_15,vexir_16,vexir_17,vexir_18,vexir_19,vexir_20,vexir_21,vexir_22,vexir_23,vexir_24,vexir_25,vexir_26,vexir_27,vexir_28,vexir_29,vexir_30,vexir_31,vexir_32,vexir_33,vexir_34,vexir_35,vexir_36,vexir_37,vexir_38,vexir_39,vexir_40,vexir_41,vexir_42,vexir_43,vexir_44,vexir_45,vexir_46,vexir_47,vexir_48,vexir_49,vexir_50,vexir_51,vexir_52,vexir_53,vexir_54,vexir_55,vexir_56,vexir_57,vexir_58,vexir_59,vexir_60,vexir_61,vexir_62,vexir_63,vexir_64,vexir_65,vexir_66,vexir_67,vexir_68,vexir_69,vexir_70,vexir_71,vexir_72,vexir_73,vexir_74,vexir_75,vexir_76,vexir_77,vexir_78,vexir_79,vexir_80,vexir_81,vexir_82,vexir_83,vexir_84,vexir_85,vexir_86,vexir_87,vexir_88,vexir_89,vexir_90,vexir_91,vexir_92,vexir_93,vexir_94,vexir_95,vexir_96,vexir_97,vexir_98,vexir_99,vexir_100,vexir_101,vexir_102,vexir_103,vexir_104,vexir_105,vexir_106,vexir_107,vexir_108,vexir_109,vexir_110,vexir_111,vexir_112,vexir_113,vexir_114,vexir_115,vexir_116,vexir_117,vexir_118,vexir_119,vexir_120,vexir_121,vexir_122,vexir_123,vexir_124,vexir_125,vexir_126,vexir_127,vexir_128,vexir_129,vexir_130,vexir_131,vexir_132,vexir_133,vexir_134,vexir_135,vexir_136,vexir_137,vexir_138,vexir_139,vexir_140,vexir_141,vexir_142,vexir_143,vexir_144,vexir_145,vexir_146,vexir_147,vexir_148,vexir_149,vexir_150,vexir_151,vexir_152,vexir_153,vexir_154,vexir_155,vexir_156,vexir_157,vexir_158,vexir_159,vexir_160,vexir_161,vexir_162,vexir_163,vexir_164,vexir_165,vexir_166,vexir_167,vexir_168,vexir_169,vexir_170,vexir_171,vexir_172,vexir_173,vexir_174,vexir_175,vexir_176,vexir_177,vexir_178,vexir_179,vexir_180,vexir_181,vexir_182,vexir_183,vexir_184,vexir_185,vexir_186,vexir_187,vexir_188,vexir_189,vexir_190,vexir_191
d7a0453822a445c250b21101ab90d4dac72e176bbe1c6e7dbdbb0694d1db50d0,1,0.18736134053767073,0.7094007565642861,0.2716017111937903,1.7868332665815494,1.5721755925586067,1.6141588934797666,0.8298184749908505,2.349276543627835,0.5005956860044423,-1.303046594242744,0.8225936927181703,-0.18546663035617295,-0.38563387778756897,-0.9883295570710697,1.7677181743767032,1.436910698269469,1.4493000318100628,0.9909246291908727,0.21869415079758744,0.4755317587126484,1.809882698808334,0.9533563366513025,2.7812275437757794,-0.43317865947044076,1.0126603177711282,-0.8108252912396757,1.7579022196862648,-0.016758908730463484,3.166559709344394,0.7447725598138132,0.568033555032562,0.48158091540976705,-0.28025095264398575,0.0620194080150932,0.46485938809672034,-1.2308645290757176,0.3776678134886896,-0.4929219915929964,2.129489418393585,0.6150003277227079,0.013613567510479763,0.002641649623657538,1.255452047048446,0.11044084339260965,-1.5662402006234901,0.7339382328566346,0.23714065256486971,-0.53685627017376,-1.2020679429500316,1.5876237531874349,-0.08281364675312824,0.707964429142883,-2.2146630369767775,0.8142108128472473,-1.405796945935178,0.7453640699355304,-0.49480571134728346,-0.12019249117815148,-0.28766000056039964,0.531168380511279,-1.1905541369195694,0.135630258123066,1.0172817637202924,1.2176079922091685,-0.10040536753221892,0.5942115456405981,2.1094614285018447,0.2443184449896021,-1.484410010013411,0.8960826922681379,2.130224727269697,-0.5118282656908678,-0.3593021984501207,0.14337158905437306,1.3734355969597962,0.6457973289262383,0.9450813184158103,-1.060594216317618,0.4938957913829861,0.6447482602916937,-0.36140030392613987,-1.0899962679702955,0.26644363183181063,-1.0058879354434587,0.607261869140129,-0.39763780852679304,3.0473623168738615,-1.9545693869183198,1.0324511316915652,1.840079978358803,-0.7167937117647223,0.15759089974045914,-0.4439956063450072,0.008458565880193947,0.07360575325681726,0.6292444154422391,-0.16193011246156963,0.49401584626715644,-0.22847654204807769,-0.5262493547994909,0.4683607183422267,-0.5828711959934982,1.3533430648464562,-1.0114113492711019,1.1110606068990316,0.7944289288522224,-1.684089587291498,0.1741530079493362,1.1422290815277947,0.1454810993196135,-0.591512672520098,0.4192010068531965,-0.3572587121116811,-1.2662813154345958,0.6656031940047903,1.6327741369792714,0.175439431866093,-0.46135487866029035,0.044686325737385624,-0.33364616906777733,1.2195058925220068,-0.24494290797162338,2.0836086029056906,0.6475498876177093,-0.5834912542756979,0.13072872043472344,0.8850887115768137,0.7200267500023946,-1.2479652015273168,0.43093097657418583,-0.001991643865037317,1.3479948934661627,0.5561174593294582,-0.43819477467475104,1.396065629440758,0.8426759695337336,1.2039284857195174,1.1870704543321502,-0.29880575973790924,0.7884222797728263,0.7380813683819277,1.0638767324916754,0.5360759808261397,-1.8645418079461973,2.4188461399077026,0.27618999712523423,-0.7304038089537941,-0.23222013753574228,-0.8368745219974137,0.6184574387698366,0.12868856705268492,0.5826499205663924,-1.0322995903191,-1.2260316892753849,0.24436359850651665,-0.9629302067083892,-0.8125502509218093,-0.3831328211569766,-0.9730284525906684,-0.1758912320713929,-1.1814179467949804,-1.6310303124260357,1.5251667828936437,-0.0221678775453646,-0.5178176642583805,-0.1882477208014796,1.2692922450155362,0.6779316053933385,0.8430018696449043,-1.6701474036693875,0.7551737911188502,-1.4462769613226751,1.6005374772194434,-0.7870161567910485,1.8486823970145052,-0.42114859653518877,-0.7674192625161026,1.1480085290246855,1.0251377147062921,0.471871458983674,-0.4991382445543366,-1.600621729839805,-0.7056403412828419,-1.1980847129781604,0.36330528971769155,0.04175621263703208,1.1109195782387071,0.7174902174187091,0.27354502877539644,-0.8223153209252109,-2.223514788795326,1.057893318458893
b02c33fe254975bb5829dca0b953a65ff295384063f0072ec27f0e22651eb332,1,-0.6546499571201436,-0.8483005648741361,0.351882777633031,-1.9352557827236514,-0.813576274552421,1.035141744516,-0.9920944715050866,-1.2234699466051502,-1.582325089153577,0.023495843483967105,1.4082073047000452,-0.5175419136511723,0.598908488943539,-1.0579889672996408,1.109161763811348,-1.0773036359727217,-1.4766256724762254,0.26341718027224686,-0.11622040144746493,-1.5495048464898638,-0.3754710134510446,-1.541726944015954,1.0058903168268765,-0.11037107855950062,-0.24883793192028295,-0.6169951351947909,0.200641656663179,0.6890914264686672,1.4677387455344613,-1.6436675309937834,-0.5166165730432796,-0.7267333085946279,1.7823526404552563,0.48771513712442705,0.7150127571805196,-2.4373905058465675,-0.9014002103304141,0.7525045222542155,0.23948821744387688,0.8777014209254509,-0.8003377371985936,-0.6056134884612591,-0.20030114360992723,0.6248459022441968,-1.7650146780670002,1.3568325551626035,0.2741206721321533,-0.04806618440115612,0.3993127104587192,-0.24568687329537836,0.20552782106833456,0.3503859966081051,0.297398766067539,0.5928534936692403,-1.834858152791375,-1.295019136098974,0.42341533027132444,0.555868541513462,0.4150754574379339,0.8319148776639397,0.3240832948603291,0.6675456705806025,-1.4205973426161163,-0.05576217253215676,-0.7902614922208533,0.6551806440522634,-0.6178573706810563,-0.9598569474409154,-0.7281300244869865,-0.5624286713203737,-0.3103980739285217,1.9013046832375897,-1.8780468643036263,-0.10805767678258493,0.18715888216493032,-1.1816033476248147,-0.4110500706792274,1.3783402847343715,-0.04810048855951521,0.6163609502480867,1.684108079466723,2.063845888283157,1.7626697215372338,-2.3515078233539572,0.7648995705850442,0.5265308992028098,0.3259661564282462,2.1517707977444944,-2.1696525218549665,1.1247693349100034,0.6056037224045879,-0.5090174648395714,2.273084056671423,0.7267694269565301,-0.5663663539772654,-0.25263822734122365,1.0905959242191257,1.0497201757353245,-1.7107757834917374,0.7236058449731659,-0.4959281135874146,-0.7126467714907463,0.2159381008989394,1.2916686675262503,1.0971966020604857,1.1532624110724734,-0.12851189704248045,0.5026730021800263,0.39491022895541184,-0.507252776966172,-0.5463603702850508,2.591644093074395,-0.03346034360336689,0.9512593436409905,-1.1587884424289088,-0.3888985087814407,-2.005871320920189,0.7554317793690948,1.6456910772398061,-1.4261767388519546,0.7650162380096477,-1.096562677138251,-0.0962268127292214,-0.08124809914573745,0.1284241838339587,0.9537073723160889,0.8901925110507286,1.3393279711388546,1.0057353178139976,-0.09718171135003775,-0.5116364408846812,-0.04600616043619895,-0.2775373305298464,-0.9928604025933478,-0.7866899650111445,1.387018056465422,-1.9308402863674505,-1.9388376221793442,1.757949251293634,1.5953606368577178,-2.319833882653661,0.09277748529423714,0.5455436334939407,1.006836213740796,1.3112157867221492,0.5020176430234843,0.34121463009346453,-0.7874259097758539,1.803247046954618,-0.7367764808498395,-1.4948810399489008,-1.229047676117591,-0.5578091117718681,0.6592674660065538,0.44284638450933644,-0.5472488957745545,-0.8235512221177389,-1.2716614462441798,-0.4099853503139031,1.553437380730732,-0.9857269588562388,-1.7398713525214053,1.2094641723206907,0.5575898107473424,-1.117039721910991,-0.6127934112554834,-1.5435065471609142,-1.6018469550861851,-0.04396367774306394,-0.19481294336757574,-2.0443209257852835,-0.26268416221659363,2.7037228345641293,-0.7783914794897573,2.2481939177308785,0.5095427559436703,0.3242702732665432,-0.41128169005237836,2.320654575039205,0.9669478293727135,-0.7079407970658173,-0.2129630610290171,0.5551372387233492,-0.13470179637473323,-0.4972043499077046,2.047110324870583,-0.8164835828336467,1.3536389878881219,-0.3085692180912796,1.5447216566299877,0.26503954244334677,-2.106566789166894
f20d16951c4de51e9b687e086314910db2e13bbf5b8d113c580ad73bf23d6878,1,0.3320844007346515,-0.30019508905917436,0.23546795724756597,0.28571633615595526,0.056328200153160674,-1.641139774782631,0.955478223717765,-1.8686779147340764,-0.7788940824016051,0.5507924838755136,-1.0655194628857576,-0.738340227789879,1.065667571696071,0.863225492846223,-0.8668795227851857,0.4700645326395632,0.5883865986796282,-0.8934988329588068,1.2348083699765389,-0.4490713686915249,1.3004956428988204,0.7320790315244418,-0.028108026619922732,-0.09498395986125918,0.9027248753974336,0.5695778877330943,1.879123290213762,0.6812799463428134,-0.3307544227538547,0.6674049495933221,-1.2762395421163724,1.2615112416621457,-0.5198588353093165,1.1126998068559928,0.31573866462056155,0.38864915695592445,1.076974722156923,-1.0710257957505842,0.2017099510121087,-0.050581427051728134,2.685222196680908,-0.3117302343405227,-1.0175922801038817,2.6419977079054724,1.3080502288147628,-1.7876421043657695,2.9536172894375414,-1.469022217589415,0.9891628365062353,-0.6702632646407742,0.6812898783560072,1.4394739934240843,1.346612636907532,-1.753398289049205,0.5073308683132385,0.2729678195534989,-0.14342724456616113,-0.06454877011599047,3.3597094819800097,1.6995740146501808,1.487103919897939,-0.4940275824927697,-1.822830078638361,-0.36069928945415525,0.05445022253351439,-0.8055227110120189,1.1865584457794307,1.977502507439029,-0.2595318668800942,-0.6271247548631769,1.1144443954151906,-1.058210103666516,1.5807956415003566,0.5433269307545828,-0.6166389195562767,0.7156578195870107,-1.7382072604018364,-1.3922716869250964,-0.14926728105184633,-0.04772289725408707,0.6125555961040936,-0.3849908056834307,-0.07737200070332872,-0.34378889498676235,0.11278956909486607,-0.8611508587178733,-0.2727270512939963,2.170160992258748,1.065314006637866,0.34662556278863965,-1.6162014656047998,0.1335048301825833,-1.0544191041192228,-0.4425065521161013,-0.44887834032177126,-0.35584015352772635,1.5655082287205473,0.5368367518053854,1.1530346490010488,1.584602895495519,1.4257524074526218,-0.6334571102322704,1.4866534953783477,1.7985045128218407,-1.6247870166634153,0.026810455495212854,1.444740615793997,1.3296421672616776,1.2446126575509644,0.41405047681384965,-0.8937164795690327,0.5726694892858113,-0.7107455207478639,-0.923263948388692,0.12447189866719982,0.9281113111063204,1.0551877085624461,-0.28948898797275247,1.6696159361567529,-0.5590667357082328,-0.5564042135943855,-0.0275859252709154,-0.9770622823275675,3.8471745079824045,-0.8990112871757315,0.26944825671163963,-0.5269512096133191,-0.9221658126767975,-0.41754012098127646,-1.8227202347538498,-1.1398678533971716,0.8769672405396814,-0.6539496060810607,-0.7875566236685186,2.8119696683285254,0.6476697195406819,-1.4679259308494441,-1.6424260367256862,-0.5049734949242064,0.2491855363033412,-0.08101810783613696,0.34060821586803064,-0.19497097917413003,0.253708362720418,0.2096524496579035,-0.43957726683868087,0.474743292197458,1.8630726106433366,-0.36403421230630606,0.5981169731173255,0.7720249360307075,-0.011659917214151227,0.7224109201719185,-1.386842942595346,0.782427838635172,1.4177832876161494,-0.9534449852897661,-1.0421930049915928,0.3489187124416889,-0.20159448740856883,1.5974369466400675,0.4997866527992046,-1.985899579709085,1.2618923380508074,-1.8988813682758532,-1.2565184014668125,1.781547974484265,-0.4094898129201167,-0.1793701485433068,-1.2204082747776206,0.0919981075755192,-0.8182231550134846,0.7278585632231036,2.2594749731756303,-0.6552372696604963,-0.8370618754971777,-0.724997171736783,1.4237273964184545,-0.9561548651702532,2.1948706837433694,0.6697671258956094,0.06272876854023705,-0.43799649986838496,1.0568613399135025,0.03192861962116434,1.4279790679619044,-0.07711136743009456,0.9362383651858087,-0.6145032313406934,-0.8383753098383907,0.6782863709660675,2.3216455310687203
249ebffe7b3a5e15638c95627316e43aa24d4f09b04d520a3d25c103e5168f82,1,-0.14313549854513952,-1.0038410431973497,-0.07494973854176155,-0.032827331511985414,3.0417164700490886,-1.6795307590072386,0.09041806789043288,0.7359935933068844,-1.821729853035246,1.4041334383362623,0.31925810234584884,0.6786250143804133,0.46655786056164106,-0.18094383537173026,-0.9188441922813908,-1.569677755285855,1.376560164466329,1.4711594202204499,-0.33368853498916556,-1.000608996241068,-1.7048833319968293,0.37736670459976906,0.1937670234533534,-0.48470442264182334,0.10987247894789964,-0.45827022775941045,0.7401291282261456,-0.07867274259656268,-0.16098006740891296,-0.4017337520302482,-0.12799933491317395,0.25900551605679134,0.6231668903154267,1.0166157361565813,-1.2359145700594198,1.092386167661446,0.7827909919029197,1.7014934975229283,-0.5579376602830076,3.1169693698911844,0.38802653032473416,-1.0208652698001217,-0.03287455181022614,-0.7620490644757136,-1.0448893067401015,0.9117987956493723,1.9644835758419876,0.5669841759854526,-0.2534530976014454,-0.14420690026229377,1.6493845546775194,1.2112180492551599,0.9083659444604835,0.4776159302100694,0.35441017262868885,0.8289614614204652,1.7981852355088677,-0.027786880478669285,1.2677934947215097,-2.2975307903639237,1.6102803850457628,-0.9245759627746748,0.7136878520791299,-0.3859849760962233,-0.3226402600525684,-0.9486805022812583,0.7235674475164815,-0.6246782479636733,1.2817093684528262,-0.6494994421774894,0.21379820490881654,-0.8180330078251452,-0.0010116303023284812,-0.674224182134456,-0.6027937109996091,-0.4983026570216772,0.6402139267903311,0.3203027555952477,0.6095632576313843,-1.6253027807375662,-0.28357773602649883,-1.5621213219614485,-2.2652745226022444,-0.16977420499715123,0.4057074350241683,-1.2243105946190842,0.2067926099405801,0.461501658575803,1.1832612338674429,-0.6191776949053396,0.5361360307886228,0.23829308045073594,1.476584303500438,-0.29742063525031937,2.2395039892904762,-0.4825010787573391,-0.5833565870073123,1.052804125038045,-1.494115334360193,2.2026053732318522,1.1951818707368753,0.756614026728255,-0.04367462422066559,0.441107029861564,1.265201414452168,1.1566481552003955,0.20751980250965807,-0.27226887163035274,3.4853813583214484,-0.8612988813047008,-0.5812148574767932,-0.9538690042715928,2.4129232788221713,1.2679261528381514,-0.6104351746748848,0.9152643082659008,0.04001861426801706,-0.6380386973703895,-1.0111568398361876,-1.2906299414186224,-1.6661688403984058,-1.2148961435420196,1.6021019944833856,0.020431159722605785,-0.42560325277250155,-0.43625755699319946,0.04954643145824361,0.21480538939210103,-0.9526352092451311,-0.9155971179799008,3.0407749579433623,-0.2639038279798712,2.0201693335410003,-1.089373938437704,-0.18898347804192417,0.981105055442264,0.1072906867280371,-1.0580156167667143,-2.3002009039329434,1.9183060138353147,-1.9574732523460456,1.022092551360125,1.077409142793591,-0.4877752663649454,0.3945349751478865,-0.7421732464561158,-0.9856097316059671,-0.6041235870601939,-0.5777957196885245,0.2566696806741426,0.28177884686202626,0.015025387415959263,0.5742349642488306,0.258147650485375,0.0606814595397877,-1.4783085502750613,-0.176092901653517,-0.12852376478722208,-1.1071830011064496,2.80228949245873,-0.9718886348251594,-0.0293112577067305,-1.0526205659630132,0.16847037558394798,1.3567440382241795,-0.11060923659754815,-0.17871904143498207,0.05722014574426415,0.13346744150091694,0.24505748300167138,0.11487774775535776,1.503489234278703,-0.2271304251565629,-0.6101498821231407,1.9482489696111729,-2.2554590527081015,0.17499614763758695,0.44685158884029336,0.6547993472931332,-0.9175493378492223,-1.3146861865036072,0.34567685038197155,-1.391845382792381,-0.39479372091780657,-1.7417739606395477,1.9506953042449606,2.13296424137211,0.5380123847096732,-0.041178873196365186,0.13850187647358544,0.051385571654660754,-0.406025299310252
2e4ea96a8fe1da2bdcf8d33b6f047f52da528f06a7c5607fbf2556f875ae5920,1,1.6101143014944648,0.5659929193399855,-1.0871742387975631,0.8521981619872434,0.1829605332472975,-0.8135713955304524,0.777894463050428,1.48920452545474,-0.5476973226285939,-0.006417838299492329,0.6841631728800531,-0.8403021525976452,-0.022121879050987947,-0.19623146669117117,-2.2031989768669016,0.8406670909575977,-0.2456282787784824,-0.8840037877175855,-0.7039428131486909,-0.4854921258705276,-0.8748429816622776,0.16382724955880387,0.4410931483760649,-1.1650182301313592,-2.082748521886945,0.8826104446324919,2.061860247755935,-0.39523830676762184,1.8183395225242371,-0.8451193910990986,-1.2041298719419458,-2.1173491736144245,-0.8095705322436286,1.4508323891123114,0.2784790671682045,-0.4124772346091543,0.60915603130664,0.17526768433146478,-0.39053937712286474,-2.557795799316906,-0.12092609596203369,-0.8293898379725314,-1.963693380195132,-2.8672792021763627,0.1747293062986101,-1.4863750081162763,0.8421661577454977,-1.1300885537958312,-1.0716480314833035,-0.43369315150133325,-0.34798106845959487,-0.723176338318863,-0.9362603783625377,2.1940392361039533,-1.7300881493625937,-2.234334026187275,1.1704343521029923,1.2598142184351135,-1.6976882363901202,-0.07894806920039299,0.6134875775689537,-0.29698371450952726,0.10082260519940622,0.9608854983199004,-0.8699812708953834,0.17316073512560654,0.2825374981124939,-0.5072066926189517,1.001985911553388,-1.2499653141034592,0.07069606557428187,0.37605789205343865,0.8946408549232648,-0.9163499589966242,0.5767887649617711,2.3517144135640544,0.36049284832510137,-1.442900868665806,0.4000869333443746,0.8285376025547463,-1.8123186240901927,0.10618658242418955,-0.1100409785673088,-1.2280241276242865,0.6677807650070693,0.9028533624150272,-1.6951187616505181,0.39642127033569263,0.18723502776894768,0.2769547203327337,-0.8573381255894671,1.4824183155547206,-0.8790924712364294,-0.678709658221931,0.5317995219956053,-0.4030082603619133,-0.6105519682097746,-0.958667744839131,1.0183945134768924,-0.45129995941160106,1.5980827184189481,0.7484096790379386,-0.534924283212864,2.1251228436416665,-1.296992663439358,-1.3097649035226024,0.8191553886501808,1.3730551062578318,-0.3806030347100756,-0.2427070870067176,0.646355352071796,-0.09299499821246776,1.8587497755423956,-1.5003668780742458,0.15590412673590248,0.9848241405104177,2.5534423114365064,0.671331401266769,-1.6098985707448537,-0.539068389260502,0.4033210798518226,1.8774517544559273,0.46814827656915226,-0.9406693293122399,0.5894080465405631,0.08561618707486929,0.998947676724841,-0.6281549229659105,-0.6457046598100136,-0.5837577309672841,0.7560365787302805,-3.028118284323266,0.35104346646795287,0.3606218403605491,1.2055650610775301,0.41461094548796645,-0.6296167892618592,0.24327806143471298,-1.3884858152418862,1.5461575955727613,0.5342562304509546,0.7461281470275299,0.1260191885664159,-1.3929911200091323,-1.054215999929862,-1.4163187076596913,-0.14040089372194775,-0.6215962825732195,0.8579206746026795,-1.3469219766257146,1.5700080049121208,-1.1218576273007994,-0.513390436534714,-0.04297514660152502,-1.3347496423153213,1.6595720753594037,0.09420537563419323,-0.47089959114153024,-1.9687190334387166,-0.777476612496703,-1.5228066085262013,-0.3129434814293601,-0.023218112047376924,0.1734771793313985,-1.243752000138949,-0.0015650723996108037,-1.0181202736501227,1.5166484574818617,2.479810555735226,-0.5511896777391403,1.6287381200408424,0.24487429220809598,-0.5003868882579765,1.156010108301728,0.12554246290133528,0.35552804736410865,1.772104601535561,-0.6355044140300555,-0.986858875647688,-1.319983126398156,0.43684524197528535,-0.32153387816686313,0.7536754963334855,1.0213940861820023,-1.3706953397797135,-2.237515479315624,-0.9519216872426355,-1.8939554234347207,0.5308296130209098,1.2873902107213826,0.6493071402724124,-1.6342622086547307
96448a78292595053bef9466a320adfedf023012c0e97bf58784c9788b8216da,1,0.14075772981179918,1.5564266280006112,0.7263168765952799,1.1710839246396192,0.48915908223672766,-1.1984359424684603,-1.0032763269944294,0.4251768063947573,0.1472358271235174,-1.013140867442863,-0.12181385996236596,-0.952300471698205,0.24073154326420806,-1.3453325759474408,-0.029498973136762266,0.15304257380804637,0.10440663120174612,-0.5452702357739182,-0.8634763801988142,-0.32857931216774916,-0.3831059198971821,-0.11962260682365958,-0.21802693813801788,0.8116941086086564,1.6628712418680216,0.6558069344064658,0.4968722519764045,1.9418525186732263,1.0745738201389174,-0.2816753207045546,0.875316547243015,-0.40759483263977314,-1.0314224676907782,-0.721443060964132,1.776797213561164,0.36095990477349504,0.20621965442407086,2.2143595115376273,-1.1286388942743693,-1.1636642576114176,0.5657111777667232,1.2882721049696082,-0.41398456577442466,0.28714799439294075,0.3306033367956951,0.16782318071958746,-0.5309292924833464,0.4281810603529581,1.18231312322183,1.5987882562949782,0.06884142418694239,1.6749567315983152,1.0188062797054853,-1.9570071802874218,0.21929384765049476,-0.9592102476734776,-0.9086866002311915,-1.5270377313165397,0.760878865138259,0.6721508318961597,-0.9394852005187196,-1.555585769393982,-1.3563087670349607,-0.4131848370337582,-0.9325886604381863,-0.16241914231244567,-0.4146692631511262,-1.447338404769168,-1.6459682593865077,-0.48260515809590515,1.0831260235324212,-0.4118159546082913,0.0008355531220106786,-0.9384955899181957,0.5842292406204008,-0.3502575973573455,0.6899131261717325,-0.36486656036621407,2.4274391432549267,-0.05208874355554438,-0.8516922357873928,-1.1252668537185433,0.7432286588905904,1.8156732283310877,-0.9530275744835701,-1.7810062927952197,-1.5432560852442831,-1.24198382146934,2.008295371247682,-0.5848039433294638,0.2752428707619628,-1.1004749714684188,0.3876556447653169,1.5362704160892289,1.922991116610714,-1.7086810486294355,2.034605932063388,-0.1330816902781085,-0.57466610213525,-0.4594757694228474,-0.4032809212472517,1.078115677754407,-0.6767786357573051,-0.2310793047728355,0.22899462457683606,0.31496501413086636,0.4570859143631584,1.7313050328407735,-0.701826621682345,-0.4032389156126552,0.3496931414925103,0.19503841505601227,0.28941474000344075,-0.5595330686762539,0.8895630449076146,-0.9702118841937127,-0.2908358090258203,-0.6325666240507574,-2.3999321092659542,-2.2000919310004154,0.5459611190396202,0.1782634383638214,0.7860219150506863,0.9705574821042402,-0.16768075729728116,-0.19673228999279402,-1.3491885381534152,1.536912656265501,-2.3502026499848987,3.1588041023507114,0.012234836142811657,1.02520997634489,0.25126582228685346,1.140864454601396,2.062155675631243,-0.40380122122893586,0.6420083355855242,-0.557629568874382,0.28665799395829467,1.5983557520464968,-1.018650960948937,0.03749565333256294,1.0784739723546244,-0.2646245669669698,-0.22612072137115585,0.3871646056879526,0.7487128494688192,-0.4113906859758084,-1.2385015407177118,-1.0149383612475111,0.4498217674380972,0.364809559984645,0.11840378259066568,0.2958896915748958,1.5233932166931947,1.784474188654367,-1.436806557810597,-0.28690765713377114,1.6880842646164744,0.12084445360986892,0.720229788345242,0.14410652850716443,-1.9474839559109882,-0.3920850422900106,1.8534198014940766,1.6932891100683867,0.41234210823693346,1.320276385957898,-0.7370718204905462,2.234014462887727,0.8586569079624274,-0.10196529650744496,0.3986748055021975,2.7770104728809732,0.5629235680982811,-1.8048941951843156,-0.5416184409991275,-1.1745903010807628,-0.43053390110400763,-1.6471332133076382,1.4577035747404867,1.783480320662579,-0.16579740040995128,-1.2576527718120545,-0.0702964405517354,-0.7034586625758936,-0.8685434801498956,0.08760376840593441,-0.531036349082266,1.2967893856326784,-0.37419590972082606,1.7780174176159924
23bf879effb670573dc4e0ce3f5b3240c2304d63cdfe6e5bfefbdace495842c0,1,0.39469798149073193,0.7170393620472875,1.6538167957966405,0.08674120411758562,0.38554981515928766,1.3756452479661454,-1.1433925495417867,-0.05577957265492284,-0.30977545720928235,0.9127399264131656,0.2441421422936226,1.3046509710470455,-0.15622024159130274,1.132242882279451,1.018467428477742,2.62345280750362,0.007719247851288025,0.12439652968066484,0.5452119000534462,-0.32396041799134867,-0.6048560033145627,2.1457468328808806,-0.5988178037503502,1.0242888159980112,0.14664783456603703,-0.15369775113391465,1.3704998027194333,0.2509723605708196,0.21338291867292147,-0.2441717607806283,-0.2800073698311624,1.7755214033039532,-1.9903466801098788,0.06078631331433759,-1.0446737932933474,0.7485172976615736,-0.6116535011472348,1.509096091341247,-1.4241985147893188,1.5898059032013374,-0.39878080842525865,-0.10079898369025841,0.3068633608919349,-1.1640289192124575,-0.42596597799563296,-0.2956758127383844,0.3885637792437793,0.3050779607909618,0.34165910284293566,0.4352850798730996,0.8324254319466216,1.2007792191187505,-0.38479546874697446,1.6856431185116696,-0.1091607174236161,0.32000742685777944,0.11240236266619025,-0.03019332475389508,-0.2933593947337063,0.04130959704391657,-1.2766369298648002,-0.4513819154689008,-0.18128034923457537,1.5786559084675897,2.182578134825757,-0.45411409541672737,0.12685174522535675,0.6411824791705956,0.4679609288895913,0.8653457477979636,2.0738991272800584,2.322624853619382,0.8535521596338865,-0.4027918708743457,0.970862268396815,2.0006995743810654,-0.5675906995679149,-0.2759788063906084,0.8406575367423947,-0.21182639765635197,0.9670666398717755,-0.8382612448407174,0.6240718368656994,0.9763512649118362,2.004081208935668,-0.9195094208575901,-2.8274284583365703,1.1980545504321005,2.0619113959249176,1.9725460140777569,1.911108367157148,1.2732930549942112,-1.2863056395971244,0.4757741985578222,0.1792899709139648,-1.9648133480530865,2.3899299010300457,-0.045785618813343434,0.36567268368997174,1.1369225754154622,1.3236838679298475,0.788279104085643,-0.2632683033803843,0.7650012900759768,1.9749862396851603,0.30006193573960965,-0.1900526240100877,1.2555093135951472,0.8427351484368611,0.45423294460305735,0.576251180556554,0.020895280065774763,-0.4102615207088336,1.8795694484781984,1.2646503632543413,-0.20010282334440965,0.03918646914773005,3.1230249669944654,-0.9728061723081853,-1.033437035895269,-1.599386688300492,0.07776935814363178,-0.35666712995220273,-0.009334204056326567,-3.7219576848999756,0.5150397076693951,2.2312300087584997,-0.30884946443507977,0.1848452978890241,0.16513228316223932,1.4452851764904688,0.44175681316435284,-0.07398832030380689,-0.09095406620560184,-1.8403863675105714,2.2308747976842063,-0.4646508049977651,-1.2306605473267807,-1.5764350991125424,0.919375167185318,0.8463505935011864,0.028855632060380727,1.7231784879903453,-1.367378768716795,0.4362730805176926,-0.641982933497969,0.9937228450724507,-0.20060935421846487,0.04386474663424207,-0.9291696929553952,0.6803756013467268,1.3215299295805694,0.28762537873254646,0.9628561478222002,-0.22241788904182969,1.1640903912501561,-0.9661820224490102,0.44781681384793426,0.27264176870918777,1.152912357760349,-0.22840722085984103,0.13265041275856518,-1.1206677775750005,-0.6212623504914063,2.639711343061792,0.619625150498859,0.12810753961520338,0.4790770360169559,-0.09129368889246861,0.49971613609008786,-0.5762508786409898,-0.3594979244655778,2.058199155518297,0.6961284977563728,-1.425000568651276,-0.638205909955457,-1.6785271744096468,-0.2733691811251249,-0.7779597535936198,0.41113489604983605,-0.2355629592974282,0.13268975106411218,1.0734377980980687,-1.2421000225474146,0.20688608292785046,0.2916445338699873,0.2751783012092641,-0.7746158883605618,0.28793396987272474,-0.4902077480362559,-0.04956778341425641,-1.2148547261119838
041f1d16a2b247c99d391daf00570ab9b389d3df0b1a1b41221cb7d369206c52,1,-1.9067628614216396,0.3929706726562055,-0.49380272286411975,1.827630185803889,1.1411230717507106,-1.0772778590494512,2.244670209749315,-0.2689505190263746,-1.3377236989925878,1.113201703632555,-1.261982498963012,0.13547925736891175,-1.2722262570445497,-2.4524171120183125,-0.6233372126527099,1.6639656347515281,0.677772233386645,-0.07955124789312307,0.7740235856007214,0.9054543500576289,0.013317952028593594,-0.7547769731379133,0.5505131581217729,-0.3031977583561044,0.6577478612384517,-2.002141817321452,-1.193973076224248,1.6321013048299866,1.0566755179522316,0.1511047753341187,-0.11907801255636014,0.28637403954124563,0.9482461696182951,1.031363255396228,0.5856093149212137,0.16007386845639618,-1.3222243132300715,-0.796966513309521,-0.1948455618264997,-0.7285447777706445,1.425876777730417,0.1749679968844421,0.5104540509209222,-1.4452140706529453,1.4571851271225855,1.069226079674825,0.7336478084107296,1.867814304367141,0.6979460430040481,-2.335712383602266,2.650951798448026,-1.868363447037261,0.5493751514773597,0.10806435786091012,2.675067502862901,-0.15062085448946613,1.8573737891194113,1.7710121534810357,-1.1690284786043383,-0.027741891587675455,-0.8745333573615724,0.23818395600717446,-0.9677818792363877,-0.4889646731803179,0.3187513669743391,0.42379289525249847,-1.3603434072426093,0.48238365858648763,-0.07201889463179345,-0.9157548170916318,-1.4317021395441696,0.2225450530310895,-0.017424445396609034,-1.2868416467052863,-1.3297352784880774,-0.8184871849283346,1.2156924311958024,0.8904918943347229,-1.1076661910651087,-0.45941487289307686,-0.08965024008867739,-1.1914787702385339,2.248714475933431,1.986979062459477,-1.3063824067082916,0.06644029981381355,-0.7808317632086578,0.09757468324215693,1.5456270964086753,0.14736807997993878,-1.1726444992969398,-2.074160439010002,-0.2677765492128063,0.17192798677598342,0.5158844695190135,-0.5532935326328946,0.6636937996393376,-0.44823124064310566,-1.4023120674089533,-1.0956325501643471,1.5975484034319558,-0.1320636225309684,0.9134490921995053,0.6628270896812305,0.19508353391191463,-0.4913815709247251,-0.7418800174471203,-0.05394451537519018,0.06886811991327568,-1.5760487167622825,0.8545354531245405,1.4130357343662905,-0.07221769055099483,0.29757559545101825,-1.5494248974216105,0.6291463216102191,0.39319263935935156,0.12622271331139578,0.5848933399350856,0.44283121977034645,1.098900121666083,-0.4805816740772648,-1.5469638087668425,-0.22165296928309142,2.87356182286832,0.4241012434251563,0.6162511168799103,0.2970851382073808,-1.9813808591998392,-1.1021459674961305,-0.4671090407481417,-0.21540519710378678,-0.04255885016308961,2.0775576967572618,0.37981048143424634,0.4874408623327565,0.22000692858130705,-1.6622907340287205,-0.22863868795846523,-1.3306870624141305,-2.7967783545433953,-0.8010559780689115,1.4491552552406795,1.5619157675420643,0.27350380703529376,-1.5554002267740457,0.1397564235163551,-1.7574432725523244,-0.6175690224691229,-1.7816251562573704,-0.39272995572742186,-0.3036608213311698,0.20838494368049093,-0.5572442854947777,-1.4252713139764148,1.0738178315149731,-0.8274977690687535,1.1972187345065373,0.4355835822249546,-0.387162099219052,-2.0823778346630086,0.6582465452826367,-0.1555800672836012,-1.3922586371931933,1.3351509158615862,0.5671482386818745,2.1056658112683504,1.711356429979176,0.45998480420996896,-1.0989143386045062,0.3235429335120366,0.5517988656214942,1.6298410447427931,-1.1577977098670431,0.5714389835938912,-0.13362065157068748,0.04301774551681076,-1.3140879007854027,-0.14831556950804498,0.5144585361051147,-0.3303042096989188,-0.06120428405979987,-3.2098973865156424,0.9817016970450544,0.5466850786105689,-0.8448326541865502,0.23319297608699976,-1.04744483565315,-0.6100573685673403,0.7041456836673583,-0.6548739204166278,-0.1958679800193224
d4feb844059de8fa0a7cab031b57fd4eb68f3384eb326ff947520f487992baa0,1,2.1676910828945166,-1.5276379076122697,-0.6138103899868146,0.4158536711471228,-1.4588577965040173,0.2517198297551039,-0.14382382552996587,-0.08777640357065693,0.00824560101338434,-0.7532765244766936,-0.6081067203725715,0.7358719266835346,-1.3024020401414549,1.479899533390178,0.9378063501090179,-0.2487038202566434,-0.28364414475978084,-1.4471832461944658,-0.4783116702182182,0.22058097826667114,0.7994904080375227,-0.23230455919629034,0.7831619170461044,0.3677160455838002,0.4552825510426097,0.8120244304970219,-0.06462859123709874,-0.7754731642221886,-0.19595171216435936,1.6964396863746232,0.4620530805320091,0.2087532732103523,-0.13794456257956544,0.38656958360038374,-2.1174824542756463,0.41716392264437213,-0.839930309582807,-0.35649676015262727,-1.421871945360383,-0.38373603450117433,1.1803139103922984,2.0265607381977393,-0.38274208783964614,-0.08331502283383507,0.4203395939728121,0.45784116971463457,0.34856209413491834,0.19385342240389664,1.832417081611517,-0.49234347054874605,0.41989577503317155,0.0672215919707404,-0.3208077937293751,-0.8684691823092663,1.3654763455674115,-1.0082079894572962,1.7567486576555045,-1.4611564929491179,-1.0535311870908783,0.05695297086595126,0.671196700447484,-0.3253184549729591,0.1506472207562064,0.46040136485723243,0.19337667345300802,-0.8858288664130662,0.46734174807745077,1.7161173660576086,0.06026478071143454,0.4264736514962276,1.7841632142580108,0.3176076476338841,1.5748540305158647,1.3111798913034556,0.5970362770743152,-1.1861719857949193,0.7311314695053304,0.38963384872135387,-0.013928151996527874,0.8213369264551377,-0.2560169483085011,0.5661155216795952,-1.3743328466470761,-1.3534035306921246,-1.3316995763895605,-0.1540114203407693,-1.0683458082649098,-0.26703009428150676,1.2062759025882446,-1.8752064727014333,-0.12667324709565575,-0.8832206550160219,1.5255120015070718,0.33679792311255596,-0.6360618611543859,1.12706892191785,-0.5265958672517344,0.31007962080779683,1.656119923883646,0.7688310976497388,1.0426023032088323,-1.6259253442091275,0.198851530695065,-0.5839211237170717,0.8833857635904121,-0.18258378696612831,-1.17972751989397,0.8828652647228263,0.5444291981634328,-0.829757183512281,-0.42395168174026554,1.7182635041629224,-0.17584763750894475,0.3182353746164248,-0.7913069440052677,1.3593371881485885,0.6371283664345614,-0.3289439615070659,1.6670139270350521,1.740831685950724,0.7903855035569454,0.04626351241618426,-1.00786733265135,0.6733916611538068,-0.7474820678067217,1.223749297938212,0.24832392221846977,-0.9461637079255814,0.6308303406264779,-0.5766052788709228,0.15808764260543343,1.6413938325427566,0.6839412734038458,-1.1995062425483103,0.8316497755723022,0.7810638190230006,-1.6113867658372492,-0.6029992674777583,0.6484438235164294,1.5858389513697153,-1.8738893092922617,0.9950219207548547,-0.38129469170329294,0.440239739326245,0.6059102783429915,0.6239355085329771,-1.789288853224236,-1.4584234500459698,-0.040904411302061676,-0.819264397252835,-3.038314916393424,-1.37643509991065,0.5414094713330745,-1.1829180993233028,-0.15117182368506146,-0.25747669603392404,-0.04635944485763682,-0.792110039267191,-0.9821670798655271,-1.0532289819529554,-1.2941205507540372,-0.11636199454113805,1.2289909510898105,-0.29263057317264113,1.2458144996821578,-0.2847259168839071,-0.5514852380098215,-0.6401229574217828,-0.25915101974698124,-1.187133376055452,0.746427846911447,-0.26841805443383865,-0.003096262153400335,1.8384425547475007,-0.5261850461964013,-0.650150882273455,-1.3057053054875387,0.5818675999146404,-0.893093260437519,-0.7293935765389963,1.2642835621459967,-0.6143068695408337,-4.10438228481046,0.19777231260987377,2.107098702273765,0.8817738726676304,-1.2104968469204462,0.7900244555424905,-1.3313435449974051,-0.7989068710435585,-2.2030890216358796,-2.1005622381221825
6f06fa082e6f50d84cc645f4c7197f0642b250d970ea798928e4ee3ec82452dc,1,0.06227943258152946,-1.2192873045400097,1.0304159857824151,0.07884466633907644,0.018978575611844878,0.9245998544701195,-1.7150608136530017,2.0215308239055494,-0.12479750256573308,-0.5416169584077566,-0.036904000898619393,-0.29606116162031765,0.6551129147487368,-0.5830862678246287,-1.1502986961864168,0.5854563646456984,0.4157653074017458,-1.0678979376037636,-1.7416527925067835,3.24376744931402,-0.7069281934522202,0.2428301215886745,-0.3262265034180993,0.3410862804981736,1.4158711527882728,0.4548746197500065,-0.14702930746042378,0.7104218790892576,1.4705488361760517,-0.6145131059230735,-0.879163764771865,-0.20916701066706928,2.6957834843984783,-0.871548481066215,0.07602411875391446,-0.47205554443686853,1.1464174359221713,-0.12262137879446772,0.887871596035309,0.6897964753079417,-0.30868014818320444,0.014788706161892935,0.39063200415706745,0.4159024544854164,-1.8526256449157539,0.27214386003598556,1.6675525688555681,0.14954514821107967,0.808843719313055,0.18077825837374567,-0.569015007262657,1.5005082784852264,0.4607266961204133,-0.2350882496860316,1.3626191069779676,-0.003581985872351527,-0.7149902403373323,-0.8411060269160748,-0.3743795677497959,0.22628814987668927,0.22502090825126453,0.6012678183880973,0.15349910375869213,0.5649820366260792,0.2249213605840261,1.5401656602550942,0.45533002921895604,-0.3633297879677785,0.812770002765492,0.6895995180273582,-1.2208745519488824,-0.01718092859817477,-1.166851853089785,1.7984239312443737,0.2368166274119976,0.9643438218930664,-0.06970329380833407,2.1622621290991373,0.8568747218546969,0.785315588822477,1.5046125890101198,-0.09163388886419938,1.802620119829991,-0.27304192996950283,-1.8645782735158407,-0.7990866180153591,0.24189705937096367,-1.879650987726908,-0.09579160842475098,-1.6477628374548983,0.9194109163271708,2.1529706598467553,0.09637212989571287,0.782840626556639,0.4259254591191745,1.6009453989188023,-0.07809836614511967,0.10790037922298953,0.05562310673004872,0.6383095727159886,-0.828508993743845,0.11764958741886206,-0.46032094642408805,-1.1541887787693457,1.977121265909807,0.08553955371419342,0.15742755687001653,0.4129495430626678,1.3170859989722392,0.7197903085520878,0.7384417753420527,0.9487555762636654,0.3316345888704757,0.5584465258514466,-0.1480572775837879,-0.2243505982801418,-0.7498691169783389,-0.48918596483477284,0.30197008312066237,0.8482721023244901,-2.1818661206415824,0.10124317047653436,-0.002888083780202444,0.7028829321889289,0.10138891565870062,-1.0720451978643115,0.3063853483633367,-1.465786825692766,-1.0083020336007664,-0.28587205381862696,0.32399446709421126,-0.3978130697576951,-1.8003885805241824,-0.5224265126607109,-0.7480697899568457,0.745684921270728,-1.294043970117191,-2.3488836098997945,-1.0033258975092465,1.5836159646544592,0.5774587816969159,-0.6741521125633213,-0.13534822408311348,0.5585731826743647,1.7177182275084697,-2.1803988439105195,2.3563312752650933,-0.20136145109862869,1.96806247440846,-0.7438446307167198,1.165650156428882,0.7209376341500318,-1.6463343494249532,-0.09262147379921935,0.7068378474504518,1.1364434773025396,-0.5551060156940107,1.528582444560662,0.5202623383602974,1.6306757393302402,-1.2153026665383548,-1.1163853102386727,-1.34815567205779,-1.1988288372786875,0.4967433421072238,-0.8729606515068759,0.6741610107280931,0.7381818301210185,-1.9314457049655405,-1.0704552611600537,-1.447455196834822,0.351137307896864,0.6332703772439394,1.0813928013123584,1.7920088773201612,1.9470009716197847,-0.010342201026315714,0.09471580163207409,0.1878303815782692,-0.42808578869671016,0.6687596710354986,-1.284673487403466,-3.631203420970151,0.6973677682142706,-0.6349739764418153,0.17569085030524867,-3.0666549458048813,-1.956952021186642,-0.23690148009410963,-0.4977614676934994,-0.599792956771653,-0.20289201544287155
5bed181f64afa9790a28f29773b9c0bf3c030c8b999723635b0c31849ba6c855,1,-0.748478459315724,0.3007113533897564,-0.5203136685896294,1.3119688744270332,0.8932763608259887,-0.44118133734606996,-0.9550856920338453,-0.17863288134064767,0.9245350404014776,-1.1341021872164319,-0.08562301192161381,1.0928933931338307,0.06608741019303133,0.8066465962836,-0.02929130403636382,-1.048179100085247,0.4778935389632005,-0.6398000948240189,-0.8496301426961114,-1.198697615135497,1.3946764455614462,-0.19802319110941458,-0.6013132936151802,0.0040712163077433194,-0.4068183105019606,0.7917083361122738,1.3706658383456491,-0.25417531740616606,1.9906263872626224,-0.45614511619287973,0.248045788241282,-1.1356976329535828,0.675147365164857,0.6272167245519946,0.9647962909060162,0.7137221362957333,-0.330486994965169,-1.1614461008464665,-0.1464885323641394,-0.06868581581392963,-0.885933278452196,-1.6864306243724951,-0.11274580726597327,1.028840948506978,-1.4157119836624101,0.4122852391930739,-0.7069259153456967,0.18681943261280093,-0.20670166594777328,1.9952310595595977,-0.4247387605730326,1.6708300296405583,-1.0881791742292792,-2.6591022971282343,-0.4808432102060658,1.0433427379437274,-0.7873486101775087,0.03451722895620302,0.5734226762042332,-0.036879019164022225,-2.0694751030893515,0.47304030167125033,-0.6725172211122928,2.938993490119611,-1.429226978213172,-0.011829252020682468,-0.6138057215643833,1.9630604058009422,-0.23488478540282615,-1.039829665558709,0.6944650592396929,-1.179008601329051,1.2867238283964142,-0.23420632591350393,0.8340022461437392,-2.3558807335097893,0.4512421227379879,0.5161497104685017,-0.6801325620843033,-0.13451626871269312,-1.0358265003593123,0.021933692019042272,0.2156510329871712,0.11181439951876349,0.751167346222475,0.8500204220356966,1.2235184398255863,0.9776919115369148,0.44200070853815915,0.47667119744063735,-0.7996758559945667,-1.1593409673935824,-1.2744261623952293,-2.2608704100606616,-0.09304821289572761,-2.368385465942966,0.6713637677302429,-0.6665258442102759,1.3748127273819095,0.9153996677273306,-0.6347825180828928,-2.1191649418559337,0.4542891572067616,1.2215630243550801,0.38026736672759776,-1.2365782356808275,1.2434683982859571,1.1193830609420645,-0.8034070218384125,-0.05274339332957631,-1.438830589674682,0.7552975829897594,0.12862468782568223,1.3176601084653727,0.7944964277160446,0.6675424361784283,-1.8408668462136242,-1.5507121603564138,-0.7244916206517216,-0.4464157241330418,-0.7440458654992623,0.3540207566549519,0.32411222636970394,1.348755922971546,-0.05980002466840373,0.508476212210614,-0.7071638175730219,0.03431912163945694,-1.8181059381640212,-1.7637101988730084,-0.1448307337419781,0.4718169183519253,-0.5776253198025505,-2.141473987934946,1.4010441499955109,-0.34649100296509,-1.9623362805241666,0.030892610034993218,-0.19292915493300714,0.45399682475177866,0.789834045861916,1.2382610231766298,-0.4563905565483047,1.0810992407258073,0.9071811864262908,-0.9671009227859835,1.0435769381516125,1.269578766703178,-2.416337491203914,3.199186244157399,-1.46394881984981,1.1795215413306472,-0.8875050680493095,-0.32454342400379865,1.3430145019960116,0.7048488173179825,-1.1798442093879942,0.9162062798299463,0.12182035487835668,-1.0281270079749258,-1.061552609797715,-0.21641188027835798,-1.6798151585689978,1.3707881737941228,-1.8746174682803187,-1.0917492130066444,-3.8652079156829444,-0.24276406304937465,0.6595800344684328,0.9496243284162358,2.2340528905886443,0.21256654072361827,-0.859025513281491,-0.34113591770859153,-0.6811014612264576,1.2655483606898834,1.5640996486657281,-0.6883919456228366,0.3377305497489421,-0.017137791073531253,-0.5325835823148318,0.918071780791943,0.5499003768549792,1.057240048206465,-0.06913701868845444,-0.1532705463904183,-0.30367115506778974,0.09114286004373734,1.8566988214798454,0.7662423933653069,-0.5937113009331862,2.5556871171930204
2e698dd936e6312e55823d5dcfc335123feca659cbec05dce4475e9cc11238a7,1,0.692517070154356,1.404788049272209,1.0149904350949233,0.8669219327260826,2.221275990027901,-0.7491494910488605,0.9167437712567683,1.1753950895506318,0.07006996069186389,0.09703680199322123,0.6582619258940929,0.23625299581885223,-1.989773629754753,-0.9816225719739642,-0.6942265850187461,0.25418460967730805,0.9716256384508121,-0.9055270037110035,-0.14676441830926074,-0.042366703014723284,1.5893193236057954,0.591664735346935,0.568358651811113,0.4103662500891326,1.2599029190555024,1.0562960346390637,0.7907939422523175,0.4341571005869277,1.873241517482683,1.199975287083414,1.0680155247560688,0.31348024183643974,0.431492851940414,1.1886682565685802,0.37424824974877885,-0.8095432857383191,0.8126618175704818,0.2872898909470755,1.0685166736200378,-1.0511448839433808,0.037199926115690785,0.45473264771574057,-0.7286348380363639,-0.547671777226354,2.3652822952169714,0.9725191282432688,-0.684867407764038,0.6380602144432943,0.3556983824383071,-3.278376292640564,-1.0252754906975372,0.46009227108407724,-0.5800300882941667,-0.3651714875749671,-0.7345944375110119,-1.2364720537479295,0.11705577956925493,0.1987087699566376,-0.128853803594633,0.18444875475558456,1.7620585674550824,0.8231944096987072,-0.42080775319516583,-0.9038546911027088,0.7948884452715699,1.8144304827506623,-0.43971661239336557,1.1284704021850378,-0.7033797506477508,1.2546532906016976,-0.002856020822934943,-0.31093694462321625,-0.8177763639116314,1.0775271884692894,1.188013911455095,0.9003420614791435,1.7919672531093134,-0.4494885448386695,-0.6934416480753214,1.1144345080264633,1.181193339125305,-0.7426151175945146,-0.9927928760313782,0.14361895520205942,-0.6758684069527098,-1.0658186320497873,1.1831785395499392,-0.3604970650319234,0.23613969579122157,1.451947090965275,1.817228309918714,-0.13404308041451368,-0.008286447724069279,-0.2531712405171227,0.7793320423164568,1.5510379004735966,-1.4491343143756672,0.03275031652701332,-0.912326725894234,1.4348694005880578,2.4050260304471216,0.07060406706869823,-0.21401467485704515,1.3796712328289034,-1.4095266036083225,0.07695902677547384,0.6139199374764134,1.5477675166032374,-0.8764775731693654,1.437391758531304,0.09684147267480092,0.759974829546122,0.05751467513751718,-1.0909455085899131,1.6063900591482843,1.4781282714252137,0.7076582432118868,-1.5368666434029845,1.4212452278542351,0.36831603145678304,-1.864855174468067,0.10731390162547244,-0.20137202327393824,1.0184599781731012,-0.3638716718361818,-0.563381980608081,-0.266844846510653,-0.6427381525555971,2.005647145686789,0.7791295566552359,-0.9456601105958848,0.4597477121597226,-0.029432260119698288,-1.5925436526580965,-0.6231112423982185,-1.8555178405254174,-1.6304278705387396,0.944660940023214,-0.5170888682436282,1.4576463982182768,-0.393946971227809,0.9297743643631613,0.3206769267566587,-1.846172584413281,0.201837546407451,1.2752981710491595,-1.449937839341613,0.2816472690751152,0.5566350785997326,0.16833650491509122,0.3754310602353204,3.7089062347948105,1.9956775422354798,2.180892721065737,1.7532658835532793,0.10342148613205933,1.784509582434915,-0.1473531061645157,-0.45319083962783085,-0.5697294590275017,-0.31897751629764676,2.2398213440507173,2.265255967363028,0.6034958454819896,-1.2688168777522597,-0.30048744817882206,0.281562056709457,1.3055077864934146,-1.4160827339621394,1.3624708475573326,-0.8737084703029953,-1.6999312512551,-0.7630861699603342,1.8516593126373164,0.8525598423753329,-0.2232118859522386,-0.9382136652157718,0.46787374098250784,-1.305594206440418,0.8856001650236225,0.18294366016953284,-2.3744768534934773,-0.3490820193894744,0.7089745712859284,1.2026410451859357,0.8192241040231822,0.5114249618197131,-0.1614594479620067,0.3179009226933749,1.2561914075565568,-0.12375921649269661,1.6026820140226836
57756cb0b46a8b6405b1195b303f6c9cd86c50c49c79a78de337b02430390a2c,1,0.5785991786237998,-0.2622952574177797,-0.03817079392366063,0.6924301780375526,0.6887664172057291,0.0011508242439274285,0.4192288866601846,0.06547570448835419,2.4086761087189736,0.48177570608088005,-0.0848877579259453,1.2694111949979805,2.3203034626506005,1.344677974542281,0.5513892004301262,1.1126567731515187,0.9594978609436051,0.4226649130521283,-0.3305786110226534,0.9534629781793964,1.605612786532038,1.4526604860956223,0.35110796412038514,0.8227125505111066,-0.24974556240724866,-0.8207176872386608,2.1528874338798887,-0.4176949661368137,0.6589031185303815,-0.2730738364811133,0.8037031523929195,0.9440468542233933,-0.8177534028786969,-0.9332301170906285,0.6404803806153763,-0.1678766815118633,1.2934990163706017,-0.9385665427164416,-2.125931658907325,-0.45473856023181103,0.9596799136565071,0.7367481758000681,-1.977380011199037,-1.1006734878256708,-0.9395748336339954,2.509612154079852,0.4573800101002519,1.0019250358151301,1.2244511819708994,0.536504802029562,-0.38274082791355934,-2.091847797749401,1.4653316452205623,-0.7795179844486437,-0.9897177141415299,-0.789626656040652,0.5825142268321265,0.3351073045502393,-0.38518144437857893,-0.1923272388680766,1.787014985138063,-0.33661146865615776,1.7818048617557332,0.7846205078000633,0.22576713316401242,3.197444536773321,0.8230448793356018,-1.0166562648324091,0.7946028450594023,1.039469516686448,0.8154863511635757,-0.8163289322918841,0.9015973874272599,0.4264968630664645,3.124802695295707,-0.5915147135615009,-1.006871823941544,1.0581415394894917,-1.4266664475466382,1.2354723232506954,0.5311739896212155,0.9958854560737005,0.32755263769455645,1.0785705863034396,-0.47603004507499425,0.13628374438282884,0.15862480589491768,-0.42992328029291405,0.06843312697954415,1.7210178309381157,-0.24683210061835759,-0.7265975755667,-0.16693039810753157,0.21980992615968548,-1.51249633568439,-0.9085007240711318,2.0822638794075248,1.7180879586240467,-1.5164493823950762,0.00536356872216967,-0.5805444084921629,0.7900762188267719,-1.267246418335584,0.7021008866023328,0.2031070494782699,0.7827533011193011,-0.1464252792401317,-1.5507580344994292,-0.061569597882148,-0.9136764203044994,1.725824950682991,1.264389179397094,-0.49263143292488,2.7957965238045737,0.5976856334477728,0.3149140381918337,1.876038022032506,1.496114544760518,-0.09191656068823872,-0.5964622067439713,-0.7504847870501314,-1.3380037160080611,0.36607753461290704,0.49029008087985143,0.6007123677185975,1.7858048650178229,0.015700894067109145,0.9442475224365583,-0.03099464170575196,-0.6410288118482361,-0.10009891353653591,-0.947158277303843,0.5244039707229543,1.0456007923358805,0.08274257300350833,2.1768204608334023,1.6656138115578856,-0.8114805133352051,-0.11830855739779884,-2.104064288628914,1.1137915712257511,1.2937449885384655,-2.5756313017916033,1.1479273215331445,1.2647723638291286,0.3690329311861363,-0.36021762809097146,-1.6709595796182724,0.004812548619305881,1.5931137313465848,0.20604725008764072,0.4832262519088693,0.7333623376811264,-0.016740442851356375,0.03029341932085667,-2.4198517152611285,-0.5752437411324927,-0.35862269789447954,-0.08075472237123597,-0.18984086175794213,-1.8584768403161103,1.325577808085448,0.75446118809049,0.4343391309119049,-0.11735533355758741,-0.294829424301776,-0.9184937342817652,-0.46182212799644445,-1.1879330426856458,1.318862881974777,-0.033128059899262215,0.7573196337226548,1.0591465430165166,0.47913842738629453,-1.269301215868366,-0.1732044733455798,0.8060823502444037,-0.9433763607692377,1.6070310048415009,-0.8965974917124945,-1.2143894310009884,0.30368448636566997,0.7894114814244344,1.2283355180331665,0.9263076925105876,-1.2117187976909662,-0.9655722603896254,-0.07392255338888049,0.41203902316230157,-0.5013444018879964,0.06599494899903773,2.426589621238191
f466a65e30ac02db734c1475fe417710c96cb289217d4dbf608f1a3000ea6f5f,1,0.44619445840194766,1.983063441950029,-0.5045317993899727,-0.4815961502822896,1.2088603504931636,0.5515255650825441,-0.6898959224295691,0.6055485678052052,-0.5380944195397432,-0.644591272118884,1.038777092597307,-0.27480375508001686,0.09477472405715279,-0.5433117668473213,1.1778978970211589,1.0974902130365058,1.0001459031590394,-1.5652684863865467,1.12838698549851,1.460091026195774,1.8879053361399973,0.5505126747505474,-0.12040761741272538,1.771289622914784,0.6677858009826867,0.16279676695115208,-0.699644683111621,1.768681897931918,-1.5629907053593113,-0.5152065132131485,1.4688161768541357,-0.5213520719565911,1.7258699241343565,-0.02686541573068063,-1.6492959676951071,0.4576052578837852,0.18503988698842405,1.5237180285003804,0.05137664844029366,1.4274369116469252,0.8971344464446938,0.3207068417131336,1.48713035825941,0.39305191973753206,-0.34173858194312906,-1.0602363080817925,0.10529663901396358,-1.1485594544649627,1.2183322727033046,1.7876782517982173,-0.36560911724666634,0.22167604497426596,1.600460675180782,2.848309876105152,-2.2603204114758535,0.9204294838240183,0.5089933597904399,-0.1569629156844588,-0.5563890186604146,-2.121206715125624,1.029103056917207,-1.1831979305909064,1.017662108036832,-0.2605461248079065,0.3479924079423721,0.21450798329077908,-0.09519839412493553,-0.48259165588927105,1.0344469983326274,-1.8765887980063622,0.8668491678976327,0.19119865840343997,0.6770792224230251,-1.1357969456868613,0.853358847409064,0.3590687025247975,2.162096258744378,0.7193624854147914,-0.5512251062349849,0.861810722026619,2.7499113583656447,-0.32321431211073987,-1.6414128484939656,0.6593228066265142,-0.4227102479650562,0.5924128720617013,1.1005290074971021,1.2083043065580963,-1.0373557591074491,-1.1908163398832705,-0.9853691752356515,-1.0666878789543741,0.47699147803478564,0.7700384709137843,2.5933354497629084,1.8801316127883512,0.2399307348064218,0.9808051740363328,-1.7024217615891666,0.7314566565721523,0.43492629758255974,-0.32813005464596834,1.1160471788037523,1.1570533336121362,-0.38127612873611993,0.08913883593771735,1.923587068127897,2.125251517762147,1.546313372345116,1.3006906775601612,-0.7789774586873692,-0.2739845640110067,-1.3720883572408484,-1.3384300712939599,0.23662321544052994,3.0349980234756426,0.7955909640156736,0.5110255475176405,0.5785849107064875,0.7987825242298617,0.9371113401586877,-1.6469805418547714,-2.004077071232283,0.7955833270888273,-1.0024566984440697,0.697393382610553,0.577960087555482,-1.1253959721403144,0.8279720611583877,0.5026744780247907,-0.29563406802440134,-1.3128340424408589,-2.2887936572738004,1.242627812109137,3.834819348410971,1.6597501192544595,1.1488927873074173,1.2217474506756907,0.8404891272965889,-1.126089257532338,0.7622428874410494,0.4339434894857682,-1.0426506525239874,0.8028151705317311,0.2513782353660083,2.4184230815019796,-1.098266728644138,1.900885857349352,0.4757407095759581,1.192853058799328,0.5629189214965574,1.1884554871168818,1.4897171608552249,1.2753199926470569,-0.8842106507083556,0.5884199016929893,1.0818513910660161,2.7863557791272475,0.9071040501235716,1.084978499171851,1.4880907689430325,0.29462321152887616,-1.6398953301279067,0.37125223200017066,-0.007506532558639856,0.41515024788286425,-0.8801632120880651,-1.5512896012814703,-2.058235894794169,-0.30158294505350275,1.8138148734465382,-1.057142352368419,-0.9241616917603462,-0.8081468818089452,0.9830467166550584,0.6958883827272638,-0.8559102648900595,-0.18920578306458746,-0.5648545856710951,1.2673290831503223,0.4797779897280292,-0.5109384723847146,0.5537480288524689,-0.2098254708052479,1.088664460585511,-0.730547085692046,2.373458004796075,0.36099968566065177,-0.7118652079513428,1.3446896067051635,-1.8560390049825781,-0.4095767927292868
d5d10253e6d2b66117982758bfe39eec3e8f23396a011ea76f769ce27cc3cc53,1,0.8574777372885207,-1.9587332282727923,1.1226859250374595,0.13347147382087893,0.9001342040493814,0.7003263152351238,0.8903993583693972,0.6035893299729321,-0.3969029287323971,1.4759723253830688,0.5729595460933905,0.2543359104007881,1.6844347375044935,-0.22296440900457154,-1.2929298375370226,-0.1238193653579594,-0.9225834333167111,1.506178277121955,-1.2549437494772833,0.8601209894694856,1.8679263018598233,-1.248850493442987,-0.5720669502830289,-0.2572304179925752,-0.9000100946779803,1.678363951270209,1.9102674166096223,1.8161616341628781,0.3732418680595045,-1.225230812348424,-0.8020430644306681,-0.4991081009071088,-0.24062675808428538,0.4898780689568826,1.9718113508658854,-0.5764790710291607,2.2257622679050098,-1.1526283045266261,1.782037992527847,2.35133074703261,0.25816883851804306,-1.695820512536304,0.7010603837163316,0.417335944799081,-0.1875224748072314,2.870268105346978,0.680276280421966,1.5575472131656074,2.2368332373051936,2.427337592738085,-0.3424183649342489,0.7380140635675254,0.7502995482864501,0.6510941596155295,-0.07722720071796552,0.3763928754951924,1.4153311664832673,-0.26638380840513487,-0.9691830865695996,2.422157283665799,0.2737352762889165,-2.0964815176109717,-1.1888432305255678,0.3905684901139242,-2.1191486419343133,-1.6572343927019018,0.08476004708732549,0.7579848829567744,0.6576690922258758,-1.215117111912458,-0.08393152684396427,-0.45696270597558486,1.1776801825447154,-0.45985984883640424,0.8779851005468245,0.7949873690634275,0.7928747561410312,-1.3504364159009543,-1.704914767767607,1.5514635729770268,0.9790583273145648,2.099850754556357,0.7224076255486976,0.018018269304607204,-0.6202241229749172,2.462672784506557,1.551772588158311,0.7054662514864021,0.113230716238023,2.332830993554632,-0.6189043591703194,0.08668446119046913,0.1222909347272303,1.3328347858673824,1.6092479601280671,1.2207890491193254,0.1401967207049594,0.30340834343723433,-1.7556203664842494,1.2257843266285624,1.4931646849264357,3.0394031634003937,1.7950266029441568,-1.345311046273281,0.8683987830508504,-1.6245643295498475,-0.6300751679324139,1.410970544921679,1.2616346774853815,1.3262595950884757,-1.0360157148252316,0.5853601196338684,-0.20602979943226618,-1.7580934466886837,-1.595878335026181,1.0140725915220457,-0.44644144312079204,0.2175395709952972,-0.40288178457480694,-0.23899663133762192,-0.16281804696605517,0.7896286425462393,-1.1240008667525327,1.1856906588807947,1.36459332941378,-0.5988178554886784,0.9776486374585602,1.0180476829549785,2.020084876399528,-1.487413047508756,-1.0456989992858523,1.035601105197092,1.5998350021520855,-1.1237396753441218,1.4475502573542725,1.144620469511189,1.5386513419529375,-0.1120971095866943,0.752386119454802,0.376733258401958,-1.3729839824258159,-1.9914737999869465,1.72629725922864,1.0234985382982682,-0.569682274243322,-1.2847292795360166,-0.7292969053022108,2.200443962688271,-1.9019275962572582,-1.5476476903486658,0.37861410301471915,0.6924012555223358,0.3193390652292814,0.7806951787445493,-0.31412423486235197,0.5659017296567603,-0.4537706249183614,0.575713766873449,-1.5113202863621347,-1.402577881839657,-2.252115907550523,1.4864415394881143,-1.4214148765305177,0.9373752729398552,0.520273446119594,0.5139083978290739,-1.4648394878012752,-0.19022789181708885,0.2548678648564545,2.021159838946741,-0.9510997807175765,-1.038011157433895,-0.7519682129656549,-0.19402013710844043,-0.2732858056903944,-1.3292058115816796,0.359827534465831,-1.4232526090173092,-0.7871961620871679,-1.0463705396982665,-0.45608187506979553,-1.8509514332951895,1.4467011292198035,0.6233382868315483,1.540944779074763,1.1414941014374238,0.4901589414668303,0.11600429577235534,1.056989901723436,-0.15729278493735963,-1.8944962579685207,0.21848892927410338
4a4065e3a0c06d9dcb2943ab1ba67c9f8894936c6aa34add255f7d30250a7118,1,-0.7473481690883736,-1.8801292542004437,0.18406067574770069,-0.8784154990754713,0.8784686914111348,1.2084151569890293,0.08759419433159576,-0.4584403038724837,-0.4065315175826517,0.6374852718830053,0.30206974440146883,0.842485927994828,0.8758762937350446,0.0917891997495541,-1.1901011257049483,0.5659057648730533,1.1699383750700671,0.6756794267195082,-0.6569333692848904,1.7226825927721923,-0.006747188532541831,-2.0909955387543167,-0.9056074450207752,-0.8289544852312277,0.46808292626256204,2.0720994603525535,-1.2704589776016686,-1.0222461836848238,-0.7442826818464328,0.6126939145260415,0.8785604861270664,0.38514044780609796,0.9260769594439535,-0.145604657643572,0.2598487747081555,0.26133880841100177,-1.2412527560469324,-0.5827654521680061,-0.3041291497119883,0.7867926504923918,0.858821347398183,-0.6973620061256298,0.9306133356257089,-0.7168746261033252,1.3765613109968442,-2.228749959401144,-0.13348596739037674,1.0297387204318382,1.7118550939926678,0.8663357935047818,-1.173469266038834,0.051539419534427686,-1.0287248565821232,0.1223076437416761,0.4804990903917111,-0.5523084965897177,1.4650195782447715,0.02495369613116405,-1.099145399052157,0.6392922512618214,0.018750391543694178,-0.2628954887717421,-0.5533815185240677,0.7551980519920442,-1.3214069951322938,0.7952547117669533,-1.1123447846101553,0.9583683552123581,-0.6709557853395525,-1.4638474553111944,0.39657743196220846,-0.39843296859239796,-0.6416990425939105,0.5256145777835872,1.1968765503531604,1.4263065427504849,0.8220863945055817,0.4982712943286045,1.5533468056456097,0.554917849672887,-0.33767298378078475,0.9432958755548255,0.14241265804107994,-1.0951629272626442,0.3747342878917179,-1.4232475746927147,0.37558151849875715,0.7204789992268144,-1.744819871988967,-0.7378398964115325,0.10936975077351571,0.22620670340438218,1.2411651130989054,-0.6601994185717903,0.8840495736366789,-1.8487728762866031,0.8213405394376492,-0.9637626843504015,-0.07322247952648725,0.6252244302791767,-2.3876256875879225,-0.24855720375081347,2.773882948360099,0.5976689550364311,-0.43248020599275894,0.8178269703646693,0.6015526101422498,0.4896475516857694,0.578205578256139,0.3081846259783801,1.160118582092259,-1.6445761233937342,1.033814407949068,-0.042467906169556535,-0.2777968146072913,-0.7977254811061665,2.143593064824532,1.3734851161421666,-0.7790078360383473,1.7553412926461716,0.6525697080003199,-0.47850362747787306,-0.9533161109122744,-1.193169735293227,-0.17571165667454977,1.8414972262849798,-0.3001893608834529,-0.9401289412118381,0.3947364748068569,-1.1756054521967154,0.4850732513790697,-0.1297503717012377,0.9099421674911788,-0.14061323408161486,-0.362109990137195,-0.023467294775653805,-1.695752364959369,0.4429320078447955,0.6262216525246646,0.8163038332445501,-1.5370238032902408,-0.2309380911599015,1.0093653327688936,-0.4775812318706203,1.3253532988951653,2.2284004011970917,-0.9503897141850752,-0.7244290905342164,-1.0104440984945595,-0.6471873257211901,-1.3529410735219523,0.6225570249136178,2.678990333453298,1.302315845812192,0.41472568088845946,-0.6189488722720862,-0.6894898159427779,1.0464270137260905,1.4794123882329087,-1.359542175365395,0.7023899913631616,1.7301923614259147,-1.5307672645536468,-0.1972333898181457,1.5036902039399578,0.7922557018493827,-0.4549439635934438,-0.5900588734301663,-1.4590281618095888,0.07340987707151288,0.25556982784277976,2.6033822262554547,1.7288191973774925,0.46853785473576176,-1.6684633829104034,2.0108679073758795,0.00771280500985049,0.9783367915450457,0.2297208155138708,-0.2687888754794331,-0.1993215148367402,0.3998102619334293,-1.1800633430959222,-0.8089257258314779,-1.2214459481234456,-0.032834896073151806,-0.9435819287513929,1.383609292918273,-0.3249240016467247,1.5284870228577057,2.059602117442868,1.0817757900624903
d525f9625222e5f86aed156c48cdeb3f1fd01749ff9192df3938e364c7247350,1,1.0756656199711259,-0.49309036575165394,-1.319517451547374,-0.16634911016170517,1.4788812189781888,2.447876712472647,0.36365336291076744,2.4344511814006413,0.4185130653423608,-0.7893014201781525,1.7190240970251107,2.5356434598211246,1.0763852326872607,-1.9130794054415474,0.4694756362909437,0.76707604098874,1.03119080087669,2.0188552982541754,-1.389313931821566,2.8316248917247733,1.2515184430130486,2.5118960574595515,-1.1955544415837778,-1.625495850672889,-0.43305994695790706,0.023546541438233315,0.04970924902119972,-0.09983097995625156,-1.8115418666330692,-0.19138920626030986,-1.5303350205532988,-0.13958104495625465,0.6539743148769488,2.145634128283789,1.4373577186427036,-1.7002400858271085,-1.7645708768601585,2.5591242014669793,1.6740441012802496,1.028283949919688,0.21010555625722283,0.43761788406160806,2.2015128444658423,-1.2010127738392147,0.24299484486014838,-0.14505724325126979,0.8572160664089352,-0.673369248550778,1.1107942369113917,0.20398055439950558,-0.08868008318622295,1.7661729203913468,-0.7729066456743874,-0.6126142972863702,-0.12369257435266934,-0.2378169534071208,1.4451790671713098,2.243038241858322,0.5366501686001909,0.04949233592278224,0.08915180765506425,1.25145221121712,0.40989229151745543,1.0613247332439881,-0.9150604980275145,-0.36961019748064516,1.6532844166306486,-1.321242122993262,1.2038416655541062,0.6595190571541873,-1.3001017415996587,-0.9475313424372018,-0.0036078163262073595,-0.46460439263186015,-0.2223861238601119,0.49927882179452504,0.4753860458057934,0.36302403504715464,0.28104602869071366,0.1731632284896618,-1.0230786244258594,-0.622348327525692,0.47727740795932094,0.34498188953591225,0.7651026525635232,1.6887593579878288,0.46605905175690165,2.579681697294781,1.785039999112107,0.041227456440509735,0.47315875463710877,-0.4111514455864072,0.48752111303224044,-0.5873414781102422,-0.5734800776591938,1.8578993463193525,0.2949055562241966,0.041224643408467904,-0.028263551100846773,1.1454060592253796,-0.09855900575327048,1.0308445258792391,0.7209746994243321,0.1879668482906855,0.4526507901459739,0.929020361150779,1.5516517955589686,0.3049431120911747,0.8280763168305657,0.3402652793657658,0.05970379255104155,0.396775674359093,1.1328453188909406,-1.8952341833779873,1.8065539431232724,-2.3925065480849144,0.31796719987115757,0.6139570051379095,0.5110484112242688,-0.7185192070107664,0.18292526338912204,2.26836401862118,0.6855126199973348,1.5721163425706421,0.10417048394359785,2.066257864635525,-0.6665881200312325,0.3920084556774359,1.9468600823987265,-0.7744679245641457,-1.6830984731122591,-0.6182194519766074,-0.9319709037828976,-0.6219083151494398,1.0183346397091062,-2.4416609708105415,0.14928322711063763,-0.9765706306589055,0.7770730693072854,0.2434531830100196,1.107632681918326,-0.932450333919183,-2.3887083208345925,0.5085853118928652,1.9900252569406423,0.649395130448911,-1.3033405487818261,-0.2287641870478943,-0.6354143516778724,-1.3005255972814278,1.0768035137149603,0.022552333134925336,0.48616093001170996,0.6919310746142978,0.9697221892214719,0.6057815925126422,0.08349156211596101,-1.2600154429033614,-0.6215930272356129,-1.109950586589404,0.7240212060446574,-0.19684081562506567,-0.7575378766159125,-0.11988044287520136,1.417423598873121,-1.2731864589236903,-1.9206598501653547,-0.6682728064813394,0.7277464432719336,-1.0783602148607498,1.4198474307569597,-1.8213685529784391,0.3718458130893908,-0.8737901662042462,1.2532815999496074,0.46129547855866715,-1.3093985213488146,2.3444348455720627,0.7144397642893109,-0.20245933847027847,-0.08363233386238964,-0.35217163664553786,-1.0157157845295093,1.711375969052871,-1.1200253671932983,-0.014543703897030968,-0.8908000183756203,-0.6556133384285275,0.20006146836159414,1.4581659865193162,1.53685905377636,-0.7641386091234
ee566beca98845d526fde577f29ad36582ed1ff47dcc437cdf29f9afb19c0383,1,0.11322776416164426,1.2927487323435192,-1.0518365528507336,0.055087387960958245,-1.0966822161499121,1.468290865111478,0.31738145667115436,0.12979738566462873,0.29904702164714553,-0.6345042895071558,-1.4421399141630085,-1.0621224257460444,-0.44506540819428136,0.7719837181473636,-0.5749066454992664,0.7396833596369772,1.0258619695915745,-0.5132843905436957,0.7486135113478914,-1.038513160202754,-0.8176387278755464,-1.3624867549825193,-0.5015498141837949,2.071911123749061,0.5601968131032329,-1.500229724504213,-1.3442294275259024,-1.4596760447784656,1.1867026765638422,0.5071298293159198,1.7447768208021874,-1.1548325790338068,-0.5840640615978181,-0.3519500277047749,0.986298091138946,0.5358580742182317,-3.0580482004260108,0.1781503487361311,0.6573768982961616,0.37774077456345073,0.38340592709975485,2.175874814189681,1.2106829805701458,-0.5562778897721344,0.9503167145722565,-0.3684772279268626,-0.27901242885414196,0.8859659893807055,0.9503316135926432,-0.09719172259648856,1.7845490329223934,-0.1565387989264201,-0.40022159462715146,0.15155194672267147,-1.6612120231996799,1.772204307118291,0.2332354343604962,-0.7984223583029002,1.7109745508078453,1.4766204156223575,0.17594157405434424,-0.6886163339503625,-0.049299044430871936,2.1466882259911375,-0.6142279503311157,1.9297829851255233,0.3709899622476269,0.6569995363385833,-1.1512411256614326,0.33376536697472936,-0.20015477323104086,0.10511348454267117,0.3057426759300129,-2.009822972119363,0.05356572516922564,0.6246897411408772,1.1799494902222607,0.46437733836124573,-0.21537765060721764,-1.370229581515055,-0.5542210650626781,-0.3788628267943122,2.2242694355067156,-1.5692743353025023,-0.8236826009647195,-1.0459285389819977,1.464730905566139,-0.019892228367483222,1.1167599753263673,1.5955493114847594,-1.960967912867226,1.2025551566750723,-0.9065194848436894,-0.0034052741017334166,0.12194425260835817,-1.6003690922019533,0.4343087201443113,-1.0938132260126188,-1.2810694572934513,1.3037193382005077,0.33126429480786806,0.7557230123549932,0.23436052372566757,2.6787204128341813,-1.9700704442004675,1.539470335751905,1.191888056689892,0.26785455764900573,1.3417068393823546,2.3069200571068484,0.4327694304648194,-0.5953783007019787,0.07565450279494375,1.3000655866322886,-0.153178073875246,-0.39363378324289594,0.6322124365238443,0.6210015393576079,-1.1729828479420679,2.7840252378618615,-0.33614662109886256,-0.6583061969875719,0.40255609417177823,1.6717517665470099,0.12731108066667868,-1.2591875847761353,0.9514338027960321,1.2625928325791138,0.308330601798367,-0.39648862849093924,1.1742880549635015,1.581951119971678,-2.325437187042146,-1.858966431128427,0.2612375717474865,0.753548489861503,-0.3209792848172008,-0.27447185196626317,-2.8408623911892685,0.2114111453253053,0.831497599525582,1.175626391689955,-0.19224938407246336,0.4028178320095535,-0.21544355417033145,-1.865805484378128,-0.7406113016341209,0.685508856219582,-0.9863024848236733,0.6240778955731231,-2.7859900097401886,0.2771639545039867,-0.4775492034112994,1.0072348768397457,-1.4397264638543503,0.5911248195627962,2.6396724229381636,1.2015900529033565,-1.185025485322627,-1.1371472815841768,-1.1410878617845612,-0.8256545652667027,-1.0458997258398643,0.6084917367650784,0.8033986654431196,-1.1446698399017579,0.39951992748896115,-2.222347182494705,-1.4029437787065855,1.7161738909561055,0.36443395580500093,0.1530210161219421,-1.3137751649422018,1.6252474375605643,0.16230333486200266,-0.10750565935497242,0.29993735327560395,1.070384376178425,1.6600777938791056,0.7220330857866871,1.7237256067002875,-0.41555579938125353,0.08950862501732049,0.053159352882945925,-2.4616432081625366,1.943953267473989,0.9250755656944055,-1.5778399073688063,1.8856069471541588,1.0698301132710957,-1.7224747108969434,-0.04099432408825712
79b8f959e61e758a830fc930be53e9f4db333360e3bba6a710616bf17f26b4f7,1,0.7607648028944302,0.6693930903739249,0.5746862607901317,-1.5066689173847938,0.12667728165403547,3.3008620425192827,-0.13737510827999178,-0.1419036064702181,-0.583657849872872,1.5201763052691513,0.6055524386270419,1.6582571422356023,-1.584446154773377,-1.1338120167922405,-0.001086585968153404,-1.575178343543287,1.7746550617580228,1.3822050219602047,0.3851043404749389,-0.5358113122080954,-0.20957884075638822,-1.414551669675907,1.1687944387017175,0.9195159286278556,1.8091178658417095,-0.3237243808271958,0.503412838914433,1.3698185410094244,1.3813341199289262,-0.11545128341308564,2.065115768501156,0.5746029418360051,0.7683687787978205,0.32100188880337177,-0.03657523545237873,-0.6526908534767282,2.693569731017831,-2.2397921326859356,-1.0162963641898914,0.01858078423715881,2.911486620493271,1.106803707462081,-0.8004881810616447,3.542545596075912,0.8641663026422293,0.6835506110369888,-1.1696450227081379,0.9458889867743219,-0.2332321826377448,0.07189214549804285,0.11060116985588342,1.4973731715446668,0.08769917265786698,1.5711373627600629,-0.38782145151882136,0.7800049325013612,-1.2348383521626602,-1.2178972182869947,0.729184914904278,-2.2405469914092215,-0.25542990096346274,1.059327032946975,0.27559720156705775,1.9325488812780434,-2.445591912951968,1.8556861069398443,-0.4481942417986835,0.028975748289573333,0.17213751901980912,2.7027868581591212,0.34020970162952247,0.22897427875424198,-0.9669872678196489,1.9853696871000985,-1.894712511811216,0.36859388311475055,1.4768700751467023,0.33961342126515104,-0.10602146859659994,3.6792218105327263,0.28154344681910615,2.462157826085745,1.151646642521576,-0.5454436299299996,0.03631832176563965,0.7191830679051721,0.3493188846713951,0.616661625556619,-0.22220915028758892,0.4261598114597151,-0.9013361082873625,2.016315472319182,-1.0013746639560732,1.0669288472896565,0.7159920252784295,-0.8995178041920061,0.13562980886407583,2.2042901201336047,0.27728569667651176,1.9147219262670945,-0.09887095676538238,1.4582561445631446,-2.315663337654312,0.5105838715698819,-0.014091636106113567,0.8506528079737524,0.05152341845524089,-1.173199685178376,-0.42365905194565046,1.1480748043361768,-0.4870859531465141,0.2064931702441945,-0.054002529453576975,1.0666201509142017,-0.15066458935694282,1.596254470476992,0.00885173840304504,2.4094119769806164,0.9892887885452011,0.8259437074338177,-0.044161506518685834,-0.5189546862508213,-0.5443111522820174,0.7863379506206407,1.191457246246711,0.3745410273062981,-1.885706208861918,-0.49067456087841027,2.8657999550912865,-2.232413347733408,0.04774516482551562,0.8980029649813592,-0.34056415667594814,-1.134668579476961,-0.4125692487328403,-0.264909272133599,0.9040717252420962,2.0771328193251484,0.2070167855786144,-0.4388314104744046,0.07022314704298156,-0.47601248928138495,1.382894476072864,-0.7620608297785342,-1.377405480800108,-1.3411904720527401,0.30562811941455764,1.4557494286607624,0.8669948155146662,2.5861243840619914,-0.8327054536709776,0.0038879036521149704,0.477541853100993,-0.4023607188830533,-0.47154583115762283,-0.956414122469576,0.006203937483961769,-0.3371425978732096,0.004386466167439276,-1.5634065357086127,-1.1408412739257556,1.1099200209823752,-2.4030191988568137,1.8231620767008172,0.34562541698791294,-0.4996414546842358,-1.605270462163875,-1.2060616687868233,-0.30110433041174983,0.02919597333632593,0.04152188774205017,1.1543186484434274,-0.322950024451709,0.8196778971255421,0.14508899781059292,1.7014298603335274,-1.0050835481057454,-0.20089013495037072,-0.37234599984047073,2.043131773610637,1.8287525732264587,0.9779141781031774,0.4380990057302154,-0.6188902929271207,-0.6126694070499986,-2.3453686736333355,-0.5363343843373946,0.23359358993081858,2.192687507414571,-0.01839452417197124,1.268633149024683,1.5357706751526639
16a0ea0910b90dd1eb76ff05d1e6851d21105de821f2246b64a5d8733cc4b81e,1,0.6457480746806606,0.5234218109996914,2.1801045475327463,1.6569254804565703,0.25149343129781115,-0.6557099669775345,0.21486611405004302,-0.057432158970271624,0.9857176065433582,1.9066948413031077,0.9263063675367513,-0.5653904523622546,0.5882429860892053,0.5453172643509356,1.0865492568760382,0.45781394165690953,-1.201640100813672,-0.1350149669695878,1.4011424047344738,-1.1160802708783246,1.000782424359135,1.0419094513615903,1.4209697713660256,0.3487191468113941,0.32360155636154153,1.0775931403339738,-0.6521898184358823,1.1403704123638456,-0.6520662787718262,-2.0223723233407003,0.8881434038632163,-0.6300962398975023,0.427818215916433,1.268741719217599,2.2054234441067435,0.474321120731424,2.5537396770402196,0.6812478166009697,-0.2964010926941175,-0.0983972621623721,-0.2596080372563345,0.1562743346847435,0.6815596582423208,0.9216448639547552,0.3788772031618135,0.46597634948818095,-1.4585237479553708,-0.01999894601702712,-1.0436236834124357,1.0601815693410437,0.7525938290198693,-0.6308867747490798,-0.7314462036730266,2.0523309470698825,0.025374866391233743,2.208088941467948,1.4630052332372303,2.7668424391340887,-0.1916276270736027,-0.16416997133754457,-0.03741460542483166,0.8813848707223377,-1.0866479571998995,-0.5297917842493545,0.3211703413589223,0.17341993073386386,-0.14856897756627996,0.12318878934085409,-0.9193938231937537,1.5681124431748805,0.9999711949024872,1.9573079647095453,1.3264436494732446,0.8490992601700015,1.2648964171155184,1.4816921036427053,0.8617721326268546,-0.4254930158129433,-0.25925206061657563,-1.2911432815388135,-0.14508572335778086,-0.7442490826194692,0.3972858996894771,1.3978036989662357,-1.96101113617309,-1.8570112179294032,0.043181339414822495,0.538864442171614,0.8797976073450755,1.0068607569243797,2.7553160773508516,-0.6202552878213045,0.10760474422480493,-0.20323086625533937,0.49879514201948644,-1.0460719887883283,-0.36600274964357365,-0.201321657125576,-2.259735726831459,1.5023744751250612,0.850503406168749,2.3316083022382075,1.0896819547429821,0.4339694911395608,-0.2363797439655744,-0.4721575868432131,-0.1289533862894084,1.9812663513126942,-0.7497217613959771,-0.5701025810868448,2.0387290553408013,2.3343303973048974,2.6600553333985584,-1.024734555770841,0.5045778645888095,1.9021051683721932,-0.6241218365713335,0.25503527210637245,1.354851653264937,2.1505399787642805,1.2387585446780303,-1.53746578832267,-2.2962611426652133,0.6901228985259003,0.5412635646164045,0.37057218986834317,-0.601843375323678,1.5565493866405544,-0.24885931901247535,0.20619419277277368,0.48610686888631105,-0.2468961280310815,-2.1691592477728334,0.307909248325272,-1.4222446441318948,-1.1740281455268928,-0.2743525366865798,1.4044497192350833,-0.03820760851200671,0.10358285260077907,-1.9172225172963147,-1.2755404623713724,1.6664191033783147,1.175606727736455,1.8375786124509035,-1.223922074352405,0.6185748176746783,0.8295983133483835,-3.2931974458137327,0.7011839993741634,-1.392923063387899,1.3643088357923359,-0.9572466963371776,-0.4012550525391739,2.049573016140601,-0.27424114716082304,-0.47679842976552583,0.1697499746025555,-1.070278326268196,0.06164964476562568,1.0206370835912422,1.0267154047755989,1.9997025333623601,-1.8126042893665062,1.9651062500944159,0.6472841114674058,-0.7728094993549661,-0.16756470412288876,0.7863347639684453,1.7098188017238207,-1.4728509015956095,0.6116699774054419,-1.4986273277764992,-1.3585538871387413,1.4773736038620053,0.6082763822127106,1.4399848553604884,0.0201237940551865,0.9662874623131458,1.3163675256864449,2.9316922427061836,-1.3554364492062185,1.1309130690389888,-0.48038991442001705,-2.6679547242066777,-0.8049505846014149,0.23695611650962764,-0.8993179237689837,-0.2163680007112909,-1.2064429097703677,2.074635798467289,1.6015684724618464
3a748ea392a6dc4bcc11763535138597d92da2d60b908afa6df44a890665161d,1,-0.1762767728609389,-0.0837479495512804,-1.300408966009541,-0.29708862342714654,-2.327150804201719,0.6274606578673045,0.9288786650521774,1.407635045457551,0.502382884642619,-0.15994819305946706,0.8133947514702646,1.2178827709301805,0.6100775799821285,0.13747474874658464,1.1079737168307915,0.19295247735383944,-1.0592904184725158,-0.49378558593321065,-0.01694799418335935,-2.827329547744526,1.9880436027876434,1.5128894789035692,-0.16424408838026427,-0.6875907937679331,0.4061535424973494,0.1627272120126079,0.7709259988358297,1.207428682682585,-0.01638850303523315,-0.09867290236700405,0.310387208071363,-1.2435727134694683,0.7643943617119784,2.443380633177215,0.9644981823491835,-0.5482789189771837,0.2891221935733268,0.07321591716648868,0.6119858685337827,1.3764152436486397,-1.3375364503584508,1.217212080777587,-0.05694071083400454,-0.032674485466995,-0.9333795148225592,0.0679826931031039,2.9412520882962334,-1.0339420663326018,-0.292084180277816,0.5292130540626063,-0.3828784867051724,2.2361251001135285,0.7857474893805045,0.8270496091091621,-0.2288108861578502,-0.6911854899253158,0.5151866419307766,-1.4297060044011702,-1.8497798409725477,0.7655184937520169,-0.12403242753457833,-0.579402707582281,-0.49303422670289493,-0.6017004732601846,1.0064368842046214,1.269700596696041,1.6165613143477087,0.44779571769379245,1.029684974607297,1.3668805535881354,-1.071812133314405,2.6963356257048163,1.2097177567348398,0.7889153256024288,-0.383650375023708,0.6173047107998328,1.274600969025395,2.2006755589764264,-0.7672042944636721,-1.1615514904642101,1.8044015321856754,-0.5469761929621976,-0.011849215778870548,1.87280017771506,1.0401195551821618,0.3266536986970192,0.4287442043993864,0.349346341825155,0.1296641396963817,0.3171166131297799,1.3841456019547247,-0.743937831598022,1.6073455352419548,0.09273502342044065,0.7431255880599446,-0.9675906604790872,-0.30438999625644525,0.6135824178680063,0.6727790368357355,-1.1604362393581324,1.7029857950577778,2.1100355358598306,0.7653392526141337,-1.2477519463774667,0.30960691849137983,0.11805152465001467,-0.611835798812915,-0.2226930044514519,-0.7788412268514711,0.8122520442475697,-0.7798764280812346,1.1885487013351523,-0.2993782335420255,-0.08528005614360568,-0.0967537441446003,1.3782003385978838,0.7764916658796526,0.27225763104118506,0.9693515315057477,2.5223220019481394,-1.5145060035653048,0.27648457766478063,1.0791326748260377,1.499002952728317,-0.378433540764737,-0.35851373920933716,0.8397548668775583,0.6676596334029633,0.39657806795156253,-0.9584254931869666,0.3323429881863425,0.5566434030555267,-2.6158274045561245,-0.4265126518960871,1.7258712326667456,0.22634832036303604,-0.7605002647433556,-0.2988740366738291,-1.0960083385988306,-0.30111484111838166,-0.06376888376675745,-0.6686250097978954,-1.3161909188855578,-0.03005785010168601,2.881744636736661,1.600987196526573,-0.1547112996554349,0.2839294441184181,2.6906482960972626,-0.5094364270557865,1.2624869935884717,-0.9419684940130384,-0.47106939427197647,-1.3545536213327065,-1.553792575046768,0.900871851183021,-0.823689848740989,-0.02973406662554871,0.27170658053846247,0.4751941409661468,0.9538450565739488,0.15274637904644953,-0.2799755669638185,1.4000743895305305,-0.3692560945827606,0.058080593930848814,-1.6541154317394295,1.0069539367361067,-0.46106078429722286,0.2615536548255383,2.1122661470857027,-0.08490021211134506,0.6137438828399068,-0.05007342772615392,-0.876958983902611,1.0852276552593327,-0.15130315630237706,0.7886639451165288,-1.1025677648806906,1.4672537879814147,0.4722551972276878,-0.507180677857747,0.06967625453783231,1.4336056666255204,0.5222176669232593,-0.29708542923883996,-2.525570712055099,-0.9312904121567283,-0.29956706986957554,0.3568118349177362,-0.3873003332859026,-0.9710575292269257
fdca82c96af8eee9feb3414eae2321ff2d1e6e6d26a2de6a99953befc3079a46,1,2.6875117250151286,1.3003781384582171,1.5064300187391637,0.5583102822239919,0.014911552251928417,-0.31037532901233456,1.866288727405589,-1.0024243173724576,-0.2885748360712402,0.1818657592986973,0.6171050199428828,0.12832356571565945,1.4139026217878987,0.2267132868424156,0.32986218312437243,-1.7424553657383384,0.08198135423686687,1.4594903937386354,0.3196733078080781,0.0799166796947018,-1.3602239148066493,-0.7116592608220701,0.6927113832170942,-0.2673527825702632,1.3464772770519096,-0.4681703435568987,-0.4067050211513242,0.08424719179426007,-1.2235257128492874,1.410903745449499,1.7486286263248036,0.279094460924613,-0.8875358180866195,-1.9596959688225477,2.1065814561740916,0.21411119559115455,0.5119224201084824,0.009646312550006364,1.5931044219349428,-0.9040924953671541,0.16025393793356138,0.5531559101370431,2.527527722357757,1.2147797360508665,0.6850415058672922,-0.48988293962118146,0.9144733748784191,1.8087208727568174,2.5215464083846397,-0.6617128440853505,2.031418345072929,1.3432232388687573,1.1460288164280887,-0.976963616477633,0.12813876557426312,-0.10776684886600368,-0.16314086440690956,-0.7186807900767305,0.4496792980007707,0.7530126294710713,1.2521687769179912,0.6544458834336268,-0.6011887195772255,-1.4121446554589299,1.0681771133473208,-0.41010126705307026,1.7028014681951347,0.5989873803882286,0.8522560988414707,2.684361893216879,0.3229247739726164,0.7124368205018973,1.0653005743106363,0.408560041082079,0.822831219277787,0.8125700383167,2.0837886972641697,0.7690316639694673,-1.2689303232684517,0.6786272681081453,-0.38955656837006597,-0.4967034887357016,1.7232179042974298,0.4301578494651598,-1.0088665503977954,0.9070216975276515,-0.11986223976497157,-1.8728390828345491,0.5070332702808824,0.712750558018042,-1.658749911210336,-1.1274798173727059,2.4001833677143694,-1.735546654362863,0.3745316802132023,0.08787758739250329,-0.3972853667618903,0.2580040346285162,-0.13271075124931186,0.0026405816415345784,-1.0525590766414148,0.221682502393599,0.6985866307656697,0.08400031485336634,1.0103801700455657,-1.2448984815289648,-1.0429871256011067,-0.008456544598932969,-1.9876144859261282,1.1913762596850042,2.0751483436094955,-0.4451341641519842,0.14630573471906133,2.3433247932005377,0.6582982972758102,-1.1258333726381664,0.5263586712476332,1.3192099617557627,-0.2635188798413117,0.24370743176701026,0.04361749032718931,0.2700747067644693,-0.05430069138663873,1.060624747431468,1.3586116315744672,0.7830721832258605,-1.1532140506077866,-1.3785359056467894,-1.6135549495145847,-1.9647923624585957,-0.9540408780648811,0.9160409539899104,-1.166749444538081,-0.4964380902160127,-1.2930516641565697,-0.4777927523881221,-0.9379977745085782,-0.06508900956896563,1.3040555155655134,0.1897182429241955,0.9991748937525473,-1.6058244791198375,-1.1088502371363036,0.22215509053872623,2.519941776343768,0.3782729241657611,0.010833455212435034,4.258856000528941,0.8112876067154949,-1.1196834075311448,-0.8630742965769542,-1.8896355710588741,-0.7381286032211183,-0.22555864927134248,-0.10246660502631297,-0.957320084411004,-0.45224874429186396,0.965832908538596,0.599875782114172,1.0228930600270678,0.11404960349449862,-0.6883603471953504,0.6253977228979828,1.6633966075127946,1.660576458486087,0.529422691412173,-1.4600485213390273,-1.008477444359156,-0.8797228955424888,0.7896455547210399,-0.6034434649594984,-0.07223435826873675,-0.8813954373275942,-0.7111038238223518,-0.9687139010817358,1.1253130670753413,0.30379669220230027,-3.289186810776421,-0.13547410483215738,-0.6705616224559341,-1.2772793332473609,-0.7252673146496404,-1.4837157375029186,0.6682090218537947,-1.6061107810517206,-0.16764138831552725,-3.1451369658815316,-0.8932900008396517,-0.073048802286108,-0.9827078637778165,1.2935642668848633,-2.391838540621688
782538630a2b980bcdac841b3282490e68dc9723809f4c555d5c29a0f0da30ca,1,1.1643265133440437,0.7826486709275159,1.936412219406924,1.220138589804946,-0.6756792264729914,0.2708913697417067,-0.2836524193815079,-0.4929262297868796,0.835720191628368,-1.2289809477823028,1.7538076411230512,0.35837678354084584,1.364186518551714,1.6577268029074586,-0.8699658955179652,0.3615112229429436,-0.2926836790295645,0.11818711440382113,0.8862235728737468,-2.453296750143457,0.287045562060729,-1.7825770617502243,1.744836792746544,1.1803364463772978,-0.05710622413910271,-0.751344051662666,0.38754819697985626,-1.3255922929168975,1.3594905385150726,0.4684374663013511,1.9365320731154818,-1.5781498431227585,0.5527199741385951,-0.3937663070356715,0.3599115991345183,0.375138483342285,0.8335965349809202,1.2879199182417151,0.09347626656642904,0.721923867408972,0.4832790418460939,0.4460014968325643,0.9061392485085003,-0.299415995057947,1.2100198697109141,2.422885014268545,0.2073912190332053,0.7393925617777128,1.3695567281929195,-1.2283649965194194,0.13555507451689885,1.021110191996188,0.8188013018617678,0.10512895988920615,0.44384424326752653,-1.6631380990854059,0.36691342076101385,-0.6084639108249389,0.8197638499812742,1.996735227742725,0.47701992429763407,-0.9619855070977519,-0.5410645852420375,1.1706048376885538,-0.8991937151038386,-1.4945589433490925,1.4359086280236104,0.3114779369803233,-2.2535632283521068,-1.0228924633693193,-0.008247519346454624,1.2024252254462573,0.047871906254588786,1.9921097001967671,-0.4298608362532086,1.6428164838410522,-0.16311481287025065,0.9859620806113523,1.263600322458972,-0.014810251549638822,-0.2188757578016023,0.637052320326966,-0.18470363930658942,0.0184835622767571,1.5543730513893355,2.6991683177937817,3.6049644985014138,-0.10923900251579427,-0.48648304638670486,-1.194688045071406,0.6744305603804711,0.6286494112257217,0.5977189040413187,-1.0282710089595655,1.3935284143540994,0.3716420954862556,-0.8465209862775449,-0.4773253680078926,1.2072438111296993,1.1811917863835035,0.8795788830635396,0.5777471567958137,0.12797635008337913,-0.367457450495682,1.5002767117547486,-0.316392398414852,0.43455679929415303,2.1441668106766913,0.1393081671676195,2.21285212742072,-0.33328261474561627,-0.15108335239155807,-0.4304688190871908,0.5819094771235109,0.37525143831484203,-0.8861888591558315,-0.5489920219379264,-1.1508429731854608,-0.7272283081665699,1.9010204189914048,-0.7330315741354771,0.14945593793557138,-1.4928649898028543,-0.11952271327043884,0.9532402100550527,2.231924236335302,-0.48292289799225585,0.2961129169275741,-0.12665358409698296,1.1030058319978773,-0.37182033706770395,-1.0606757975709207,-0.6625441740731544,-1.0943207219346984,0.29701039003232166,-1.433002481278201,-0.7110388643131814,-0.47288466834121423,0.8001512943288868,0.5531749009564798,0.9151506940908084,1.2818818604138558,-0.7485749209992396,0.6764105437151258,1.7515410324218499,-0.44397346942328114,0.4706525701595361,0.6284038804015017,-1.474865763998543,-1.4079006829993403,1.6638463465610098,-0.6085102956033199,-1.06347346744407,-1.1991077834016937,0.36213014613398853,-1.3575414743521985,0.5299061364805863,-2.1755442576304707,-1.1872385144952577,-0.01786263501918491,-0.4463748048922816,-0.8994522705161104,2.007947422959894,0.8278690419923587,-0.8492692009149205,-0.28005183502137304,0.04039184049401372,1.5499691787973378,0.18588196396148354,1.1936668700050985,-1.2816286817482743,-1.2249524978084863,0.7704965881735327,-0.5612477068317935,-0.8244276043901716,0.21081211437900169,0.1299083875822166,-2.6459860839442855,-1.4795465379067456,0.9181747416335884,-1.727068992200713,-0.5366748120958589,0.4760949482010119,-0.814871983917901,0.6927047695569039,-0.22129021688390635,-1.0361911141577935,-0.0139569054454762,-0.31452231982881357,0.3303897511388339,-1.6640486978263647,1.1437760659538567
d39eca93093beb05cf8f78f90594b9e85eb4fec93ad63dfa35cf3b857fa65d02,1,1.1179595401859033,1.153092560304177,1.1335946914879709,2.0200098175771206,-1.0837160944469568,-0.2623275457106631,0.5585125360325524,1.3519453314365515,0.4010962973298002,2.0552684828101353,1.7763153576490296,-0.42831768185633845,0.6118589719244192,-0.2011662749752613,2.554005174231761,0.23850889912063658,3.403389072609384,-0.6214821910571708,1.9309650060289791,0.8874114813804275,0.14048738127835392,0.6218891106629755,0.22661982911758155,1.203845585160508,0.7694883596151374,-0.1797966693868187,0.7605548561611502,1.6385881292232574,1.0299015195106842,0.902339888705237,1.6860924263804435,-0.9548118423380111,0.12730295289649857,-0.7924006475154117,-0.5600028631623748,-0.8015908869993618,1.6629424905740415,-1.3196662353709487,-1.108086235581455,0.6749390502185694,-0.042077088987566236,1.1337412817419223,-0.3404218065950772,-0.6633599349885687,0.5532245208338687,0.578745418208195,0.08291160069059972,1.0116221725109744,0.8550311125032384,-0.36411199801024374,-2.0731977443780654,-0.5132313933641917,0.6646669191198504,0.2636748420204542,1.2097632644292007,-0.7946939776884487,1.4894205784191992,0.4761832442360029,-1.493193571180299,-0.7993344465324022,1.4405638570215586,-0.8893286933296615,2.7892604301703248,1.819648676749475,1.6650642789787145,-0.3223376920886542,-0.9236328796084298,0.37646061485120136,0.746524678009721,-0.2884074060519848,1.4070296001694564,-1.105152478141057,-0.14996932439185873,0.38567222370057597,0.7902506102573552,-0.11477594169916405,-0.0785556314672597,-0.10426234189566197,0.20463190659766817,0.4076728924399426,-0.9684663235801998,-1.5189567844607952,0.4335709029925686,2.8909047037922595,1.7447768067774954,0.355009644606055,1.05796120047703,-1.3818373308512406,0.03009105813767942,0.3512788075583299,-0.2603088903008235,2.204830265838754,-0.7716544269025408,-0.6109312005208566,0.4494002866285403,-1.3385482537677467,0.3520620397403435,0.04353844889655589,2.1079669604976994,0.782188854437939,0.3010444271645456,-0.01778331260907695,1.2131376468091235,-2.414326235431687,0.048678837055731394,-0.8346196633309985,0.07939748610410036,-0.43202581740118706,0.5166833553645793,-0.017639800419662767,1.1388448704637155,0.9874903090879231,0.19572112856817037,0.0761329234079346,-0.9192690622478713,-0.9886075245026467,-1.1520828255997955,1.5051672058519054,0.7081547029595926,0.5128818266706955,1.9091104547668163,0.5708878219225771,1.0695541747399409,0.03318707054847041,2.038199128084657,2.753503215323847,0.29400433520647895,-0.08023350791442485,-1.165520073749455,0.9433937373656561,-1.0460779638310387,0.4325990447441575,0.29351749891678264,0.8333554454089995,1.2628468424903228,-1.1803074788267465,0.7810687804271579,1.3168656137770496,0.3994116727416599,-0.43482289564758,0.3820754394791523,0.6708913392892061,-0.8064198719612128,1.1868142016178278,0.5801151237286842,0.8052552726232688,-1.555298829695801,0.8671691626022088,-0.6074775032302503,-1.3222382108621047,0.5296902151634257,1.2324591369115896,1.2114819205700231,-1.6552620552608435,1.0730608853573196,-2.9697149692943428,-1.035302910576408,-0.33131520102026346,1.1894528544373688,1.6116507970229512,0.3245325967241924,1.2394246896446213,1.183208801482164,1.6486618745811774,0.5520202723214355,0.3390368487063133,1.9934804484243387,0.8233232616836503,-0.19343964359260982,1.1810875559677003,-1.3620502875480653,0.35040307318261404,0.6915087269019341,0.0946038893886016,-0.6544854676621417,-0.003545226484390381,0.1017831078177262,-1.4984402456950192,2.077051598218505,0.3551723455125244,-0.9704700106299027,0.07983797739924402,-2.0593933684469916,1.1162652102161836,0.5154211671826259,0.6172201577160149,0.4618461375626919,-0.720344170109238,0.38150405550519534,1.379340663717631,-1.5539466661365318,0.12840928600137558
56ac25423cfdb1116b4772fadd158fb4079efb8347f68d356020ac1a63a6d9c1,1,-0.6348556714978442,0.8835119034928116,1.184624559974942,-1.5795450045787147,2.5803123854435004,-0.2790437801547122,-0.7249976176898275,-1.5465007120829724,0.11966160988148189,-0.8117879789900826,-1.2655426092885422,-0.49646468625750056,0.34846464961819845,-0.17941806723986614,-0.6288807719006066,-0.13533470851153795,0.8356246854814444,-0.5545028629500954,-1.8315963254011136,-2.162708308417484,-0.08325637947573652,-0.8033621211333252,-0.1598763505093273,0.18068804101864555,0.5439198297829394,1.115030391234174,-1.0746496124889653,-0.9700672250426536,0.816044215154891,1.003569818204433,0.5393420536627218,-1.5134081276848663,0.1801596346000549,0.9240894938237396,1.574563519504444,0.7274166467063198,-0.9614803676806367,0.5260183804867518,0.20117546443526196,-1.2102527420934222,-1.1759910902745703,-0.6547323425599173,-0.2742479364865533,0.2992473625939991,-0.15745967148624762,0.1419402997713038,1.1702305492574059,0.26457521249338267,-0.03356106364707223,-0.03356144644105247,0.01665144547273752,0.055296470438174095,-1.3976109083555655,-0.35570895858693363,-0.24774649300749485,0.06414517740172862,0.06578269646916537,-1.0624359299714297,0.7172466721335784,-1.4411127385713511,-0.9571955645726713,0.047206809346988926,-0.7374983367351855,-1.1142194532599512,-1.0786997814276456,1.0969366263398397,-1.4398732512929675,-0.7618538613859509,-1.9687486229293583,0.11316240733963119,0.9240036282985256,0.032153811596605075,0.3180570470539097,-0.14584709204710644,1.899188051308531,0.624735501015959,0.3157457795069848,-0.9075817260347359,-0.6800382266741432,-0.8473058503633739,-0.7666613725614497,-0.5057563150109539,-0.42010153970368985,1.3729156292859224,-1.4211948301283897,2.343491900879928,0.7151124246113296,0.8359646334404385,0.8418127987369506,0.5617427165507196,2.3240689967847517,0.28162183502032967,1.3291576734182153,1.8066267961154028,0.9078582526263643,-0.9502929489143166,1.417717956324733,2.1966690636592046,0.7579191108845338,1.4472443830726949,0.569575423734517,-0.7318719045767152,-0.26323810674644244,2.0177092963997167,-0.19206394120581666,-0.3247471578873412,-1.6361881774196765,0.8690513245540399,0.9588713636943471,0.4052117884169868,-0.653993979511015,0.27088134889617255,0.2725350042741065,0.43097708680695324,-0.15087447756428246,-0.6886885410265225,-0.6820699479214241,-0.022684623438876894,-0.45451490262878835,1.68250028253627,0.8902655150359349,-1.662723892221493,-0.2857148077353132,0.07741281005663131,0.9021338910290401,0.3850361583991329,-0.17833983246668794,1.6900275269696177,-0.45984783918903466,1.593439550146195,0.8753515191004949,0.7486653161904449,0.6701557324969931,1.997454980391935,2.005266414739717,-0.36851174563668143,0.1303415860262047,-0.9691114192355923,-0.9920474913545212,-1.3324164282275126,1.0427725263199963,-2.076154410536031,-0.38264858822799674,-1.1057863496197482,-0.4584529988493354,-1.7175854601944447,-0.35320807634235113,0.633946990638497,-1.6957050919550363,-1.539508625440954,0.1393200934238782,0.23409220228205108,-0.3466596321264885,1.543502383067728,-0.3803844659565543,0.8094697789049997,-0.8577204612058059,1.2276858546852354,-0.3143798103558554,-0.4955776495859673,2.2904161180878195,1.0855953887133678,-0.3550355390984638,0.8966497707696732,0.5912051958107933,-0.7113113825377846,-3.242212129994101,0.8584753343301893,0.05522342267151931,-1.6304945949168383,-0.3304176359389833,-1.4290642365386161,-0.1485673068710111,0.04856746268034839,0.16809932661578933,1.6087157908827356,-0.9913934081918697,1.1454102186187105,-0.581530992936089,1.8197181710200607,1.5537926922132,-0.10886441723210945,0.5698798562882949,2.0064901963335036,-0.3593123637584301,0.9248366634062749,-2.274924813747366,0.9580073668687332,-0.45955882820411337,0.2440378713717102,1.2511188627510734,-1.39559003824082
ae0cb143d35ff0ed2d28bc073546cba64d868717b693ad0b8f30d93bfb9f691c,1,0.37942109321141504,-1.2330424409160288,-0.5921805717651716,-0.473275833249738,0.6436976397008746,1.900624067556806,0.625451849429741,0.10926926142943832,-0.5375991324618884,1.1936820319236214,1.3591831407270578,-1.2783686881390857,1.4818982997031176,-0.5098356607257462,-0.6943904245401247,2.09760011549624,0.8686298183152743,0.40749203747727425,0.32100874463114215,0.0809095149966752,1.8725783812130372,-0.7600645974807446,-0.3264239712075002,0.8207578702593693,0.6671976991995483,-0.7770124659119303,0.0638780985634022,1.1733363778183066,1.8784671092867726,-2.124733535194755,-1.6274231638793042,0.4991921817621592,1.1670428451123962,-1.4075687435849842,-0.7751141669023986,0.016192397498856537,-2.146911794914833,0.5129855797731414,-1.2256406515887122,-1.0846002236029157,-0.7903306001558418,0.4695900523052946,0.39673671835050617,0.14193991694707014,0.5087491477490792,0.2720380511564879,-0.8223308638814322,0.2546307616173208,-0.3893780827588735,-0.8969605436865988,0.8356060012020293,2.342030640891756,-0.6022415673888368,-0.5425534599967843,1.372748865862688,0.42698119829870773,-1.482888127078816,-0.8526221474993938,1.6284738384388664,0.459643749546258,1.2086906694888944,1.5193558846483017,2.0419996922889863,-1.0627522788237735,0.3577585572852818,0.8567486878391142,1.9397160219142375,0.5126832104930729,-1.8854376344478805,0.35521021616768095,-1.8707913229815332,0.4236367078365939,0.9595753546127999,-0.3292439498369354,2.4216749423042203,-0.8006012215447019,0.9530060068294857,-1.0980785021054364,0.42367468360285215,1.154617433972112,1.1369916620261766,1.739634418106774,2.5245172407223038,0.40399802685323455,-0.49408286277967967,-0.805485915953772,0.5455266396966194,1.4336699036457994,1.0617661983414797,1.5070466521268515,0.3767041141622055,0.4582316918936321,-0.8255231594900665,-0.15646759470226917,0.6355852074876145,1.6861496423574531,0.32544267641915714,2.5145638267511394,0.7732330830595998,-0.179430050215816,-2.5816173140316296,-0.9566113670730056,0.18992414022484166,1.471824298932736,0.937599159858983,-0.09141689590261301,-0.6657430169398986,-1.7093394555198382,-0.8409353078502256,0.8889813563938576,0.59415467218938,-0.05092021540926894,-0.405843363552647,-1.858884109996133,0.6376501824901831,-1.6920913434638278,0.7718774973455658,-0.6055248383079982,0.10430279456721425,-0.15107927459888157,0.5193898523588731,-0.973925725881776,0.17582520619832082,0.05186848159339383,-0.7119248074169332,0.5560535518016422,-0.4026821487093809,0.8434295841700657,-0.40738165147232663,-0.7217134442297287,0.30149336501255086,-0.57363083137146,0.38603775783131256,-0.055381885836526076,0.3455302502696777,0.7986366148021463,-0.9781946539298825,-1.109874131491768,2.553885987570007,-1.0450957357825978,-1.9773807731291926,0.09887728050216267,-0.5750274749575973,-0.42627857609054565,-0.7929778009475478,0.19097785596996286,0.4741297145478624,-1.1521354760656555,-0.30749911852408635,1.0861600182681865,-0.425804404716293,-0.41291657520514935,-1.23315519526961,-0.8741020099829849,0.11506131909564017,-0.07221117761597014,-0.8771605842635268,-1.045915111709107,0.3151878172432963,-1.5776540825093546,-0.2873316776184679,-1.5175566131667821,0.48180693857803564,0.02078120268647391,1.086193535889993,-0.044422960603604116,-0.7499417296695253,-2.2651589862029633,-1.0616071450808844,-0.9035152526496074,0.02289544822351853,0.5532835436493428,0.6249329638339646,-0.354278564903821,-0.8526896205167486,-0.7826119394009418,0.07023941951590285,0.9739041008600088,-0.6465342917993536,1.9842657529544008,-0.3725198226877391,-0.3273298258843659,0.09690703793098693,0.551945609411309,-0.8036473740586018,-1.786548460227828,0.8729848629105825,0.9962722794182641,1.5336721015731798,-1.6052702493803022,-1.1015070504199533,-0.6594453422366664
c48deb66da2a1c866b68b0aca9ef5f9d1ec05cb4992705dfb9466417ac1ea438,1,0.000963287290944359,2.976188689288957,0.6363665031016923,0.03309940763203144,0.48918885363284026,0.9267119853913931,-0.336946788332146,1.0417639577489985,-2.6284269077769666,0.7649314050131713,0.7719627324349725,-0.48174243845305187,-0.221644415447052,0.566533478209441,0.03514673413256458,-1.30894070265943,-1.3063854493568257,0.3765297396309754,-0.45953512007762054,-0.6973367167807729,0.1948513299071813,-0.2108378085862958,1.0997183226372313,1.0938404770518846,0.7470821838826401,-1.0770515516840153,-0.42837370834161353,1.6141169658401346,1.6333701502955507,-1.7452285807038208,0.3310936260809814,0.28182777133054965,-1.4542741369305654,0.9437641557753296,-1.9401161486600902,1.4452970033448902,-0.1918937933169127,-1.5870720538950562,-0.5690743254696351,0.4528043176206085,-1.9078489122009548,-0.19449695952842563,-0.13074513248355535,0.5731790080814948,-0.6795221256542565,1.2623932595579141,-0.629522625818042,-1.003489740307991,-0.6718168824139749,2.0817529813819986,0.7873956357411769,1.7592137717118148,0.7517787722931817,1.0114641323506577,0.39037029080306723,1.9847640456321503,2.336629884962656,-0.44789846662357197,0.07249791946867257,-0.4499165381667223,0.9992369189100575,-1.2317189660162997,-0.6599363065799329,-0.2435028884029036,-1.795729101263377,0.03906670670150569,-0.03567532602606069,1.2938865539289437,1.4136661530477346,-1.687367482910024,0.16094596243443265,0.7064964026139936,1.3735046167600031,0.41331383196317234,1.294244203127547,1.6795341610022594,1.3831198372063285,0.718177542042303,0.1509511051609329,0.1757897933361778,-0.052391905322440535,1.1352439674643764,-2.4970083251914694,-0.22771129895820763,1.056396152213588,-0.5400096321592062,0.3197668704324317,1.4248581799492406,-0.705402421050878,-0.3760976737041291,0.10987783700687914,-0.041580608952358745,0.866418563696242,0.7811436460702241,2.3674493068141746,1.0287779939668695,0.7698671639186097,0.7587326708866238,1.1572008083286938,1.36186400546534,0.7603694765225627,0.0536090401362197,0.5704446308669244,1.7167662421841756,0.8774656259114539,1.2992680151084155,0.608418331977649,-0.8340044344749568,-1.3517458016193697,1.6728878159971279,0.5461250346189044,1.467369651251593,0.8130450273292686,1.1995192276692277,0.8656115853897053,1.6350760284455546,-0.009024869760243193,-0.504307632323016,1.8579407795823821,-0.45812486442710176,2.3993820274873645,-1.6731011148915866,1.4719776523065276,2.802866878204573,1.1831139704647462,1.204523537560352,0.3044142874695058,0.5559790381539326,-1.1962024416889925,-0.4722551870092102,0.21987865396672843,1.4029697832583574,1.4612110460598826,-0.026424999384162505,-0.5669541794759755,-0.7602567609810047,-1.3289042426690367,-0.11165658693588146,-0.8977281568925198,-0.1377774947358639,-1.0617898549277691,-1.082264201995688,-0.20329279831609337,-1.2975040111746619,-2.4806051625433105,-0.38930035215298003,1.8836068653650506,-0.561867124591653,-0.39103219722229765,-0.7327798611159582,-1.488575435486536,-0.48202810325527107,-0.8464295615979408,0.13920679218807935,1.138110268449191,1.385922941356168,1.2717319510131497,-1.9919972124045973,-1.1340326346606375,-1.1583352960092965,0.5787747768924367,1.0641893517602135,0.998778396705352,0.17121550653729983,-0.06964052195604134,-0.28772509841163957,0.40736556181317807,-0.12490394373924821,-0.7621422968169975,0.4913576082134698,-1.7485410066541023,0.9597737391920713,0.781861536011491,-0.49728934140800374,-0.47703310448492997,-1.114907726950439,-0.012570916921632707,-0.30699407815849733,-1.7662210771183275,1.6936682877521838,1.887206973900922,-0.9384916460854122,-0.4468171508845284,-1.9652530120006872,0.39866660772290774,0.38877929636786385,-0.3104796971718506,0.7681446020198408,-1.1290511654973618,-0.7153447218270579,0.7145791856142638,0.5398562255027448
8240aec343b44a44ddcd1c2b2476c80a07ebad64f95f59a3fac27aca58661160,1,2.31557800938103,-2.868785681029361,-2.5115655441366505,0.9530742096960507,1.146025911784112,-1.8038226150001309,-0.9505203951457227,2.991381356493,0.9133491042257016,-0.597919711513429,2.780153470134983,-0.4499540634402523,1.3927349655830756,1.2363688593986246,1.0140938916433595,0.3324412030999045,-1.2932139430160379,1.6222346044441383,-0.3140007214375215,0.594050359892687,-1.8034919225605663,1.845709432266182,0.3744904002594635,-0.06275849602574901,-1.3524877501978831,-0.28745322956205993,1.2204684962566081,0.49596609169116057,-0.3865831290463841,-0.051979790035709295,0.0405843889827488,-0.6855503837274449,1.0417082120545529,0.49387553156670366,-1.021889770494146,-0.24217706058133914,-0.15414393983287655,-1.1971827934959984,1.4094660071120566,0.5855541868662314,1.0113138778256145,-0.6480229596298472,0.06791273410090705,0.3666350256183975,0.6338037451292311,0.9142813924683557,0.20780671052241606,-0.544024632941897,0.8590678397429031,0.8320298978385129,1.9932404401972557,1.1174361128120753,-2.4445729711767825,0.055079886252002414,2.1880861806424976,1.2833221919695512,2.1039232129754177,-0.8470632809629901,2.1921566830099666,0.3636685466697264,0.1871643231353553,3.119035593581495,-1.0843196314331138,0.29206489634636484,1.0116925355732203,-0.09722786077678736,0.18353236957801222,0.9548214443706948,2.027322991027747,0.33688611865105084,1.208238537487114,2.152837154258162,0.9518524149516007,-1.1380799396630865,1.4232031268426708,1.6400302771416237,-0.8079323888289809,1.9567419991558554,1.4820872535210778,0.3010618878762837,0.7883505001906217,-0.0923943139398129,1.889826546309994,0.5878039508185489,-1.1092584181099974,-1.6452085790016127,-0.9660794567728567,1.5696789054025424,0.6470594218469117,-0.3912835932658048,-0.11490665502539266,1.138207841265264,-0.40980499654227276,-1.904614795502908,-0.0813379716385379,0.6836665576304567,0.19011965006595521,1.5255878238487426,-1.8700811014587722,1.5332604672633248,-1.1617118160753532,1.1871600674803253,-0.24586195499977787,0.15626589629876797,-2.8932168403198544,-0.485285524827001,1.159290216588827,0.12671912119205084,0.6348424075098311,0.2417184794952727,-0.9669986568108195,-0.29299538336045994,-1.231611526879453,0.8383320628860604,-1.78803844949912,0.6794697666093978,0.3405402222016787,1.5813184272727279,1.6014079884229453,-0.08388755987442444,-0.3180034498624673,-0.032927022127504535,0.9709323844553432,0.17858477952650606,0.39098550305902,0.4099193745506145,1.1847977061773467,1.2891300739226228,1.246168908082081,-0.4691284352414927,1.8283321779865611,-1.5984365236463816,0.7291119812474788,-0.2707755611637892,-0.052652461778475206,1.6448356396176607,1.159413625152371,-2.728496550165018,-0.8866340275369566,-1.1083395909519558,0.9025222258489094,-0.09020958970065157,-1.0503845497223219,0.6758340524362998,-1.6313029807751203,-0.049693786359150505,0.7863241011552967,1.6374142790869979,-1.8982096840822122,1.4064350497273022,-2.23952881715855,2.128058068208075,-0.700336324472657,-0.176298809285144,-0.7698935175561852,-0.23669578175638253,2.291608179335781,-0.8518180080515625,2.6965022821146394,0.13662397886852565,-0.5769744583661078,-0.4406572358436793,-0.284422492188109,0.4438460087683067,0.5850679609096093,2.3403614085807085,-1.917418061164526,0.7777609298802909,-1.548075565479334,0.8338604405221843,-0.6592785522660362,0.5544582481351102,1.1715178140192724,-1.0386749589869124,-0.6272247676574016,-0.10289472138663278,1.6528719253696036,-0.3372708456720153,0.16922122052646266,-0.8094938122123401,-0.07813344080493374,-0.8197214356909756,1.0040262334190195,-0.34906326017559397,0.5960529362736333,0.18199520464945784,1.271986530006952,0.7342644924824724,0.8795037064180733,1.6654934627749172,0.44460105024945196,-2.0342639397925013
932dbbcf4c965c27d49178d63338370bed4782aca2c9f35520a8e2739254505f,1,1.0033354128764513,2.567637981108229,0.15548300144076777,2.1313192888293098,1.8138516581070157,-0.6401268885106517,0.16300125217245687,-0.07620343058148027,0.6154014444518258,-0.5784472055377525,1.2957280100506443,-0.2691647290712815,0.15828011080388182,1.5646544377657399,-2.058520922585334,0.8368780980198656,-0.18879419522276308,0.8742571761305828,0.5921345559019515,2.724358768265427,1.2306901026175798,0.7449588434020268,-0.5076484151917301,0.28003430338224394,1.44245867821399,0.3505857768414166,-0.23436368476983369,-0.23066646007686242,-0.5882165846591128,-1.476440153143841,2.2048601096136036,0.3760186898323773,0.9857431311610182,-1.7250304644529717,0.7892110932655404,0.4425009745376602,0.07856174748845779,-0.5226931461526996,0.8681564697772304,0.4185227644181052,-0.3144103317307134,0.6245791259138359,-0.12080521251353304,-0.17762906592062344,-0.9889809422171277,0.23925935395490805,0.6954032788518927,-0.4308995170965782,-1.1790369385188124,0.48656035775902906,0.9502870979647379,0.016353042656256714,-0.8350857651897441,1.6245004475512907,0.5980558839476877,0.06032957930057403,0.9298923517035509,-1.3172477792608497,0.13619713417134177,0.7240650060840645,-1.0783552239138743,0.9886111766538086,0.2691896281323549,0.9809455019216331,0.6843927462141393,0.7743126012932777,-0.34102319347555654,0.42859050235287216,-0.26734226203775513,0.4350635102335332,-0.4501742298699796,1.1862885320168997,0.9812000364557817,0.8800403228121858,1.301589034806486,0.05979951771365599,0.8603771089295855,-0.7405518341201345,-0.7400392883896663,1.70820732386172,-1.0097769496874762,1.9874607798291455,-0.7322443962322733,-0.6962706141420101,-0.8813008253205222,-0.41521181149522063,0.2567000525553034,0.876158913788528,0.5800015722142453,-0.46111722915319514,1.8397614411883745,-1.2573869219151623,0.8225670381360701,-0.04856567876810347,0.6124695779571632,0.17547979916007309,1.0398399582610196,0.4075848081036687,0.9125299263348707,0.7927024565382337,0.6094880013580126,-0.8945914995564631,0.29232063815059384,1.8741600098707487,0.7760820288905694,-1.199841538265098,0.1782025644638912,1.1511985500334458,-0.9336451555817153,-0.4895405067312397,-1.4124397787808072,-0.6968154618903659,-0.5503438499786208,0.5232816990409948,1.461575008454091,-1.037307422300415,1.7541489705707247,0.06016661155286429,1.809513677139937,-0.026111372291671237,0.9079580238602146,2.4891066079891546,-0.8135013300235889,-1.135097822349537,-1.8559704223827485,-1.4679649502774232,0.6183507990296102,1.2848971629743895,-0.9249702958780571,-1.449998031871289,-1.261561360723543,-0.10571856262104273,0.5842814569571051,0.40726859511437,2.4664896086729606,-0.6736991144302864,-0.009251313403309223,0.4547467582194392,0.5074651964939791,-0.11877324820554645,0.8387869290416438,-0.5041006830306921,-0.9165122615920583,0.3602266712940055,0.9897424738481653,0.09335736146798992,0.5566778864745197,1.2613415544702409,1.3668010824111057,-0.7049331945797541,0.21646108208324455,-1.3380942961063078,-0.9217704980242953,-1.6458796451130135,-3.675160822104362,-0.48014520507574665,0.011852602675288305,-0.8794592047672039,-0.4681816417816939,2.4861513948419685,-0.9104259299656597,2.6797053042247776,-0.667989570011521,0.29409336601972647,0.637815731307353,-1.5737933737430583,-0.5151809535454488,1.0859852147315778,1.2561217599568277,0.15107969565902993,-0.561009110422154,2.1170978216709058,0.6757891022561379,-0.803630239511982,0.6058556957112197,0.2647451605772198,0.77268682972307,-0.7099426271244667,0.9609212692632492,0.08314660378591554,-0.5254798983892975,-1.2597740785978924,-0.5158184872458501,-1.9054323273451295,1.5647477155941634,-0.3170888388430509,0.7664375037673546,-1.1794892002279445,-0.2394700939953293,-1.5614789374037543,-0.0963788219651831,-0.6643178193610451
991016fc240a051593c50817be27d0cb6628b8efa2c9750d0336522b6434b736,1,-0.341435043174406,0.6425489303698049,0.05966952340993581,0.6292157391173392,-0.4168499516652547,0.6044775910771266,0.7499781792457243,0.07018274970951166,2.248703721970004,0.10300236546337793,3.221170410429409,1.6195381293430038,-0.13518810230764716,0.014120760489786166,1.0902770901388672,-0.8120234108237929,-1.0276159000478384,-0.4836745300881777,-0.6734911109848818,-1.1376006709424702,-0.22677705683960464,0.3412780827853242,2.9844630108074446,-0.955641443440236,0.5501097487215676,-2.1653814951037758,0.4928410566094459,-0.6103525126229654,0.9816601346219365,0.7001657285695628,0.6518257493606074,1.2252468804902024,0.5647942530460506,0.6985742616124703,1.572334412341767,-0.13105195115083068,0.4944627895837719,-2.3662897841338575,0.7870211416934749,0.3508493872685926,1.0991654632668968,0.5339587627146212,-0.5374677077739273,0.42366297207708403,-0.07329652289589172,0.3234430571876662,-0.2573881730806607,1.3758475280870057,0.37124041339419,-0.6468315264550015,0.8241002309776171,0.6421876698375393,-1.5577894706582776,0.3223115200713052,2.6365979164234856,-0.1483737083759289,1.5422134515955253,0.6873728722957057,0.30251045798431,0.14492772474767346,-0.2433877608594731,-0.3174949147598116,0.8823687152258803,0.22658273953104485,0.6559360041018915,0.8578100043949892,-1.7608021268382006,0.956576673053425,0.49591746046851165,-0.22891801692164038,0.5307693181329052,1.7996508650254603,2.0764010918844993,1.2402774473414346,-0.7148224183605366,-0.7445737908480909,-0.21907187518074897,-1.0924345335696322,-1.0814339952030159,0.6301351745356722,0.09141378230001396,-0.5044665691962844,0.2899951672610064,1.7612936215880666,0.3190087685125596,1.7134499834635895,-0.0535520284354472,0.22019492193803036,2.3126421583785475,1.6956086157841803,2.100981689179038,-0.22907229589314215,0.7586463488811858,2.0586146848313254,2.3762003725478773,0.47823702330299456,1.4319773231821222,0.654529111913023,-0.5284514798280393,0.05325276539983681,0.2620772662804366,0.15083792076044136,1.6294512989514272,0.12189502130852127,-2.2245782507501435,-0.38093915461316646,-0.5104279509494952,-1.3413104577525927,3.150488464567851,0.6944066878559243,-1.752092927856503,0.8025414998813051,0.08106385667474209,1.4889665735503295,0.2689006463294983,1.4490210520058215,2.5388974395528976,0.5511324309769063,0.3637126610899455,-1.1919992353290672,1.587370012518968,-0.2088078984137316,0.006629570630976023,0.868058834481189,0.34791374004636444,-0.3816914168476765,1.338582824043182,-0.6620963301489473,-1.2277507287129363,0.01953948610137148,-0.9191363248024448,-0.6201909606303183,0.8663825139045838,1.0572550824417846,1.0779771693919526,-1.7494747525676564,1.1202970687952656,-0.8908228367651058,3.6410995190509743,-0.598010313819928,0.1565670767915622,0.5830448485111834,-1.3066928210528141,-1.8853695694825934,1.6451165685800937,0.5057444867741119,0.15062145040975722,-0.9477535138133326,0.11108358665017345,-0.5166441665257366,-0.20185423961007307,-1.4608406107419711,1.2338156980130566,-1.1418493159835263,-0.9001005532063737,0.22153532728281777,0.9488475457044332,2.4351673887888126,-0.9580785508131275,1.7341039603457138,-0.14022509545969764,1.3599335564115853,-1.6580005004726648,-0.20870832912916207,0.2450622601848107,0.2880225242678694,-0.7015932731166744,-0.8231176378520436,-1.3588014116343692,-0.17441248139903878,0.3553022282258106,1.1203358048573573,-1.2440909947694094,0.0032798556239657653,-0.7621280828830305,0.8739492691979979,-1.8946327346632614,-0.7031632988509646,-0.004517473993281192,-1.5900481726744051,0.08233718705453107,1.6778909025101771,0.5726069813300201,0.4694252178523471,2.353129407213597,0.4312908758268296,0.3186091831640462,-0.5799336808209585,1.4914209324625418,-0.5995451251056112,1.0269255352195963,1.1171158148584042
3e7ea5c39fb573df813b3d7db10d840647cfede8cb6df14390d574e90d25d982,1,-0.7392183080243069,-0.11721357316193015,-1.3283438411049786,0.988810032905147,0.5027082110960976,2.289232284737041,-0.06505830487185532,1.41474552754608,2.212738924823537,-0.16087123731534608,0.13337126827820756,-0.6367615947128175,0.7286575995757059,0.9203727492292382,1.8200292342085391,0.40113403048356494,0.3730408685705646,-0.0953526256262863,1.3314631873646385,1.9754659507077337,-0.7121381265818323,0.3873529918194496,-0.27936018561147913,1.1654343438815589,-0.06156337086229738,0.6380447900178128,0.8169113106151233,1.333855342266458,0.05699927714589709,1.0566507711433373,0.42869602150370656,0.5682102525519273,0.19185079295160062,0.6312133333905747,-0.2940384433658855,1.9760239987884236,-0.18752326887307424,1.655859805380031,-0.27403238929900153,-0.34505728637476063,1.9979809707866225,1.0320923006388176,0.16437220255887253,-1.664383854416292,0.6613311836033822,-0.27498995475522703,0.662566124397897,0.38713662598829823,-0.11775859652835743,0.37693663831508645,0.012567827092725081,0.14870258713711906,0.27768758116613634,1.8211136102237502,-0.5191954927495355,-0.6453485611391069,-0.054945253450555204,-1.007214224972944,1.5904654427387697,3.717635078249045,-1.3113734747774,0.8396579951734444,-0.47930099243636487,-1.6319361276711375,-1.94263313601378,1.2179140807063977,1.117266516469362,0.5901768950000978,0.7749760178686649,-1.3667065097368585,1.06753268726448,2.0780653491166405,-0.8056825619795006,0.26039504706334027,0.45882920122732357,-2.032804295297495,0.30680555109369667,-0.8664703970698437,0.6028240497642905,-0.08104920404399407,0.34244788696105555,-0.49892202216517717,2.089586813398477,1.0845063775049486,0.9869726985302905,0.5964583368793238,0.545004787019421,-0.043588288464839274,0.7624254050897108,0.8250859950600999,-0.7042643322100226,0.46493286027610803,-0.828307703450965,-0.8666894767829303,1.0481304818273531,2.766988973511098,-0.05075381727695083,0.06314300427543557,-0.8786883139091511,0.37109505023772,-0.5605202045455013,-1.86874990809333,0.5120016670547984,0.7330099753559747,0.38165342999238283,0.9032841847759623,0.8432276004344197,0.5394108425717823,0.7371952142522318,0.011932796206475027,1.133358674652226,0.44267203814115474,2.364547864134833,1.5898549046030317,0.36218846854967585,0.6424052303455451,0.26608837600583163,-0.9182273531485368,0.20375004999034207,0.38718973180578414,0.9113821807748386,1.475232522699324,1.8738374043384545,-1.0628382515154617,0.4994165732046809,-1.9518613280673587,0.8295337294711445,0.639095589063329,-0.45466114419376336,-0.6583605469644747,-1.589343289269553,0.4912076113973264,0.036266185710167764,-2.291292966027856,-1.245341237110503,0.28262736076737544,-0.1141391807997139,1.2268647213876642,0.7798233759536909,1.1000470612123863,-0.4157507845176097,-0.33989279035418946,-0.9113494745140495,2.4962302931339684,-1.647883103121101,0.5052459884521276,0.8870961407053976,-0.817685860340249,-1.4294321457636325,-0.025964903344458366,-0.4126293319678478,-0.8268533097271269,0.40273586656169524,1.4892317063216267,1.3815195799342095,-0.427812154540079,-2.941303592083005,0.869536807579155,0.6769104248312965,2.5577902797712184,-0.8051689332276771,0.13749281809528516,-0.7641275342517005,0.19328879265502497,1.15490981224493,-0.01513387303832384,0.3594536511751612,0.6377999037308663,1.5952482453831125,-2.0878867888736137,0.9477149419053755,-1.2874392372659387,0.46931480931560327,-0.5142477101640665,-1.5759841212742194,-0.762669392256375,-0.7644975635591119,2.056569700753483,-0.5605710824985429,-0.7777769697527614,1.5959004315967618,-2.669805123561404,1.2499687402128314,0.03193533558095749,1.0290264277802756,-0.8711598105622301,-0.46389287607925145,-1.033741548446298,0.43843098659551694,-0.4840884790493778,-1.9194753134361833,-1.0220553982651432
e9e45c548e3203e45ef89e1fc6f88c81507fa31cb71cecc413f39f9ec7168482,1,-0.2621815604641383,0.09694549829916524,-3.018552663775258,1.4399284631777656,0.6698577747239487,-0.9205632319382224,0.2676758249657512,2.4158560964217033,-2.206160121877211,0.4654144568484057,-0.8973362223209389,0.2449043317929849,1.2344234965206047,1.3514919143409367,0.15929521145820713,-0.3883730710722755,0.05448910369989113,1.2377111759228931,-0.37586990216970795,-0.6263665727241569,-1.372689793669256,0.614333573342378,0.3876337206828444,3.263686087216651,-0.5283780335413018,1.8251686360841688,-1.2683167595704152,0.6000486064406036,0.8023885465274722,-0.5504607835689592,0.5582815455313677,0.4045079949679129,1.7951198894586733,-0.46365095588502775,0.7143545282993787,0.2831914832573128,-0.4435082550882174,1.4652760768914026,-0.37040195918674795,-1.7898292348903504,0.6704897183558076,-2.3234223861872163,-0.8258028412651766,0.9906936446120926,1.9892256345709463,0.8840932412416387,-0.13390963814537027,0.24034898202747865,0.49039739452840764,-1.318787527520651,-0.06733256974253773,0.28546996060783325,1.7409791978790552,0.2632717425506285,0.8472054833220188,0.14157103797358817,0.3831488150514508,-0.2681447725171495,-0.6528110210184703,-0.15177091660521752,1.7996432688743322,0.4976431972122437,-0.7227478393381424,-0.4006174590839345,0.34031743542652865,-2.1561015704195166,-0.8487224627959299,-0.3601743313670505,1.0497334956961746,0.8190538450049923,1.96459613896837,1.3644633524881546,-0.6439229416070902,0.4999187256131247,1.6193392405358908,0.6176381035248517,1.9904249329220607,-0.08597105461976358,0.798978076884039,0.1169122765379958,0.9703416176088798,1.6438839151601012,2.5301769274101717,-0.016136192523264203,-1.0506567772020674,-0.2639705891188066,-0.8313550261086511,-0.30666595126101714,1.6062790353692522,-0.30031723865545895,0.5772952099636554,0.8367741799576507,0.30252944796336356,0.23212990780023066,0.10565037763894,1.751882591404193,2.422883764272367,0.49593956410889417,2.11700144045772,0.7105134785526328,2.2338198618870244,0.9488432740092416,0.18318669428324813,1.0030166127340066,0.047167599822882544,-0.5080974554275336,2.149731010620256,-0.9012418445302253,-0.7325132133471293,-1.12072776455146,0.16440099849046713,0.6445486812949227,0.14132097446614517,0.04238566994883575,-1.7435053242526353,0.8330134958154922,0.8472598406866461,1.2302649751588688,-2.659482413104989,-0.6971193606522834,-0.8050093361132218,-1.651956746291536,0.56584565511877,1.9254701070261522,0.3291112512312291,0.6534616863983409,0.5402681079604883,1.0114781100329753,-0.26014411155124717,-0.3380838598421936,1.0198358513094516,0.8696274074566682,-0.12827212681116906,-0.4497297948031744,-0.31063396492718115,0.0814119412356655,-0.539967845020275,-0.6695168568352,0.38905408495549326,-0.5689329878301146,-0.1507557686032072,0.16241986851751194,0.15611216099102249,0.388999456870049,1.0358329267821094,0.2511524385587723,-2.2078098967517623,-0.2721203099266416,0.906087486255311,-1.7419344614831247,0.9787477155107532,0.7279274606495757,0.37637032722914543,0.09162788873312744,-0.50021867690822,-0.31363546540939613,0.7809159259263652,-1.5367026271786366,0.687484144096675,0.11847184378957898,0.8710790411904079,1.0269253322530152,-0.03353014745122729,0.6682844979969748,1.5717778187355596,0.032443874853962926,0.7447251662844854,0.997300143327037,-1.6665243144832127,-0.08087101877481082,-0.7117256069473431,1.3191708261100636,-0.6213966906893472,1.300166433196654,1.0285152482083344,-0.7994542370852613,-0.1929545036335636,1.5849248120955273,2.990858197956442,0.29863289580550245,0.5239031872108926,0.26700779802736313,-1.3869963190581909,-0.023095823747214448,0.4130350689417966,-1.7167070620049343,-0.6737614062730075,-1.3355485437133607,0.574653587738648,2.3649680674289164,0.327134017622806,1.0003166171283495
d20e704165d278ec151a090819d815ef9f2ff3b65e4f9c648be786189d78f055,1,1.6567929823574186,0.21532542348402117,0.12338123525297368,0.919598497171011,-1.3678508565718035,-0.5569689161870355,1.6720620302517404,0.7264650336826091,-1.03016057103458,0.5221178170284654,0.35110091086056183,-0.29570167153782545,-0.6422399777257775,-0.3578151861276717,-2.136089668352904,-0.4817715908174152,0.8261898199208221,-1.6396011980229246,0.6926310088236414,1.514895216515988,-0.6876604200016836,1.0363463192586495,0.8684573221597087,-0.9647271115254582,0.46277966457900055,0.8801648932660406,0.7206784790734236,-0.27275348869110894,0.44487888565415923,1.0816368520574873,-0.24868868407980452,-1.2095787704519116,1.279832558296345,-0.3506800788585041,-0.24507203438699987,0.23502731813288327,1.3720469720356832,-0.5433132383966857,0.7733111042333825,-1.1542348029762504,-2.405188462148238,1.2982385423458078,0.10024799793475836,1.7241275793508826,0.49688769465292204,1.2701739577193851,0.6411990365874719,0.11231131552751084,1.2195137596587264,0.1998414882787407,1.9801722797083106,-0.1187153131709418,0.8151962242431474,1.02991034792002,1.3469935583515715,-1.2980556079330652,0.5656354775383534,-0.12214885769065024,-0.9240442032815408,0.036729637245253466,0.009791796914227546,0.5917951130906774,-0.38965884237611464,-0.664724587377155,2.1865650992701893,-2.4547863630490996,-0.20243788043741684,0.3310680332333827,0.34921196024684154,1.925760631688401,-0.23159655081389818,0.7365743352772033,-0.7716181979380456,-0.717987644895172,-0.7061486718603054,1.157925095780553,1.0575042985685699,-0.6396951780033336,0.9684226295440713,0.07115805111495932,-0.8325618772202337,0.6778209855696451,-0.2664732912285419,-0.42221589032344586,-0.18858769045784193,-0.993101252459736,1.0678012347672334,1.0381418721909554,0.48377146226422124,0.2516175546559008,-0.9469071058166468,0.1942211977277572,-2.055347992364737,-0.0487696425734615,1.2195954229765695,-0.1663141749260276,0.999680063541744,1.2960568711077998,-1.4718721668586452,-0.8663693738004467,0.48990833589067984,-0.4407565899895721,1.400045717304749,-0.7473765167058926,-0.14169293683184822,1.793061717325948,-1.2978325939131674,-2.0942044476858497,0.03213460021110656,0.7057781375890966,0.35555212113345785,0.13071052712415238,0.5026577536118733,0.6511364525435445,-0.3217173050695015,-0.129786379649631,-0.30970122493767394,-0.35846914470583535,0.19110735331504283,-0.3827737574814417,-0.49742156331299675,2.367276129853691,0.1438728721479885,-1.689794033797043,-0.3060045292265997,-0.19864771304347562,-0.0612540126901027,1.9562964687734872,0.985692098002478,0.37172947538258394,0.9351083933688144,-1.174468679665018,-1.584861003178663,-1.3265404173776811,0.9494957606253579,0.8588869177555237,-0.34296400715426956,0.32717206294299245,-1.5132133499279923,-1.2289780444581948,-0.8956571005967322,-1.1915706330194216,-1.7150032159559334,1.239891188858655,-1.9084074456794216,-1.3746801443919197,-0.19981916912695222,1.4528876099898773,0.8821042789195345,0.13810240845029098,2.3802675280506023,1.0774335383253073,0.7648028077391237,0.03637604846957424,-0.13467224887378015,0.7132647066111516,1.5916032123635198,-0.29461213723193175,-0.9077594866013933,-0.7767826314259737,0.07901879607089919,-1.9368142490200753,0.06666776431505923,-1.2121156010207015,-1.3861158708100891,-0.69766415435524,2.0070894482627413,0.16968535396987114,-0.8955943924275732,0.14424310186557485,-1.0999857455657986,1.2396104257138048,0.6256949352762446,0.539873027621793,0.32354641020950636,-1.9799384918779563,-0.8926315357230105,-1.060185738650891,0.3310103211689301,0.8989451942455629,0.49860004722883794,-0.6623237040679213,-2.153494439407217,-0.043298423951870696,2.1354789378013215,-2.0175690304263667,2.9032380356304066,-1.8497769018212593,-0.1309269698435883,-1.5537926073288624,1.7377118563468787,-0.8585083806065624
9b48c5e1701ca74fa85417ca83e25d10305c8daee1d91087f7b70459bae08433,1,0.538717876385648,-0.22466238144908685,0.3950988434696673,0.9771735258357602,-1.1549504175631393,0.024027797289186026,-1.287680999128471,-0.10304939963285686,1.9004055771565542,0.9806206491565669,0.29595473095391683,0.8862270641560266,-0.6789232251548485,0.3876379491517553,-1.7828705391670179,-0.6343612623080143,0.9094173865456043,1.9734436326692981,-0.810624780114124,0.7955904346945977,-0.5630713139073191,0.8667570557911277,0.01679799487013872,-1.27489971127148,-0.6080307309738503,-0.6874309099818867,-0.3618086605223423,-2.6304125798036595,-1.557863473514427,-2.046517855142408,-0.925553787636842,2.4693433345069318,0.7983572025327471,1.5750002818956466,-0.14685917125964854,0.6525796654234686,0.878817509949658,-1.1416079331203663,-1.9337615121825622,-0.46226937689314695,-0.06568173883437811,-0.7190075645628202,0.5770570137618101,-0.12793882318740454,-1.2817081186717831,-0.9873441116835393,-1.5676648558555886,1.864310314562753,-0.4082017949326434,-0.18475778786033228,-0.8594526951877332,-1.8269957733675197,-0.9238287435802891,-1.8006967985114883,0.09146310218580478,1.5318222647851338,1.3248215506180328,-0.6790980707910503,-1.1813259481869873,0.6371314273122711,0.49499953852482015,-0.4955853534613721,-0.5430082402199703,-0.9243637603314686,1.4480639978416567,0.4865395945666649,1.2448782366467763,1.52579755135136,-0.697475327275233,-0.43514236334233825,1.9236684710319911,1.045705280510553,1.3794745986042363,0.20773701277035916,0.028143355725566657,-0.1382444177059009,1.7880247416184547,1.8015662900355527,0.2567207629069873,0.27964631591856337,0.2962851740273997,0.03131399679221199,-0.6628757888602872,1.3703641626000724,0.7709754800942148,-0.8757244080641449,1.514921654578492,-0.3583160796845758,-0.22919723129962752,2.236028783973325,-0.6662355106007336,-2.2451323643545584,-0.7438887762242847,0.21766086370458965,-0.6527271761226622,-0.5518375170249679,0.5265100844431241,-0.3935044798369213,-0.6975575557860476,0.5730767514266935,0.7438213195864631,0.6677488000879241,-0.27670980141627183,0.8006454026279395,-0.2207111700399314,1.9898048684171097,0.7759315312843189,0.6633232718089563,-1.0366458355930428,1.4372382288542132,-0.795830343897808,-0.5291163844387323,-0.6042548838194851,-1.1603890921841669,0.26903903106963806,-1.6470487624584342,0.8266336286945475,-1.6626288606645359,-1.7346297532497206,-0.4417199457704747,-0.8434493394994931,0.027623526546993515,0.14863247849691452,-0.5026936018151564,-0.5588429262883504,-1.050612796978118,0.9843353844832475,1.4365267247729552,-1.1808140749488776,1.3788540377719047,0.4656780911117845,-0.6040589375204127,-1.1679623445699965,-0.9751198487291699,-1.8190653173472078,1.9580432849887732,-0.9221304505468576,-0.1636610900757672,-0.9308397738658566,0.4215644884033342,0.34897303044826533,-0.4405811876081759,0.4535620919113336,-1.0166385721673423,-0.7251116709156524,0.6090028432770305,-1.7971508780494392,-2.469322268777886,0.34843689889175655,1.3001584189918474,1.4499295556039369,-1.54922046207963,-0.8909722029029276,-0.44282757934406375,-0.30581783664014484,1.2118546738462892,2.669929680305044,1.4732235999047025,-0.9130086084018157,-0.5010344384912445,0.7325417312708593,0.18971297654784774,0.7784748332864279,-0.025123889849797645,0.8619522424696272,0.4025817072618715,0.3437244341262541,0.661820650191551,1.2995651772052974,-1.130007218832641,-0.029128929937547624,-1.2881120751585238,-2.9201514506941093,3.60918873057453,-0.038663136145183435,-0.505279708440592,1.7891913112609803,1.7316534480697192,-0.9886522187674469,0.5246169335276241,-0.3383732193303272,-1.4534892223977236,0.4934964484883444,-1.2172181705096725,-2.0918721355490213,-1.9052253733976467,-0.17552003798470814,0.14633920736190936,-0.1087345380131624,1.963465848656758,-0.21297504481875712,-0.5593698939402834
61a5d89cb79a97aa21fd5dafc4662120a15b3dc9dab3206d07a6bbb76078a2e3,1,-0.1317924150471937,-1.31092585855973,0.7793153994750157,0.8176674707413694,1.0754427274006277,2.8639980200551243,-0.4802010083034274,1.7630056920974475,-0.25109805126823387,-1.8299184611807946,-0.5018904587697907,1.404800380430692,0.2561170946476363,0.9764956034399458,1.3019047745660632,-0.2203893559563539,-0.6991200630476719,-0.7067015465134062,-1.9752569891437735,0.0389616311309231,0.8837780792109837,0.40494414404323176,0.422242361683991,1.7029664287696256,-0.00948506139399738,1.5527613159815472,0.6447352763391392,0.6781257248216634,-1.1627606454060695,-0.6462944091749696,-1.077146926751863,-0.7204719079347375,0.6067875649911805,-0.4013402384509069,-0.15714869383481322,-0.15689305633780182,-0.10593404642306763,-0.32340866717371525,0.46597167005494167,1.7512701286393217,-0.11615868811700952,0.2546867294614621,0.404893820959761,0.9296275804610463,-0.9337396827412895,1.3756928328302007,-0.6246299353939746,0.6347058337796571,0.9277642985131174,-0.7093718687681525,-0.554624441504618,-0.8223698231516491,0.687151719515378,0.07736862946717986,0.5834272739459228,0.07584303438428269,0.7781822819857142,0.08497273395210675,-0.3073037749663005,0.14179863805515597,0.03989267000445132,0.676859724855579,0.6237643700584253,-1.560772414991418,0.7965893285518786,-0.7841046830117435,0.20112819934856707,0.8964328950133118,-0.5480917208091732,-2.843613265896558,1.4123231135177932,0.917127141192403,1.7448626747134814,-1.3441759436237706,0.73082797462818,-0.03902985521917997,0.29842360736088697,0.4493130347699579,1.5853276632393545,-0.6384069990619379,-1.4359637061139687,0.5356198337731221,1.1044544409583867,0.6428770364479698,1.0620681163816064,-0.4353411560562333,1.183398945628164,0.2381961798548033,0.8666226338559521,0.6967778734953635,-0.6175945456573477,-0.8919307778956145,-0.8450386082097586,-1.4453696285984596,0.6122911444688838,0.17174893675589847,-0.8072469168097443,-1.9039762496672676,-0.17897284656614243,0.22338123282050176,0.005989279741975884,-0.5924834407573869,-0.542090771359511,0.48576344182661657,-0.41155716927661057,0.6588850672472046,0.7642755840156511,0.7172015682749213,-0.25253272511439906,-0.08255474126535035,-1.11782550733221,-0.4559984037509072,-1.4076476123698096,0.7010021582479872,-1.4205373205471803,-1.9554529914652692,1.543374280349602,0.36736156166979383,-0.38549039277268465,2.186769322072271,0.474480436863961,-1.6946159760961699,1.3616819632723582,-0.14109553840207822,2.124056353968201,-0.9383451123633959,0.4339670126406741,0.42371785062589085,-0.7894810771818259,-0.807059443372879,-1.757238321579278,-2.373483800140135,2.2981556894832873,0.5054390351655106,0.3035129141138717,-0.048300805571137265,-0.08045688771558013,0.9522616891175728,-0.06868576888598898,0.2348042282936022,0.0776600824815536,-0.09903732154363686,0.45292486094193907,1.1548233238359396,0.12723859447588626,-0.730465016392283,-0.4824301524975906,0.8819834633901206,-0.1360882704195821,-0.5731833220795688,-1.9220778233382554,-1.377252198088159,-1.882475986528758,-1.0938054327982805,0.8058223055414946,0.7096253186367385,-0.689901604162673,-1.5672954919121813,1.1310484865253436,0.2124772618383331,-1.214999757014841,0.2646370982360874,-2.052302339308028,0.677613889665853,-1.2417755575076246,0.7238541550438164,-0.5645576916112073,-0.11769080926535662,-1.1772655483667702,1.2151894485393475,1.9203502790059628,2.305596272653464,-0.12726360814283863,1.1240612515941286,-0.9459731795709931,-0.10221370373387235,-2.357860351720547,-0.7439052942235869,-1.497901396355368,-0.5329316148211961,-0.3828422641723689,-1.102557572710631,-0.78191351893425,2.724653854504469,2.0017193753172764,-0.9959922582539276,-0.4176953555449308,-1.6135387123702445,0.815376074912525,1.3608254318752901,-0.4515705297818014,0.8593938997618026
e0220d07a97da0495ea5bacb2a9040bec9fee48944bb7a40f3f69460ab1005c8,1,0.6346522953415377,0.5788945523874953,-0.45117134294025324,0.8693206525442961,1.6813702892851594,0.5331007530545153,-0.5266340061739798,1.322331629921518,-0.11138094888803438,1.8012025900683692,1.0619524430268412,0.5666427900678903,-0.6836556414381558,1.1337546506277998,-0.22155683687459551,1.941530651600484,1.6417307439018072,1.2820763338783145,0.8399173192734491,1.123925233494441,-0.5170358261365362,0.4150531731899625,-0.4477757055211822,0.17128524450624527,-1.3532991748313552,0.30545819532039636,-0.44900002705450426,0.06676888117745845,-0.4005990158132998,-0.10728343206996807,1.66669925760998,2.1008938714045438,-0.95190561191745,-0.6381983215151275,0.07022085293414826,-1.1057222240907065,0.01614161991579649,1.4729397072035466,-0.05643418130468318,0.04525186888343907,-0.1599396113339958,0.6180480762006701,1.4932793516523013,1.2200030535050728,-0.11115340341671345,-0.022427975551005508,0.26959419347915137,0.19536700401067836,-0.19059175145002774,0.8043365336680938,0.11624804738592405,0.795720925336572,0.3349323573049404,-0.22462974874407066,1.4629771238215261,0.5088800326534846,-0.7318730743141144,-0.9538923709249661,-1.288183249974382,-0.9930467589169732,-0.5328189998876616,0.6661165089778234,2.91835868188711,0.3422846741411671,0.7288440311468111,1.2278832041637608,-0.08015294766931791,0.36161972485551785,0.46682123897851047,0.4680069512217468,-0.47751241538836586,0.1782747433835485,-0.9456007739752597,-2.487566151699447,-0.303440174743862,0.0006424361047536742,0.7364717884085297,1.0660032379409825,0.20777244396829841,1.738649496188879,1.541766659231143,0.3740755711909982,1.4218069904128994,0.09980658016018026,0.861865588046415,-0.2541137743403845,1.699754264137155,2.0390715696997677,-1.064150662797343,0.1502318530463297,0.5267964500776159,1.8101201221186174,-2.2808465890431635,0.34173471553058477,1.848817953835657,0.006469621270234621,-0.1813847359532087,0.3653873461623773,0.8766595020059579,-0.4119501992344237,0.21141953465670152,0.945373520293048,0.5003880373057339,0.321583256936506,-1.4191608617797449,0.3362209223327998,-0.3687712716167957,0.6291441939305178,0.599264180571544,0.09419110995462182,1.104433331287585,0.5285164286771797,0.31401879504194025,1.3126766881160354,-0.054019303098957916,1.659682830346571,0.14237585675630393,-2.0099649197481506,2.275889524068046,1.2805089885211198,-0.3291210592920568,-0.5286244211498194,-0.3665872645944598,1.0750101897219644,0.05069765845703755,-0.5413852990026959,-1.0579464497141797,1.0605005658390618,1.983830375397928,0.8612471013405117,-1.2005752885054093,0.4931329975623753,1.3636509266552426,-1.0885642370932167,0.5394052833040753,2.3749992025081816,0.31797618308483233,-1.5238437982021709,-0.5791222357749602,-0.16931015920321965,0.21685990571610267,-0.8278141000268069,0.11513443259511154,-2.0962376626757795,1.0800087029360508,1.6036926252146209,-0.6659809757601959,1.087010915388119,1.3563167338752578,0.6459774452776825,-0.7760894449601314,-1.1734050588369473,1.2340466247729087,-0.8912963603881462,-1.3971646310908612,-0.2536309796184721,-0.38626487440625284,-1.0647746874047592,-1.9517087486733966,-1.3633859375118018,0.685918343047684,-1.475192350487345,1.3042857103261736,-0.6667534740011717,0.30751661663176433,0.7627391956701216,2.041711951463424,-0.44568642254796553,-0.030795602811517105,0.31404689575890715,-1.0772345576580569,1.5526963039268804,-1.0583620176657202,2.2525574725216977,-0.6492448263557599,-0.4570133146528824,-0.7257859118243807,1.1024435768737564,0.5985344953921892,0.3832181086431759,0.8068741559360275,-0.3577529777547488,2.0665823346519723,-0.3110204515269951,0.28301893514261617,-0.2205138424241556,-2.0638912196164236,-1.0953650538284954,-0.4564458257317796,0.1933581833712546,0.27214095238268576,-0.29659980449617535
dfded1407ed5ff5f7626a04e761131089fed9680348725a173f3c91e7b3aadb4,1,-0.3275436945411696,0.5692316235530581,1.7389357765472115,0.04200541258825896,0.8106722457638648,-0.9655603668892452,-2.757076728237995,-1.6997865144455697,0.7768879998985087,0.03418119653029306,-1.3049721624828692,1.3430176897178747,1.501830201680383,1.6713317332009767,1.0966719842658605,1.5966822635930698,-0.4381802448645703,-0.13047963059592027,-0.1427225647655195,-0.48531288556641583,-1.9022967097243444,-0.16850483134864647,-0.05005369537437654,-1.2038640376754166,-0.19531900920699052,-0.9840723003344342,1.0319181697356183,1.3210710042291303,-0.9353078519974436,-1.5459918089262872,2.200185404748959,0.521159835363759,1.2121162234923424,1.326779558014668,1.0057256678762692,1.5108903740425754,0.874095771429061,0.8683550012416277,-0.61655394771351,0.5893714806991232,0.05183090679777391,-1.7544513333442096,0.37941377388994046,1.7538100319684475,0.2940225761586557,-0.2787459459460347,1.6229535003200957,-1.1701983499000168,-0.6921417525693019,-1.2137896118122415,0.4425508333573836,-1.652242947905661,0.17617603892827588,-0.05799085712483809,1.150398223359515,2.3987477471634353,1.0301471722196522,1.4145974011357785,1.763096989654886,-0.9823498960614507,-0.6755236067787354,0.7138780681228767,-0.9799256916196788,-0.5916302364687787,-0.03705772805429708,0.41979974098630957,2.603204308434615,0.2684080554440114,1.2472306726840612,-0.9016164139120337,1.1697347268396638,1.7542536918055547,0.9009171609648908,0.6646838412631876,2.248529621372893,-0.022840106441814223,0.5424981779426719,-1.3692656179055103,-0.06867507889355023,-0.3758188457024677,-0.2846134552761137,0.8991762654781892,-0.2947488809141794,0.10133201149360194,-0.34809586375759555,0.43370691990973104,0.4466377289244727,1.470045732040562,0.9329862997331251,-0.9566521811262678,0.24782078135209779,2.1029930407632285,0.03995731334656194,0.37301093151621356,1.6273349891472968,1.9640061399687934,-0.013679440235669138,-0.5661727151238185,1.0065140346324235,1.1154633346031668,-0.222976129869497,2.0606025974016964,0.3323115340718032,0.5898802892241874,2.270149370797584,2.344412490364766,-2.276385782269804,1.2334918297788293,0.0270375249145135,0.3274555738396295,-0.39741636927203683,-0.4884624636752836,1.2154065814625916,-1.6489749338926674,-0.099807973279807,-1.417291586631815,1.30290446962249,0.8602821933077021,-1.3763620154550416,-0.9892309285103638,0.22571468811234652,0.9130135645353596,1.5820268699185296,-2.288762238842535,1.8753675364581577,0.9585742701964368,-1.1243576038348624,0.4119290302598349,-1.5744554012870982,0.39273069690278434,1.7004549853106725,2.4630627918076593,-0.11683636596930251,-0.9188102503222849,0.9283330112405342,2.1829370236116232,-2.5403791698631992,-1.288013735099618,1.2562104840907489,-0.5867721855659133,-0.2856712758342058,-1.5048706660164504,1.0071554170712806,0.9327336346464045,-0.06317776386732545,-0.14952458446236422,0.3949115577186997,-0.03424266403941253,-0.36279096597958765,-0.3815440536897701,-0.39002205553795827,1.468522926003892,-0.9757501700704397,0.20004568743817686,0.7192129506180923,1.2423819419012436,0.8177873876535426,1.1128922142830422,-0.3402689518009361,0.3578582886196709,0.2570333428821448,-0.34729274472877847,-0.47111672006952054,1.1793302809257526,-0.48233204414701514,-0.19641582413072298,-0.394630357705181,-0.2574720908470102,0.279537686020174,0.1769082192202159,-1.5952549446597684,1.6661896609648292,0.16420489655369502,-0.006854718683655685,1.9497138605777722,-0.8371297983376328,-1.5005422076554256,1.3611362935465172,-0.3361185607803603,0.8891605358241755,0.3138366931304529,0.8872507094235373,-1.6469476542938972,1.2036214894306265,-1.3061534487950046,-0.3106601567468412,0.6939317139581208,2.205016097031855,1.3486542662081973,0.37340328332744444,-0.4587208824045741,0.5921279119658601
7868d1b9ea96f0d78b1f9745d68a73878f7973eb356e8f82cc280566aa26d7db,1,-0.5320676640915878,-0.5078719428790054,-0.06530449191174878,-0.581046484972455,0.3074674134774734,-0.10636238761335948,1.0929366410173598,2.731783245321206,1.7550090946173054,-0.5484488105930438,1.3410866974135165,-0.6676244744205402,0.08990633281300842,-0.5712592335789831,0.13784696311425443,0.7766703400590506,0.05354640645898057,0.8307426461523459,0.6169533287998763,0.5373117516317096,-0.13367757313023848,-1.5600194188341323,2.368445143544699,0.017476011801330016,0.6095373301873659,0.15358748801236333,2.471084095034038,-2.1897666556945246,-0.48244148499732015,-0.5040480357602946,-0.6401980588264957,1.6581505046186058,-0.7973005136991645,0.8504247808163797,0.6437978420984424,0.8070158797515561,0.8216770510240556,0.7757794002284798,0.729214048242925,-0.9784390201525544,0.39437914167929905,0.012504425598109159,1.2917749609514586,-1.04886952021341,0.48241430121849105,-1.7321297843770562,-1.7502904739687661,0.4496366682568036,1.8524830190836994,2.5829912857230646,-0.4145372678729863,1.738195366375174,0.36738271888758867,0.42697676734757994,0.7080107959646805,1.9005520398503706,-0.13291850555665347,0.17583493415513565,0.21259295051934934,-0.20117963125626614,1.2227377305428324,-0.8371431407574428,1.1870878305685066,-0.1577768414127353,0.88843244039132,0.9829492298530382,-1.636293479898673,-0.6524030803574966,0.9888496360353223,1.5340203765502978,0.2536633346914927,2.414200108178444,-2.6528059579567778,1.2935263448673269,1.4449839343082047,0.040190767199923205,0.38712474814683273,0.46577970737920016,0.8013948049487194,2.531453895170328,1.4636803248533639,-0.8988901437383644,-0.9094198366695782,0.6320599857557261,1.160094761339039,2.1944113922284556,-0.10040343336460744,1.0291763766762272,0.04351726347971466,-1.8207545195081565,1.6287245114287843,1.6087988495115093,0.39206658520604865,0.32824322223041497,0.10910655738789798,-0.216188172977831,2.2550178493013306,0.410051893217587,0.3263108869294481,-0.1770221297654937,0.5362339311423215,-0.8553640553989761,-2.316502533504048,1.9484498442025262,0.7522443581394814,1.0501485620233026,1.0644539348348514,-0.2454559911241032,1.2808936057213005,1.7368150491312087,2.0457998862896116,1.1170102387509733,-1.1948920855809826,0.8020628619507235,1.1025663036518245,1.041203735545503,0.8308564628780933,0.9272136664634232,0.44198241322371434,0.8878778390408432,0.2935732088306121,1.954572393823677,-1.3591030837120261,-0.7697098318833128,1.0004183678268497,-2.3309915050886842,0.48591713599406955,-0.7437373269528644,-0.2967825487671748,1.1100549449335337,0.0751227224708359,-1.5698825000435237,-1.2448995514616965,0.11586998783877021,3.1248366188783256,-0.3140785929066604,0.21825044385474196,-0.6784563688685153,-0.18353539254046924,-0.6623263355963883,-2.604050519691143,0.8339094330671782,0.9852335589971715,0.3938391613231263,-0.4358728256080874,-1.1552865822522274,0.598540490690944,1.08940538003826,-1.7429569185089657,1.0858800917180687,-1.2482657703046534,2.1261831432000915,-0.1745863812116739,1.0451091312118042,1.035343288845534,0.4556425535384111,-2.659871834413904,1.9930665587071028,-0.1910619387690581,0.46615688687948403,0.2946931358019554,-0.11371688497575637,1.823349812173718,-0.7439005269043484,-0.08193227054413332,1.6978736330516389,0.9886318268782852,-0.8728124612250365,0.5441494470859823,-0.08105872196677265,-1.3851837661338116,0.06955813028787741,-0.7893571846849657,0.8168401757831693,0.09791059653671447,1.4660703291206298,-0.9194938722528763,0.37800124216745373,-0.1789380721240024,1.3746636486622892,-0.010537151104691188,1.273970145810332,0.8144992134752692,-1.572777721343699,1.0942439025500117,-0.4469796771501426,-0.11748545135812398,0.8342652753285797,-0.03950449900140639,-2.4594626400940225,0.241258734091569,0.21429701439419985
de91c2723610692bd0f4e5b615f67b734a3a1a42f1729cc7a18417abad852a98,1,-0.4371647088194668,1.081408457982361,0.46462945419192614,0.5489977895179257,0.8323264132666506,-0.735092569698209,0.5590645228012402,0.7842429286755771,-1.8459416607967296,1.4113332736200483,1.489125031089143,-1.0782243553260733,1.227569426125383,1.159939351083237,1.3936266006317304,-0.7080633818633759,1.9023907762639487,1.1509977472272341,-1.1210393390559366,-0.7102095764289966,-0.6346371833864447,0.5031174897534363,2.8222676735620835,0.9240183920342766,0.10149361897295939,-2.579866024193301,-0.8540199284943168,0.658072116194685,-2.2439577924877265,1.5540016166368653,-0.0927810684349537,-1.2967525170210823,0.6974095641390119,0.2944752303462642,1.3565759204314536,0.7697098920760731,0.3796534217731018,1.195301605730265,-1.1887669327262822,-0.5837746737429024,-0.1730325009166505,0.8769056017180891,-0.34755204059707956,-0.9689782004781244,0.015194294583727563,0.1703608487521622,1.0945870173798262,-0.48480223255031407,0.9707488293414287,-0.2584679111252134,-0.4229659701542856,-0.45394953582276554,3.6868586136566224,-0.25250744292942073,1.149004555865207,-0.7722188360824699,-1.3169710707713034,1.480012358073486,0.8063616633855426,-0.24729757109467937,-0.095823472929081,-2.5894829357161395,0.874852772380762,1.2533556462610937,0.7971563756593181,1.2387087974088777,-0.783760691582554,-0.4602040923558387,0.30801913817383647,0.25818173001042766,1.3952940718076552,0.5388832156456329,0.32313604619507386,1.2990017562787852,0.44595990394017476,0.08433406630526491,-0.2353400321223842,1.1180271830465593,0.6272765729980815,-1.9752745343200246,1.0578231183153668,-1.3338995392932649,-0.7292062467816458,0.9216912858702446,1.8614839661240845,0.9299037039136205,0.9482042093304036,0.09374336195961042,0.5023661931039662,0.34591633038275404,-1.1930444089072694,-0.2058731193483881,0.5997268430784739,1.1279311165482038,2.0378040012053815,1.5024856183118052,-0.03445997184751981,2.042070940468788,1.6685223063731405,-0.07393688136444673,0.9198919807709811,-0.6854541071436038,0.36314425781876686,0.20287876904726765,1.1134277826266017,0.064656710603289,2.1177204458104377,-0.6925086861338494,-0.13628459879841104,2.005101985539617,0.2872399892660518,0.2660346204054934,2.117234167062477,0.583045341851029,1.5729294901962734,-0.9583531590926306,0.4805176125825579,0.6220476549273245,1.7231986423057284,1.7266091221129307,0.8209157020052322,1.1567371706857021,0.4759875101046203,-0.9396505398551892,0.24453527761607313,0.21072648489300805,-0.15925835550484602,0.33179447184046945,-0.7245068732173741,-0.5959300144330391,0.2944117590712993,-1.263227800470684,-0.027349030548796446,0.1635722676106106,1.224132610469109,-0.3390862680632248,0.5303908652590456,0.3064489801727054,0.13804942154401045,0.46807939683395233,0.42188565624012314,-0.6614657485182114,0.46706042042403456,1.4319424891266075,0.912069634064863,0.7397710064202453,1.1702902381815727,1.8720694191623575,-1.9784534589410305,-0.7738793592168459,1.9883046225306662,0.743089517776179,0.2800337279957369,0.3789812884461392,1.2633034634752665,1.1271145423739948,0.5910887327716182,-1.0458640709160525,2.9413639818922483,-1.1981424460866792,-0.25321141464787644,0.8416024258843351,-0.3240019646266003,1.2900938104443593,-1.2389660876556272,-1.3355032274241032,-1.7390508284729898,0.3234255244892157,0.1781356659972232,-0.8713161280289186,0.059763700094135376,1.4909867544298334,-1.801313887963103,-1.244563370070721,0.427700125750515,-0.830462580826492,0.8596192590483249,-0.21386588022146405,0.33958309219371363,-0.3053610585626987,-0.5871038832520866,0.987150712529304,0.873870783233823,2.2140036676485804,0.39087325353443225,1.9238804089329806,-0.05879601380631404,1.6546995559911883,0.5079643712877477,0.43641225687092017,1.7798758421865661,-1.0274671418228403
7c0ccab90410644ae15fa42827dba262ac2706bd834e51f6f273ef1971916b3a,1,-0.4163711777021041,-1.1407063529171417,-0.6377570429857263,0.27514095702352254,-1.7759744100708463,1.2163240115932095,-0.6330179322697833,-0.47221110960921253,-1.502244260441729,-2.296207076010839,-0.6604128169983766,1.6552772827687776,0.14521254114349802,0.028054505588560374,-0.15255304917137094,0.38244205889784383,1.3135767407150494,0.3830904104954207,1.867316069577097,-0.8032706479996615,-0.3901033860186918,-0.02132826021024603,-0.6857523228028156,-0.49437044002031294,0.23791583625973659,-1.184528273303602,0.6480903756346025,1.0087532659967096,1.0455741611799034,3.763491594724454,0.5396684340179398,-3.270936206801058,-1.3105901011541634,2.055412877727764,-0.3404544855296603,-0.3290130124905415,-0.840757274131282,-1.4369873247706832,-0.9621741584783222,0.44418288580999765,0.8108781193058686,0.8427364743889058,1.0600618659779932,-0.2692788220837764,-1.7627643086058156,-1.264157885517733,0.6402951947816167,1.0220979329755233,-2.663842537574784,1.1208203558798806,-1.6025772236072322,0.2524832364986916,-1.8127750850259448,0.9804506805157149,-0.09557072364627409,-0.004326853210205789,1.6516954235114751,-0.1786858930275615,0.24186124341118373,0.40838291659962067,2.3887223739850745,-0.9765510130652356,0.8661270943619847,0.7058918476435276,1.2291168846777256,-0.5510849137243752,-0.6929011297176164,-0.24047510369348074,-0.19256052868491974,-0.2014578410304536,-0.010811754637268911,-0.5983116052170057,-1.8448527936287178,-0.6299655887593675,-0.06748187166932818,-0.4059968020468102,1.6332258292526787,-0.03193524373970413,-0.9249593210445376,-0.8576428278920637,0.45453413861847347,0.744774771103898,-0.3245826671562751,-0.3688878934437395,0.1941229939553982,0.2507673892663327,0.08609502613911074,0.12270804834532612,-0.3952617710237205,2.2041996254320253,-0.04698571061086143,-1.3413061934921313,0.13857774974932777,0.08541418825219466,-0.9496386864845988,0.4354390828111777,-0.4075088538300478,-0.6856248259220099,-0.16516904425607487,-0.4483120089560925,1.8896277710850231,-2.5957602603913847,1.229671208067027,-0.1832184251958613,-0.1803841339782039,0.23382985195636297,1.2484551179427126,0.5236126367857589,0.7238516075419347,-1.3449212810175357,0.3730406376717226,1.1241114201909683,2.8999441361752187,0.18727782868164966,-1.3840217782869852,0.13471850271046087,2.1389947413169224,0.6061837167083766,0.31484429671376507,0.4420797065620212,-1.8116004289385712,-0.9643039702499925,1.184367277223012,0.006643132768407306,0.8773351355412583,0.0987929626148134,-0.9695779695655776,1.0512602485546698,1.5368672310031808,1.9063341028179335,0.5745714087690175,0.358205491664541,1.2822100068229356,-1.8373262615193937,1.6923307896303834,-0.2719514522117824,0.6112104566404225,0.0191969480761741,1.3833129878402532,0.1890258592636484,0.6336734590701268,-0.151623535934987,-0.040164435215309255,2.1402603331929586,0.37080761764576237,-2.0178943898193737,0.13339058227458964,-1.3536802451084702,-1.4956520888089289,-1.052648555240424,-0.7261098284164584,-2.091733695452259,-0.6142322742995044,-0.43607604913633063,-0.37223739902545083,-0.9197413577513872,-0.5155018532996636,1.0003338215654394,1.3492939681853622,0.18594689384058155,2.0720741992234655,-2.482970466967393,2.181472572298966,0.6950872237145629,-0.905843922449601,0.10072584943534045,0.10281455545137162,0.09975822011147374,1.5418553795378733,-0.29696197329074303,0.5162745098429073,1.4940586341168651,-0.21612464468742948,-0.892799975037397,0.3383093002949467,-0.36319112055457803,-0.5050837424282092,-0.5479501642511581,-0.7808663088282977,0.3558808242018985,0.9407623878932733,0.257402226733847,-2.636535534240704,0.044054179859184146,-2.456741470214926,-1.218443093504281,1.301435607892518,0.44198361928409596,2.3469645168279025,-0.4630725830142341,1.7517398353487763,-0.48137621441038037
f315dca0f7de73612c1b53e84bcfeda61a7061333ed933bd3ea6dad0b56cd8a6,1,-0.12296132525472542,0.17164784455349957,1.1251084346892841,-0.816942970835899,0.8786412526707146,-0.21166589421228832,-0.8363716089365338,-0.7214402738313015,1.497945967593456,-0.03187910402247801,2.0085803246487064,0.9566534740350849,1.8919179721653505,-1.8869373018952698,0.6513879841218293,0.649003198246449,0.6613400249085113,0.7543982306817598,-0.6590760576486885,-1.1063624758756945,-0.38414566269023454,0.4884881716754558,0.8705189862819167,1.0283309100499949,0.7351631603245339,0.7905449716830744,0.05481152193852967,-0.47116139664883133,0.4167516212851702,0.5683112653195705,0.6361082822213131,0.8144119394344305,0.012735317535015,-1.4786552546497296,0.36824164013546046,0.9369790676642449,2.8589325623343402,-0.18028413232528573,2.5399337770671098,-1.0411075527616738,1.3155813219887382,0.6550938027656932,1.8431529878387425,0.41368420661427135,0.7401934717688203,-0.1597224773849807,1.495071242848216,0.13964666591323316,0.42287617585311155,1.0120022222430678,-0.06001420090242686,1.618224699482167,2.236079265616124,-0.2636025132381914,1.3621107513501427,0.7618497700628174,0.9633982172334967,0.38099448792974544,-0.17062830729080364,-1.4190148703524363,-3.82893273661522,-1.6000184667345017,-1.0825787269602585,1.2327409857842413,-0.5782540573842774,1.2913745820987013,3.8944504567618288,-0.1325401490779473,-1.0674066146742016,1.1397199733196917,2.256344186453779,-1.1350764434019942,1.7431055964624336,2.191846893053084,2.4391596386036047,-0.0725811237411258,1.5534621164757527,-0.1317949856473732,-0.4075178580063273,-0.25048450289380986,0.33530546595239263,1.221045361608892,-1.3884976991429596,1.0658258396074418,0.9770007878511949,2.62659032793143,1.0744724911117243,1.8453792762050303,0.6395696429523696,0.5257094235451829,-0.9465989080813579,-2.6164032791684733,1.6408462827385235,0.9752018214125227,0.3880715969104878,-0.44532672734797113,1.19370081435,1.76730138115835,0.19290559698054968,1.3198134868802045,-0.24891380885393072,0.2835238086153598,1.5449506532103883,-0.08268150763982829,0.18817176507909789,-0.36587756894877466,0.6751632442466402,-0.39335679167374304,-0.6109455231795008,0.9577239388758548,3.7162326141415574,0.5492088135500479,2.17253241831851,1.2263655947502548,0.49705936737579826,2.4162276480225406,1.039116888713226,1.2844836011392726,1.601590832428426,-0.28806362156575066,1.4084710620518182,-0.10090317352379413,-1.6738877625907096,-0.8615716885517852,1.1345492791603216,2.089198632544458,1.9405125523874371,-0.22139941825203016,-0.11665618923112209,-1.2676938396198525,0.017651951783619314,0.11481697917637643,1.501602223377373,0.3720950834772444,-0.5785562370034972,-0.09166961563181748,0.8232946875862311,-0.28674993797232823,-0.6729505340282553,-0.08237611805379383,-0.9635388647827652,-1.5735499341682233,-0.7850672530894076,1.631319664397755,0.01397805475569872,-1.1843329714496917,2.4639129010383916,1.8068734124499826,-0.4161373811855901,0.5321550388928493,-2.0593006255243926,-1.217547350317385,-0.07656905220855138,-0.7532976538455571,-1.2186084118475389,-0.9919420039417425,-0.9880027153271788,1.194477741281923,0.8713043668363692,-0.8567246427906414,0.42220360825567566,0.10390982437874216,-0.7254883643295335,-0.6852120740469183,1.5416690819852483,0.533111737758466,1.1037054547760605,-1.3061392394657707,0.9347470776880735,0.5312251887041182,1.6513718385848382,0.48189755302033993,0.8846964787222867,0.8992660008094178,0.578711213168331,1.1512502878572877,-2.690578392667367,-0.3790790840740969,-2.156110315522168,0.20598343677198283,0.3184625428629892,0.24276844905499662,0.6537295685573584,-0.04196109394730716,-0.21096244650406945,-0.6610302735053654,0.2937111852899238,-2.461035997059015,0.7367607800889558,-0.14593351493640544,-0.6560746057741833,0.37911311390477287
d21cce55ebe09a00d507f7d99033b7bca6c262f01fec2902f1c28a48d90caf74,1,-0.19956244196478706,2.757148930502076,0.6503588551908601,1.660017539550446,0.09091848961353122,0.5077578943740555,0.30855143507667465,0.7046885237945434,2.160995812671689,1.3352430845134229,0.8354033524477159,0.8859591947757741,0.6363732961322712,-0.29763391635776215,-1.4512344323796786,-0.7542477586976333,-0.45775560721299313,-2.4554804413959133,0.22165225663307125,0.5153991939171785,-0.42256587021687075,-0.35915638201301886,0.3380631399800501,0.27084676907551714,0.7695252727620753,0.18934455216007468,0.31874114567502637,0.07620030376158238,-0.8093674440134964,0.4742347913833839,-1.259429879653079,1.171573963445606,-0.007393901606230768,-0.5117237248958122,-0.16522290421272334,-1.8248480969217218,1.3481971226393012,0.18366780966136675,1.7111596455381948,1.6398186312109218,-0.44081303799510063,-0.09984196018058178,0.6446860929736158,-2.3999724255879293,-0.9502625181679578,1.942735802389775,1.5768038917123839,-1.0023425357257236,0.3530664588393309,-0.015673499695714327,-0.9810427596952196,-1.1041011916400696,1.7830617652880005,-0.6857057399308157,1.3098938152388466,1.6032201660089351,0.7494675445582913,0.912388767080136,1.7085806304224596,-0.0006049574047379026,-0.8662976644639142,-0.4027327376767178,-1.7408266371569951,-0.07321557116875665,-0.7993678353214138,1.5098595513940951,-0.21237266334722615,-0.7448889688149791,-0.4769861160470884,0.7932951219103903,0.9319911333254034,0.3261819963389137,0.6089494041470412,2.250143428202941,0.6887807074039902,-1.3405608790679107,0.434607834742535,1.0163818451088302,-0.025468033681042647,0.041754661117583775,-0.057579520181152116,1.4983479561737525,-1.1177911984365254,1.4355321175804554,0.7217279740054576,2.328261731703198,1.4511965102121105,2.1323064825223907,1.26888902652668,1.9054193972435567,0.59182125382706,0.42535692090891836,-0.16899905570731538,2.405855348681947,0.5875768937338002,1.403235459949523,3.019533188725248,0.4110334008344722,0.4656923361862978,-0.8612577738059248,0.43177541233793604,1.8548958088876941,0.892166396252494,1.5254379202385446,-0.06358300469853637,0.19882841907426618,-0.42362875766191405,0.12050422911401074,1.4994725131787405,0.16060677689132338,1.3175031599905425,-0.32204233093250095,1.5524283350119217,1.0824612440590342,-1.0241577305555758,2.2478168351531327,1.181327724316783,-2.0100930524244616,1.0445551586691413,1.053286712011393,2.5419948098158294,0.22614341506060293,0.7725802192682881,-0.41432361755604225,1.4524835851521654,1.3428901856668107,1.421119894634658,-0.02089423449550462,1.0241014370382082,-2.978971579410419,-0.49356576299952176,-0.6530997005119719,0.21320394841061455,-0.7580030668818738,1.9407422243717212,-1.7298333640017352,1.2147301349749817,0.8697887039656187,1.679685916759835,0.5834787031369859,1.240655808488629,0.13285133793097775,0.15758442601325262,-1.3785463368188309,0.4207611649737678,-2.3327777136824537,-0.8810787370662839,1.6888455034345402,-1.8635549920901102,0.5826335027747095,-0.9182058213027953,-1.3473585772269623,-0.2705858776506519,0.4120869358302137,-0.5129363627813126,0.5124147894285512,0.9182832515122075,2.334061056623072,-0.6760194982532428,0.20354749172888129,0.02043308580470471,-1.140555806325266,-0.9873358238691681,-1.7784078386171642,-0.3576398022956516,-0.4728954628186508,-0.8006872449450424,-0.8766686263324825,-0.91925365480684,0.15113152193147505,-1.1810810771883133,-0.9186802961159479,-0.04454019698687049,0.9260604937395068,0.512693737619765,-0.9914146622068946,1.2637825063282706,0.044817192506944,1.132213706803876,-0.5699888607800029,-1.8563124574280734,-0.08911343569800792,-0.028348102393593193,2.162738234160872,-1.4957188358081575,2.422675254952179,-0.6853741169953881,-0.045966233865814575,-1.8226525111464793,1.4562151713717872,0.3391441325775903,-1.472758027241311
63cf9b7a2db7d89f0d8453addc96970382a91f6a796e386062976e9c845efdaf,1,-1.5834236495048977,0.609943194178292,1.0320003955978527,0.7830663320399947,1.0118039730426092,0.9202696359252437,-0.9348080984301048,0.204434951622592,2.119165786216545,-0.13603581903752573,-1.2219075150386658,-1.9059323887836677,-1.5322239055281741,0.5164958530265602,0.304008183210646,2.0572153586810202,-0.11885286204583806,-0.8002139010503007,0.6606244940730687,-0.7120811786252614,-1.4515548264766993,1.815694041075091,-0.25999014549295185,0.7048711298160641,0.9968899722405649,3.3836235583999743,0.7347401459132255,1.1842057605877296,-1.6710153652835098,0.13450185647481983,-0.9478785161816464,0.2983994540858441,0.7962286359128061,1.4327962424672758,1.1699382433866357,-0.49811110832594596,-2.1546402430650557,1.1923800679791747,-0.041344681450232124,-1.3636395928641583,-0.40374164925603473,-0.24940809070782644,-0.3442222592943827,0.5574504632382734,-0.9568194107533234,-1.3625663680124656,0.8075018891453147,1.0794166859172862,0.7881590929581689,-0.1965082655064514,-1.3080028441612688,1.1230557304396076,0.3996502613425603,1.601187531969237,0.8852804266242311,0.22115820244758233,-1.7004142216866849,0.9008598619841043,-0.1833881867615526,0.43711914862465395,0.0515889376152473,0.02234594830626946,0.5874304328785382,0.3018814747203224,-0.7591076679610999,1.0484748612764145,0.0714524956297887,1.09796488736523,1.6521982214828688,2.224845898845464,1.6596831896674598,0.5932679265022025,-0.8609935345072832,0.20824134377734915,-0.17083134350434886,2.310494875840764,-0.6357815664836948,0.26775336668675187,0.6011795780544092,-0.3464540526103653,0.34530570484512635,-1.7417730127350148,1.1541520983730926,2.402257533195807,1.0907523684310172,0.1726426796469436,-0.6730887452811535,0.011328086770685857,-0.9895087016660824,-0.10808854616452557,2.5268169998474903,0.8924753603934328,0.6608983093723224,0.352324457158714,1.7015279184906058,1.5753371459234171,0.06197258030970065,-0.5810273411070236,1.208751348277366,0.23811975437885358,0.4210606056043372,-1.5212258399284404,2.1801394207915203,1.4560564754430914,-1.375858460295297,0.6256848359102273,-0.14567401462346646,0.27157033456239865,-0.3194789252046953,-0.6312580948957622,-0.041324839442251404,0.478480534183813,-1.6381261408657184,1.5604720610490206,0.43872758995193,2.3023021428157735,0.4715086858564994,0.664455358123981,1.7316412014024192,-0.7864233273040782,0.9787857944637026,0.16108826372596388,1.886683865507547,1.5154612305588078,-0.5075130364619636,0.7450985912104586,-0.3504221556030752,-0.9522511556211724,0.48053370146309954,0.5871238944883261,2.244928822997771,0.27899251187753954,1.569557015502325,0.5235766927631839,-1.5788891362186883,0.04698272984619963,0.13696571918974723,0.20397691258582087,-1.110313851074131,-1.4952723074887093,1.5863940431969925,0.3128641441577099,-0.7122514452610013,1.5004422532029218,0.3378331826774631,0.9233729329838807,2.8265540268310843,0.11655213089018879,-1.7372409228259864,2.3758652346587428,0.7227912542771385,-0.16975688068051575,1.168811560146416,-0.6531899947255998,0.5077847225048059,1.038923448625584,0.4195708836747904,0.45379970028399486,-1.4309955015422622,1.196498497656012,0.6079657017593552,-0.3664198610366873,-1.4054317782492454,0.88478696007228,1.0306124982704459,1.966846485110537,0.26284173170740194,1.0305894033588991,-2.724158330859484,-0.506098655028969,-1.4051809937671003,1.13072708818139,1.8081105788807368,0.6000604484698944,1.2802895362495221,-0.7920288366867546,-0.218976665056785,-1.6554956055971135,1.529395171224098,0.5492319876528879,-0.505624200413417,-0.5864909324608297,-1.4010394574528175,0.9572948085981398,-1.1512663436790007,0.019284267787430188,0.9669902436364181,-1.8955684339721544,-1.4056932672670692,-0.07057788864541825,-1.1021819396479922,-1.0411605543746172
41fe533df4fa1b69525106d078607b97e52bdcb796567439238e06863e42bc86,1,1.2038248589742089,0.7690379473917041,0.5049971439132594,-0.11038047830798489,-0.35513775990993074,-0.9639042539187113,1.0281607172726286,0.5824429382878986,-1.7004402705201285,1.3575624128362165,1.144248855417531,1.9759274242952811,2.2782807021470806,-1.1308875432330288,0.7025050727145603,-0.05229290227625494,0.2838191291619555,1.1504814381325565,-0.45578795571220043,-1.4555104203798148,0.2386710776162359,-1.6139881862227947,1.6358204302072394,0.25899379293150676,-0.9843836115731555,0.7053763703010202,0.029611609607615774,1.4335262326584002,-0.21017122270480798,2.712257805778974,2.5558045259822935,1.0315444902542577,0.23688666344627832,0.701100173949309,1.9997043936226413,-1.4923207729048666,-0.33767450812847327,-0.2258153535921557,-0.6176951530243269,1.0983234387002558,1.7525454089184536,0.11643756249688764,1.0827754854187097,-0.49402105914983047,0.5012646317164285,1.527498143605679,0.043411339981240055,-0.9684017471938234,2.5082043186912504,0.28217606550914714,0.00556404421231832,-0.24728057437005635,0.30293860113495324,-1.844626472567293,0.2460737010891756,1.686965702691173,0.04324734413601633,0.1693952056285574,-0.3166446537639795,0.4233992685434385,-0.12820130003382824,0.08590010414523713,2.8668232014069472,0.39774598312097664,0.3414334577716196,1.5134475925977806,0.9578447437940746,-0.2864611833617153,-0.5772880984320041,-0.637642146332208,-0.2151888201524187,0.4082643454756567,0.8287893355680306,-0.07574989361148593,0.6220132600509221,-0.18703790855212976,1.9340445035647655,-0.41639729092715594,-0.29388892113051035,1.1533911375939905,0.2300978206452211,1.8600629711571859,-2.6145602153619634,0.8609906809007202,0.204343637360762,1.0703417262663597,-1.8237178411836765,1.1596428884968928,-0.4092785855112031,0.9237432277292653,0.265737262926336,0.12230037764429964,0.23136214215751624,-1.2043694289866935,-0.6536754298660672,-0.4228329130755495,-0.4135416825682393,-0.8801296961690863,-1.7922421546427876,-0.49223438808026904,0.9065605421316564,-0.6034321100988508,0.42575504103474915,1.075523601359412,-0.39378986119195836,1.70358531471895,-1.178408702468485,1.0089738624365445,0.15775938645392518,0.1233647776143223,1.1033822196789722,-0.30796388745866676,0.126276101189165,-0.6697663266939131,-0.48741345069252084,-0.3357357896969573,2.1219539141622925,1.1491504147124127,1.1860607932671625,0.10985634057089394,-0.7387007525522595,0.3597828223004195,1.2078096059728054,-0.3958262300230051,-0.2896070873124529,-1.6255675998591093,0.7615117675906263,0.6893197648362437,0.48582918163961814,-1.3155320014237042,1.3509918747526337,0.0286505627236875,-0.22651187569136497,-1.3464539249407024,-0.5774384216180046,1.4923140025436235,1.874951721894721,0.5328024734254619,-0.5389160681569096,2.115043956299624,0.28691007775268557,-4.240742496082288,0.043820835064124465,0.8982083395717112,-0.11554556499598291,-2.323451438694483,1.7216494430204057,1.0940586103127918,1.3043254370887327,-0.5252429063466155,-0.4983073112511415,1.9096491136457878,1.7635106513360295,-1.1244736094853762,0.10964208873024696,0.11897294881391043,-0.573169514764714,1.4468378224513314,0.22222192401014218,0.2236573767736611,0.8582156813393971,-1.527669274587981,-1.4443258344514076,0.10332092161437127,-0.005404834676062153,0.45466618304773887,-1.6662147953069764,0.26244905253137557,0.538003816926583,-1.5468519804716305,1.6725718358209893,1.761772523668086,0.06787121446764978,-0.7590502443025549,0.49955111551487846,0.28611265907411343,0.15416159851884773,-0.33417120054527477,-0.05109990901219076,0.9980820251326505,-0.17294324558158167,-0.32559668885401905,0.8827619191023457,0.04701143399881766,-0.9152652709007774,-2.513047583702633,0.7003727706467625,-0.776620102423023,2.5518972425257327,0.9455848307057535,0.038584003332211764,-0.9395401525134071
188a46010a71aafa203f2638af480193ad68c8a16ecd1ddf675667434310d01e,1,1.3043237392025342,-0.8495216547375759,2.0965212703204927,-0.19397832003342558,0.9787935325012508,0.34576058057671616,-1.3365450572980284,-0.8387196745588428,-0.7988828466670443,0.38505416329998965,2.026695043920848,0.3559719566307659,0.8095624542947228,2.718278746614441,-1.4649218195096485,2.7263764453250188,0.43766652893965907,-0.24988526553611654,1.1877905317683504,2.3855850243672325,0.6803862242431895,-1.3439558413692532,-1.607447212811675,0.10104539770195353,0.7571072294587742,-0.14745270112449765,-1.1320854224955783,-0.42541789547626974,-0.24519880814418893,1.3766871543990435,-0.3934737177853653,2.030856744107744,1.5340292400959872,-0.8661628814156617,-0.041308464736825895,-0.14513009392002738,0.4822719253369484,0.3897477507241738,0.13990381033863702,-0.3932901150872379,2.333885178864123,-1.1963466691351234,1.2303156361162335,0.24049787714286355,2.7253164594871393,1.6954621475245322,1.0990198779543308,-1.4903180725520455,-0.4550104383638462,1.3773796798370872,-0.10647251195918755,-0.2191451185631495,-0.021668053009680666,0.03741023440223268,1.0202518032270944,0.30778367416670865,-0.24956285418863605,1.9269860303924684,-0.45576197445185573,0.7866018967558323,0.8525686316785884,-1.1011034394002388,0.8179313911644435,-1.583576093958193,1.3315005271451463,0.1965659118283153,0.17038851877600358,-0.05945573478945665,-1.4334780270699103,0.4084289604563787,1.4034047255139166,0.9158070848896045,-0.059142609715588434,1.3308504797868639,2.0216965074053714,0.8555957665156196,-0.4190467967287121,0.6133458369224851,-0.38456008431440913,1.3511666963676274,0.5392350226964047,-0.00754714723767802,0.4655441016481808,-0.5069309795756927,0.23267273934680427,-0.2311468915013002,0.7406512471179745,0.7932339921187698,0.37206197981487754,1.4900864634061042,2.2973728617411013,1.121203513063346,1.851417761953086,1.9093770015962783,-1.0957683589803526,-0.09065522605971399,0.04699036040078841,1.699168721777562,0.5203429525838144,0.2612318811683776,0.512677542497898,-0.1964900570320259,0.003895897227948808,0.8628719817753564,-2.800338446030613,1.3466395040951047,-0.21992373497024414,0.22900395269240134,0.3050487492675194,1.530902979072836,0.182636227783828,-0.3095723393366355,2.25175046448079,1.0063441004023694,-0.4033040534771527,2.2515242432333666,0.8582116542996463,1.563557026698121,0.33591694795579924,-1.1968761920174038,0.5381044383725814,-1.199435007125207,0.12104836834802418,1.5735332691946378,-2.1627921139467237,0.46687617881055216,-0.09196293303499456,0.34174018709337345,-1.8410799505585467,-1.6545417965467086,-0.2910248990727922,-2.1858800098982822,1.2754356826314834,-0.06396368418783352,-0.3480359016152876,-0.22130031958876123,-0.4589251970547727,-0.5612222292745597,-1.6085867048215092,-1.4940232600962775,-0.7785451508331326,-1.052400428596196,1.0021633692507743,0.1362975700658757,-0.5081086144259042,-0.32458147104202334,0.28222743663308425,0.365073036610909,-0.481578931292913,-0.4059001203686421,-1.3516281589042327,0.9236293803445581,1.4827344735944237,0.26884255515107175,-0.8072948923006753,0.2553084512773455,-0.1744781145728431,-0.381283491622284,-0.900308991683615,0.49237059523411997,-1.164911402259325,-1.537404248761855,0.5688247317512766,-2.7778236862172365,0.1544072642248535,0.028351584088565928,2.7163891837461587,-0.16729300160275465,-0.2216573842341098,-0.3142892674274836,1.3629982902289746,-1.6949423364413427,1.0358747564426105,0.6564595822987176,-0.37502529801695816,-1.3980436422703986,-0.15838400270496739,0.6142936976490111,-0.7757323101226076,-1.899344799725278,-0.7573140344447138,1.8900073807512787,-0.15063750157827877,-0.6041140881126769,-0.2766434428931869,1.5927835593728263,0.19117313603175112,-0.5486136283248513,2.6467689316201897,-0.8451591668265946,-0.23586858911754105,-0.9408991910129241
9c710adf7edf079cdf22fbb8b983f6283daddbc2db0fe1b36c632f9b6da9a4c9,1,-0.4815861602448125,0.0684404204611565,-0.6183177060833686,0.4183373644807282,-0.12546750086238206,0.4804058696945119,1.1789625422837844,0.4488909387363189,1.4764756073051473,1.9833115946416817,0.4255877625443881,0.6585532633805431,-1.6439015922480145,-0.7191757479403286,-0.0030085771770795855,-1.8330360961717005,0.7338127253156705,-1.290539827693005,1.6358764429938504,1.2568892992878355,1.424112156145766,-0.5443709659013662,2.350600009066512,1.8539212932029094,1.8765593561910512,0.678363643614597,0.3463413588308351,0.5668022356125996,-1.8248830239805245,0.7355488550081335,-0.7064777924321834,0.48674468093823253,-1.7914248436322948,-0.268659107148375,1.5075266851075857,0.008215542853908686,-2.286971990046909,0.4622360610395376,0.5445678710672305,-1.4562668381447965,2.552501549184867,-1.1628957089169936,0.33425075493159695,0.7639832018299626,0.9873189183632622,0.7129068469957265,0.1294584706397709,0.5128064828631771,0.6663883663978376,1.9369926943039397,-0.4942195906343413,0.18309928254997346,0.667277323942274,-1.6703553924801307,0.4792118002237359,1.421819055676636,0.1403374569168516,0.1432306738145558,2.044180008454457,0.1620219437229773,0.3038878468930555,0.9043625731251315,1.3275344963888047,1.301553914665088,1.691711605812488,0.14600386348314331,1.6780430957749943,1.5364623233827488,0.5395539818797805,-0.41014010394358824,-0.8376291135809227,0.7631591487781393,-0.11003324082876631,-0.20010487408669692,1.723414191321331,-0.07714707528064789,0.5929256067316111,-1.4915441648187155,0.6155160198547625,0.6702658668545068,1.9624273980609928,-0.459046487678383,-1.3398402894290218,-2.4919537673418044,-0.6850011616547907,-1.3144094719461084,1.084487688253459,0.04578625760150723,-1.4633446479156826,0.20671204556061373,0.607325047555919,-1.540225010771302,0.6708837900413201,-0.1496005763702427,-0.06353735939671298,0.11654230451590042,1.149839097470666,-0.9292739174310779,0.015712634861608128,0.679523429912913,1.502260857778108,1.4047027976797961,-0.4228959652164486,1.9882403033331095,1.473020070767507,-0.22508407301373962,3.103677102738388,1.727606444957126,0.7239452152034987,-1.258321115342971,0.6724956830253469,-0.2325742080537827,1.7829369846999958,2.0712090667941467,0.8354306525874773,0.7965783668207309,-0.803276777870104,2.1779814364743384,-0.28819771461664107,-0.027274722400597196,-1.928811636157238,0.14875364340986624,0.6230663676406807,-0.4911361499366687,-0.6293558947937516,0.09005775467799249,0.639805327843341,-1.3571500016868836,0.0856784376784191,-2.647001483496523,-0.9204894349259144,0.7322068835234732,0.21952788859259403,0.6280773986179972,-0.9720689198120834,1.2599375490867888,1.7449069939255923,-0.6209174685396397,0.23355553727843115,-0.6298043731068382,-1.2398222489017556,-0.36419608697624034,-0.40055702143810235,-0.13788615194039025,-0.1982188264405003,-1.1936218562826402,0.32723632670485653,0.1263170331562486,0.7913029574339008,-0.8845680928783541,-1.484646079231321,1.8412998129388727,0.519541195895159,-1.0488871010321352,-0.764412081803645,3.155200548077282,-0.5271036918131122,0.030677117322996564,0.4027880262154983,-1.486840874589964,0.4261874745730841,0.26317108987357074,-0.019445359183699964,-0.6665423267687338,0.8018293911624164,-1.3461225611785745,2.7741410180683923,-1.2724143485311692,0.24691260468596993,0.9795544671751616,2.691124542724577,0.2817806754022964,0.10552014701512871,1.7154670438109525,-0.1110631253239572,1.8384773772897522,-1.152472041901213,-0.16449922186715815,-0.9210496474280654,-1.0113165032313332,-0.40192673010634705,-1.137174772282408,-0.660260444111562,2.1199727929837007,0.5822940617109991,1.2997699549130104,-1.0523444282351253,1.0609128710398754,1.273575548138254,1.0999736038641732,-3.6592596759336766,-1.5771406746983716
1344231199058368ffb4afbdabd50c996899c550afe557e801ff000b7e81cc79,1,0.4427573543082893,0.9559677886191391,1.1913052504384538,-1.3019085231620722,0.6081936532757857,0.9751129978722941,0.10799009819525382,0.35561063345343824,2.841207060598885,0.5568107362945441,0.9145104399270139,0.21394516076604575,1.795912323368375,0.34411983308109617,1.6148889988009938,-0.977420183514284,-0.17331042278500686,-0.4335519401488584,3.3877367188850953,1.5010629440469938,-1.3937921054730684,1.6635835598423538,-0.23969205582545616,2.008213386539066,0.9182322221781185,1.656318920076447,-1.4150286645915515,-0.9577063699088841,1.3223004933717757,-0.0021733074183225426,0.15977385584166193,0.8455793848566078,-1.6179225291959618,-0.11611956105524682,-0.16509022735470644,-0.5416054917796884,-0.8746768744634282,-0.5887478184369156,-0.4879648760179609,-1.5965805776643083,1.0462879155214493,-0.41297361950828204,2.189492367737003,2.6701102921554973,1.0909022606531396,0.35121315820556465,0.015606052605133258,1.076816143889332,0.37390103464716445,0.8097351674393807,0.797217349700146,-0.7310335124588778,1.5355077549133924,1.3262621005024677,1.6210362981414366,1.13565887889043,0.9639481951771938,-0.9343167861717763,0.47668209992432065,2.4432659310643525,-0.515091724588028,0.18908666796379137,0.6881501135094794,-1.6422738220222577,0.47170479386178144,2.5882451798905226,2.382624721919084,-0.505159383402205,0.4803342583350773,-0.7974421162617418,0.6459121108938659,-0.7880957115472664,0.18701007122543056,1.5611610734956136,1.3517537856093593,0.2925829416704865,0.14476036483523685,3.356788952193029,-0.7820049646647718,-1.6830742344137173,-0.6816421168770282,0.5287869832515203,-1.0093378849993102,1.157770038014915,0.23007782960971565,-1.4138203436577397,-0.9506654996837809,1.0368258978236096,0.6918559446273221,-1.1560531452140592,1.4493192452425174,0.2517853849948253,0.7586126111224374,1.770918156382188,2.0703495299277024,3.158784179087573,-2.613129207444017,-2.845847359343196,0.13929803929089496,-1.5958374552140548,0.7065121527227216,-1.5429568651608783,-0.49879000532073153,2.409946347589123,-2.4982827188133965,0.5269572548161061,0.47849426997260863,1.0536875749868542,-0.03459828112747343,-1.2355554393399657,-0.05567242898354517,2.084271466395931,0.9828952040342076,-0.3323178840392246,-1.8956906589998133,0.02493133987172802,-0.4450836162406898,0.6099472435631419,-1.4063544889855788,-0.5691258418336448,0.6677389684704911,-0.12597490315741022,-0.24836724449708614,-1.256904139520817,-0.1491800684554442,0.6657383977163004,-0.21845677535779984,1.6785492581864272,1.5619349029568628,-0.26259807425308124,-0.4711588386293488,0.007202135306075726,0.6882240351902366,-0.8345300291742692,-0.7285206605454114,0.9146570915567559,0.7418490788859703,-0.38388656079744843,-1.0085699098030052,0.8415146137828307,-0.659152463041113,-0.3457107012916286,2.063004064937166,0.8635192190987062,0.29661902357779224,0.5073906548461948,-1.3752946696304296,-1.0365860716053914,-1.749965402413597,1.4969568467191805,0.32801522150791645,-0.17685847830996432,-1.0311039213775366,-0.2280974079419712,0.723181993155975,1.3195925514962807,-0.9765490796827455,0.9265102801555297,-2.1806075891952577,1.061545049386432,0.8085735205556392,-0.2388207804431718,0.14701293341620364,0.12672375482388654,-1.088664345700845,2.0818665487023202,1.0782152376388638,2.739455989398004,-0.28253668529550424,-0.6614232967399308,-0.06246996984269001,-0.6988921131292858,-0.3222003247615216,-1.1799226074369862,2.140000266693223,1.4541336933761058,0.472561214602691,-1.0341126692188156,0.30620377865436904,0.6261174613855222,1.6941266763284866,-1.0322496773398013,-2.0047175375395074,-1.4185682121230825,-2.3090985466479843,-1.050433053470275,1.438196732451183,0.5147271093579092,1.0557864356890017,-0.27478468315933535,-1.1558585610546797,-1.6074998707636508
3b408c59a3a5658f69474b4ffde0cd9cf043078d0f04fa45880e48049767d7f9,1,-1.0087594825427548,-0.6194375462427009,-0.1475725664391801,1.2212135387141831,1.8873459978003484,0.5532454585740603,2.163543528905101,-1.126017119034904,1.0132005407001103,1.291176685677138,1.88048524540611,0.8427512594557675,0.2157668051379088,0.6908594491070474,0.5464799390896856,-0.49456069628056487,0.30976655889485083,-0.04289321506114596,-0.6493610504491645,0.49533541892669897,0.594466357997298,-1.1186872497359999,1.1539921998673393,0.4451575629370766,-0.4770984474621992,1.3036381821690786,1.2636073740274787,1.6473422652313388,1.2172412012250202,0.017738981030168577,3.150745330630076,0.06744272069598664,0.11032182482463157,1.068824651846846,1.2898873618274167,0.8785198948751152,-1.5191519867781516,1.1938469432083598,0.17720241425101574,1.5481708678207644,1.9200543526750071,-0.06661083740541329,-0.24787235531326685,1.9588348782564944,0.7853989111493671,-0.48626492867040044,-0.67079016382341,3.1891851573306744,-1.795101409528795,1.2035992573105654,-0.38900546281200543,0.11812474161694397,1.0017953305964649,0.45814108747534443,0.7087351326156621,-0.4029242451222655,-0.16431769065895585,0.6264762283870283,-1.074298031858478,-0.7861541460563183,0.4413945152117616,-0.3281016473350738,0.9606356693695046,1.622968244481855,-0.8610964218664259,1.8128043593066314,0.880962875476625,-0.04549278085510178,-0.09220446919932135,1.4312217034387866,1.9179256016415978,1.6015477406415788,-0.8234139403978482,-0.048542507746279835,0.3624931917102021,-0.5752492888282821,-1.4442945382461767,-0.04747392632160323,2.7888929701878897,-1.5746184319008145,2.2242386969796053,1.607926651200033,-0.21252754588682288,-0.5544391388293352,0.22355986180842385,-1.1678810049429504,-1.4850601674006556,0.41765330350103697,2.078438465444148,-0.35222355130027444,-0.7800171545285739,0.03927487124774298,-0.3750097359765558,2.317851715807192,-0.5972307292417984,1.492428414696941,1.2149954353847443,-1.4532851912443447,-0.41908557557923265,1.7250828474478266,-0.4590795391194428,0.6516228627073997,1.5736088217215918,-0.7529915344413753,1.2811284563292913,-0.14775473280050605,-1.8971412539809753,0.33885486364410017,0.09320329108717018,2.3378525049256664,1.7775625081309492,-1.0986549066151532,1.0172236333143378,0.24301606370272666,0.060244220522074135,-0.44148107851622126,-1.0541514538907937,2.593742058529843,0.4444340903548596,-0.08615627919455426,-0.8099058964932098,0.0579276728476934,-0.440174077990545,-0.8019004359950795,-0.9337592265821045,2.260331623290705,1.008916765869745,1.6296795120680339,0.04129409942065464,1.8154878331850448,0.07337215160310254,0.006520833958357514,-0.094469701364964,-0.37775424313746153,0.05032188199233856,1.1068770693337395,-1.3966351256563425,-1.3345667543811364,-0.3997906572851191,1.4699772716145558,-0.6244697169537315,-0.06038589685047441,0.2745406191405126,-0.4539559955851411,-0.03209139637725386,0.8642104145982399,0.36068258966678285,0.15059422987437074,3.186888145939105,-0.5463447228319207,1.6182458641528217,1.972428473124467,1.8033558611379479,-0.7881363237470588,-1.9091990384878517,-0.3245851510696419,-0.8888846022649705,-1.415893258812073,1.6603525478688017,-0.14088274142562374,-0.7368663022341587,-1.8356150498150003,1.6988993208377623,-0.12780310739697215,1.777944296218225,0.3246487659839057,1.458048354931829,-0.749742934087773,0.9072384104692996,-0.2581747478568735,-0.23963431768557977,-1.6738293865815757,-0.03460460911351528,0.3323942719686667,-0.8468594887319286,-0.13492037335304244,0.6427095440639277,-0.4629765401317233,0.6973261143218129,-1.9454530606338627,-2.4845905545919553,1.3842367190232745,-0.10202977912893026,-1.2676719041057822,-0.07639238762564507,-1.0795365768783896,-0.7189365539764697,0.5588318121043926,0.9280631837799465,-0.010107640343198117,1.7203831169269659,1.1009218537623229
42634c95eaf4df6544f3119ba96efb9e65801d8d37bdc2e321b282d4d264861e,1,3.2749144013516758,0.07042879107262842,-0.43671481900151365,0.28414178438321835,1.2784714784413098,0.3419930465764001,2.3234644545732372,-0.7868332395582298,-1.8500000285338107,0.9093744721544033,0.2247250392742769,1.5110691084486565,-0.4585208049790381,1.127203259737877,-1.5992902592561733,0.0805711197908665,-0.4107499408755251,0.5358374877711526,0.4540748126323829,2.7255193247133134,-0.20990194187225186,-0.38349167112981486,2.1777209298416182,-1.304811965089633,1.6777417396568681,0.6956774175729752,-1.014899740802539,0.3710437191445373,-0.3967047781468055,-1.8891625368548164,1.6981825040419452,-1.2890535747072267,1.626466680170147,1.376848452979694,0.4376171503872243,0.15373196651905002,0.5686193305438922,2.8720635403940906,0.9126846194029601,0.07809843648897075,-1.9032920678043188,0.9507179806352352,0.5337175585264032,1.2274957071922763,1.5814782800739529,-1.5133459866531456,-0.8417303287325395,-0.04177759382073203,0.1983214328915494,-0.18166415966332564,1.0629939028814808,-0.2110068126100607,-0.7062365807839048,-0.3359502423369476,-0.5801650488987644,1.1174603623854855,0.33393235610976935,3.0275582605802427,0.298783367948288,1.2758516489479257,0.8447570654593626,0.4581824126251227,-0.011036997519612846,-0.6865024435515277,-1.015604960795915,-1.1737796169229973,-3.2418673693537117,0.6109431065022537,0.9309725092374674,0.16033569877469955,0.5400748379579048,1.5871467978266773,1.3346445125669653,0.0959481891083154,0.7302425058612092,1.9384727833610953,0.27134691567281327,-0.037098103476511435,0.010056409062146887,0.029210926220211764,1.9417646879676829,-0.11119789631024413,-1.1574530075388085,1.171114582747404,0.998884959390204,2.195422450776106,1.7782225017872058,1.0735018185177696,0.49220341158671094,0.7704519747498624,0.8666968366112665,0.1860373000852425,0.11349715989471465,0.5775644334033891,-0.9345386860189449,0.5958397544207478,0.5767566836213934,-0.44709635527763614,0.7639765783953193,1.2315431766990976,-1.8640249080807074,-0.7352762593055868,-0.21425724452315245,-0.9378613633712434,-1.175719513382507,0.028795624778192308,0.5925558419064081,0.5160810394700548,0.3442284907479174,-0.7851832934733565,0.19024661314093883,1.483258052007479,-0.6302373279990852,0.8802236120068188,1.1038152439810693,1.9399290349240825,-0.8421294136706039,0.7199731378206917,2.523433156904365,-1.446232216562913,-0.8182788758853801,0.46391937630222446,-0.32167542541122895,-1.2274296428239222,1.4114037637538832,-0.5553401502128145,0.9831114858430585,1.7352941529876853,-0.016536668183685363,-0.6122125680977484,-0.12435766145549182,1.6724435652189344,-0.947489442018176,-2.808635749462956,-0.8864180935439089,-0.968439358895461,1.1596044419571088,-0.3509291415195122,-1.3147050728778655,-0.5418676196143044,-0.5775001519090006,0.30035132717175994,-2.383577877022465,0.362481066421703,-0.7336846153092403,0.6711282880482753,-1.2578430481383531,1.0160237478900875,-1.8602372615786804,0.255703185914359,0.3281506202001946,1.3550113127617494,-0.5638425006971338,-0.02589944531265889,0.5857980750634195,0.24068051376434524,-0.5346267947491993,1.193870714635419,1.2487493729493202,-1.442215151049289,1.6393899047571863,1.4928789440950916,0.2081297468684395,0.4070915254537043,-0.41370330921544346,-0.3164187297258248,0.9436823298541646,1.8245061452415297,-0.41882017543705125,2.4724335611503623,0.028079044511943065,0.8241210225325838,0.6470757995530428,1.0988199258818017,-0.6296573605427489,-0.8588138924475719,1.1567471846759119,0.1479114198601926,0.5977942586178316,0.8619123876128322,-2.3470238778319463,1.2878802901370112,-1.2392501415887824,-0.006382789256924237,-0.24174927261234372,0.28972960868893793,-1.279178925025883,0.1785451542101782,-2.109585058705579,-0.35177522699714087,0.07465431608544433,-0.29774929080741463
03b82ba84ff15b4469e270e8c7335d6a0f0c8a91b2b22a6a18993d8a24ca3701,1,-0.5664052793674411,1.3755904759316842,0.8010852450518369,-0.9971338614341014,-1.4206530886801965,-1.6976544953493735,-0.46431885609868806,1.4809522828616517,-0.17452775693692058,-2.589648784391512,-0.27699645160795117,0.34068351877974273,-1.1006999684238,-1.5373648873493364,1.65766284965284,-1.171346075935096,-1.8509638127566177,-0.2365396148162541,-0.41464018340042386,2.5129829916164756,-1.0871569831004142,-1.534670658249769,0.9106393037938962,0.28286469121303914,0.6648756208812444,-0.7517063174740869,-1.3846223356364369,-0.5108653819595759,0.17230733543038917,1.9417788041222943,1.1657341276455904,-0.7557062163451722,-0.5971700683517994,-0.7188435418535217,0.8990098049813047,-1.5112166547132606,0.04972262352551343,0.4984155428052191,0.428495374586339,-0.7204430346253294,0.15347989556655628,-1.1498607433251342,0.16489510870775087,1.7377696104510572,-0.778330324484013,-1.1631331594911418,-0.24694675737125477,0.8620422844538362,-0.9328221678579998,-0.2813408140724237,0.4328753577651856,1.3368796072165734,-1.2618893490185923,-0.139111763399284,-0.2504239864088666,-0.31067321969038647,-1.5915218469229655,-1.2699400401273084,1.6033313129760278,2.2998695445706807,0.21423469448277094,-1.9626080961903951,-0.10460739000585728,1.6757500830645404,0.18425693891202188,0.5798752011000676,0.489841118338646,1.3750211958226144,-0.6835223724281319,0.5147672909101834,-0.7276205596013324,-0.69621500231756,0.679786769373445,0.5330270655642952,-0.11882829850111176,-0.9152505049823556,-0.15898042942730467,-1.4108906465824016,-0.7324746792792922,0.7201291468555994,-1.199954698140983,-0.4203842518011628,-0.6699862152372654,-1.9880535351163258,-0.9598642635666708,-0.49636265798391743,0.8274351487875637,-1.0782905575267954,0.5672658711487101,0.28538659424406365,2.3893190766365993,-0.5589421496346554,-0.8748843067147563,-0.6480648759747466,0.6562186918685122,-1.1821503208494755,-0.2528512119740301,-2.138835945472085,-1.0039031359891348,0.8959786779841091,-1.0570817535502572,-0.13716909041264821,-0.32352549282554055,-1.809173220494099,-0.4506839740382852,-1.0946758231165643,-0.9021138637135558,-0.4480540164323063,0.7599575185204117,-1.0131880525717862,0.3269609888704844,-1.0776921405609694,1.2305931589424612,1.278357593196397,0.5088700931544902,0.32520007479755836,1.1337361377257897,0.04332937655965585,-0.07895169852548134,1.2598603476706474,-0.5704838063051743,1.3672767350205877,1.249793439962006,-1.1313326192691333,0.400784340194805,0.3120895030855877,-0.8132346289856237,1.5851808019161826,-1.4960911235442405,-1.415371070612714,0.6738619638119651,1.0123273126616956,-1.4704437355407591,-0.7884531939784785,0.6052912507223923,-1.6310182632028054,1.5340572972479312,0.14643681820617804,-1.1445910704705367,-0.28840708552388006,-0.17047324873026198,1.3151472607206065,-0.1958864235378129,-0.9999120447050127,-1.1674703925552905,0.9139095339717563,-0.23599453772081253,0.18066115221158038,-1.2691675945231815,1.5634942031352717,-0.4804676845853029,-0.29276955987304515,-0.5063244286271479,0.23793046102660195,-0.5717804984341504,-0.041487273584188175,0.8736744499119122,1.2762110975132739,0.1126281662361272,-0.40226668819537875,-2.604426892957442,0.90995213632783,0.38484487396074907,-3.0953254052479595,0.4512750249995547,-1.5877824206178088,-0.5227405096886908,0.6875487205771639,1.0010390021599436,1.634882293490243,-0.017307864131331337,1.0040163231417343,-0.05438070612867305,-0.2751352966080324,-0.4005852760479336,-0.1251079467246134,-0.10656027293423788,0.912493969385538,1.7459563559463591,-0.18355583676940443,1.7940548890282402,0.6913414695234822,-0.2395080656176482,1.2519818521537152,-1.8695999049378178,-0.03193398378538472,-1.0892256794507706,1.0304810094440553,1.5461077916736168,-0.46560082293937377,0.5264150929042802,-0.356350642441892
303f732947f1b3e417e8467259c3715adfbfb4f4646baab46627fb193a22da4b,0,2.8289383812983773,-0.5009500585000797,1.4124089603650556,-1.4964886022282307,-0.15410954969332025,-0.9441822069160913,0.7519321569531332,-0.20331275499935147,-2.1935833122765755,-1.48285813360807,0.4850184876271859,0.7692057843658602,-0.546027287298978,-1.7853910879144452,-0.8978855708051239,-0.4808222774078782,0.6520626080465424,0.051453969025562984,0.7490187837509308,0.021188682404149825,0.38196261722002955,0.15565349317668478,-0.771627833889651,-1.4163376417931377,-1.9270599441047485,0.9472697526318921,-0.14153258108902378,-1.1394748811555786,-0.4743290293462277,1.1273014560625787,1.062871836843228,-0.19987827415819814,1.1443144434170753,-0.07474649168847192,-0.03840997003812263,0.14969638913643932,0.516459353659142,-0.44141935296516654,1.761427058405648,-0.955422201544597,0.7613642496897303,-0.7042568467661787,0.10481480763290635,-0.9540014902228454,2.0166414191593476,-0.0008648015995302849,0.8479879708210082,-0.6781570611417311,-2.1003202578322986,-0.90439736008187,-0.5029846298971072,-0.2661441718954063,1.5307787417767689,-0.40801955859203254,1.2980234967168378,3.317020290627692,-0.9722160267714213,-1.5533271610715638,-0.796715380858799,-0.4543660749457931,1.027799623182265,0.09654963818805185,0.014545802728864188,0.15348405880999688,-0.4068536040149459,-0.5394614887766677,-0.5506727067338459,-0.3922545223080368,0.2847236135056294,1.4745110869797022,-1.585108696198461,0.3813134660034869,0.49552649276271254,-0.861137480996182,-0.05029031348718482,0.4777803177053146,-1.0884794661773614,0.9867908020304004,-1.4796392494182435,0.7250362566552342,-0.651661753397031,0.8475840047231618,0.7727806972396214,0.06486380780199946,-0.6338711681711395,-0.6753455881301683,-2.7016418427734052,0.08345208370512958,0.2572964820705694,0.4602130732959112,-0.5017617090572065,2.1032959933801063,-0.12347269320046395,1.4486925882824349,-0.8372011746134365,0.6433275168962089,0.20834597561827073,-0.19437161333952055,-0.7518037526929584,0.5310075507476966,-0.9602907540370169,0.34666331235840453,2.0859993149543996,0.45058203332429003,-0.4942143504123886,1.56141628391827,2.1523499789299927,-1.2959223781538163,-0.23099477926431883,0.7166012550259374,0.1553018861634703,0.6311225581055553,-1.595846682909542,-0.9333984705901219,-0.6600213588759574,-1.3036385261229162,-1.328389856337612,-0.933104816199481,0.5874585469818937,0.8920446835670598,-1.9017490813513034,-0.80194231758163,0.2515752884178317,-0.02638414398559951,-1.2158033696874049,-0.07105570412691153,0.3757890836592859,-0.6245076070525011,0.5446414620257705,1.2038042585252693,-0.7736245489556457,0.15447841277489402,-0.14187453040175033,0.9109409627688257,-0.9681542374466728,-1.1214668550864753,-1.18894140490313,-0.3607909236647108,0.03386568661251408,-0.26454403405811305,-0.6310295263993071,0.4150669507750782,0.7792416520231494,0.3342131919048436,-0.528756806404069,-1.337086499554662,0.36473106253180815,-0.8318230049333996,-1.2537747319486712,0.3660705138922559,-0.8113077711473792,0.925941549521947,1.122962121999963,-0.6260437032217749,-1.4820455620401933,-1.1108914846220126,-2.4771190497506526,-1.0532002584272029,1.0912256778503717,0.5170810473460259,-0.7836375272043352,-1.646527780569475,-0.8629887134022801,0.22164374681675383,0.90009905458418,-0.3752496663098247,-0.628052125780091,-0.3804548159114789,0.2344831903080474,0.3909333615563274,0.06092674542742067,2.2493717226232577,0.025647109230561495,-0.03670084982793834,-0.8587635229338406,0.5109251185819383,-0.5039412540344375,0.8629786018592559,0.543516670906859,-1.3306601577386705,1.4342043033357041,-1.1242021645508986,-0.4257160511224154,-1.2706472059050942,1.6181862722413198,0.8519459390484962,-1.104910936999843,-0.44658754801879685,0.8850090119944374,-2.278764495774078,-0.19511119070058833,0.25756280492679784
d8598a27ff52475d2a0cc58c7720a537bd19e67c8e9d651c6efe699c41dd0f6f,0,-1.4077387096318352,-1.3555658139251041,-1.461096943240519,1.4029110139903767,-2.07961724764854,0.13635695225917244,-1.6141109189352223,1.5675916033988608,-1.439924263261349,0.9572667021862835,-0.18538050254758365,3.1883877484049656,0.3997200648146941,-0.7232783760140761,-1.094304257832706,-1.2952069073729344,-0.8228955514217595,-0.034409596340865156,-1.2727707384015368,0.27902641244214316,0.2876004535496963,-1.2793777352330038,0.17964038584083453,1.310218261583158,0.6533308473343484,-1.483601926464999,-2.3456098719185774,-0.24849565165181836,-0.13933403328692384,0.6261703888912981,0.5427436647714576,0.6594768084290646,-2.4383547419092704,-1.001955808019399,1.7774104467456648,0.1930526999077542,0.924641375354875,0.02138061220471854,0.23688136168231677,1.2823218022894853,1.5999867441467668,-0.7323473427770146,0.6808320401127402,-0.9279710896714122,-1.62818860897715,0.5516397486563306,-2.3052377797744574,-1.2367050425805002,-0.47661959105582485,-0.6461674418173955,0.2020250723446183,-1.3167128221521998,0.8320032727760758,-1.8332473426797138,-0.49576816399431156,-0.1141979441662607,-0.5298065627044768,0.4594543036080884,1.2701969404267806,0.7592087102442204,-0.3161409388214723,0.3971136226786186,-0.5010949182961107,0.5603821872199217,1.3434698038425212,0.19138594227748335,-0.6392385288769598,-0.28406923855265637,-0.3367385451041187,0.5128727827569599,1.2210208701542733,0.2593585536223884,0.3948882735826014,2.1799679388669877,0.3500015058162813,2.88683714543431,0.3262810398493311,0.47315353264442794,0.026616681260002883,-0.08656394900314474,-2.0653710336085838,1.338962290904751,-1.7426131451753573,-0.37858861206727523,0.7089182582105615,0.2969461755209212,-0.6557333988283444,-1.1114718257624079,0.09689048108087445,1.516456196474445,-0.8554914665705131,0.3558998080003202,-1.886166057352917,-1.0582725077313995,-2.305119577795121,0.4703868869269505,-2.7937803291235923,-1.3972901404944693,-1.733208834016903,-0.7562555609184757,-0.2661990111703246,1.47414181905311,0.49940456177677034,1.2033700398005642,1.9374873958987102,-0.16826815037890347,-1.0645944256253959,1.8141175094863846,0.252014636780713,-0.11205782105560613,-0.0670509251855258,-1.1201290093227405,0.6812820956601718,-0.4095549018978369,0.35565348785689366,0.266352901075059,1.2525096062470904,0.47667817744448787,-1.7974150079526328,-0.23518549797373062,-0.2997221028049047,-0.6245725564016461,-0.293707278417541,0.17902116357254277,-1.6246209816437773,-0.9568538522607117,0.18548419797278015,-0.1128027976580441,-1.2064009182063953,0.26722189161928217,0.6505984080313142,-1.6887561849640322,-2.104393474996159,-0.15383213863364859,-1.1941701147990846,0.15384184760337438,1.0820424250065586,-0.3552359655698502,0.4757502712918328,0.5079465684398631,-0.18055120272168942,-0.15473298407215413,-0.3154615017679684,1.1947034852403455,0.028442901258706795,-0.7615770194467588,-0.8965104040277434,-1.5479503288636705,0.5903336828204471,-0.3775974941203544,-1.945874807519892,0.16839146525532195,-1.2621702323498725,-1.260199782888864,0.865794991719557,-0.8423495019252258,-1.1973144732334844,-1.157805988816745,1.155938420405611,0.5264499043539024,-1.419154559671135,0.8314538719338619,-1.0330700559100512,0.8530216219424972,-1.258644288083434,0.7047247203467345,0.7032238061243219,-1.0795254270807466,0.27643937009784975,-0.10796982802442126,-0.18360276645037377,0.06551568051747257,-0.02677573779863609,0.74384306880705,0.25669895882348165,0.8902991111885747,1.6450148455725386,-0.8723075563433397,0.09279249334996473,-0.8802201422859242,-1.8686264326357092,-1.2760893875955914,0.3183601211619422,-0.27280330335753,1.1428421164208658,1.0134728134673483,-2.0833894756780857,1.2003683514564043,0.2926909688567631,-3.0160507212424466,-1.336779387408312,-0.1855991446392169
4e8521e8adeb7005536797f0add3f5c7cb97f95fe805bcf2bd42470b4501c9ba,0,-0.8478350785290527,0.41410911054713717,-0.31075772707889954,-0.302853437266442,-0.5118173364439393,-3.6519062197639083,-1.7737525024191396,0.25237932996714507,-1.969261494801502,-1.7396078467472458,-0.8431823209141223,0.3430460824208741,-1.4409382177448087,-0.764260111697074,-0.9022337016257507,1.3648632720111769,-1.2265255753500053,-0.43453231905954115,0.09816550212302766,0.45833652223640625,0.38006511389270736,0.9971068411971414,-0.16374715502513926,0.8460742745364497,-0.758095645508511,0.19782823093937116,-0.3575488496783082,1.0976970418085295,-0.5580106437815198,-1.9219199541493703,0.5849463538162534,1.1082094346802442,0.8727972232779662,-0.04925746166438416,-0.011713640506487988,-0.43210046825082105,-1.651837723924917,0.36521181112027024,-0.761309904992002,-0.44434637105258834,0.7315816868875555,0.5896617178134638,1.4641284705010533,-2.9972481833936957,-2.153794137952203,-0.7251630432677207,-0.6941409491014859,-1.0760472033230397,-0.7439941989970895,0.1079028888778374,-0.4586241711350934,-2.472513301939184,-0.5019041180866838,0.2563587874583727,1.7573162800353503,-2.4084306977328276,-1.0326917195088843,-0.21949011299163246,0.9059211533151039,-1.0504159971658544,1.2413943254693247,0.02450890726680577,-0.29356466309486473,-2.0785389388944946,0.5893278253051939,-1.6903464605035943,-2.466459122213739,-0.8163196449665153,-1.8494163594220117,0.2695752577788987,-2.842935678911426,0.7988225986361503,0.2648392225625197,-0.2715973749416394,-0.5683908336700427,0.9547077749456068,0.8201126523787958,0.7514338151305164,-0.07526537721785265,0.20689617512289432,-0.8584749834019465,-1.1179283004607279,-1.9243165557992628,1.0494869970069642,1.3556870376927628,0.6453567738566865,1.284562082524573,-1.3030639629695133,-2.634251660131663,-0.711218479950826,-0.5323884397003236,0.3488222548928497,-0.30006589627561114,-1.2756946852819935,-1.5589983754772723,-0.20900640474368726,0.046007718934528485,-0.8758329792971611,1.683804361799703,1.4147399943088768,-1.065703737989065,0.66451440898267,-1.4112138245526775,-0.2733292405186726,0.8695113820919584,0.8154691927578441,0.03831444560610342,1.0417027982271012,0.41444268662796346,0.7570038870208506,-0.623083622233211,-1.0406366144495105,-0.7633591420158612,-1.5235349987488664,-1.5943425530372024,0.8102324996735251,-0.12476527162311413,0.4218545645347287,-1.4912754020784744,-0.9861117026735705,-0.15548061536004887,-0.03579517403515611,-0.6294312157829107,1.2388673454115253,-0.6872944756815851,-0.023269130357774587,0.5219068210390603,0.5367850328161408,0.1086154870096945,-1.097873160892511,0.7857821900969783,-0.9324440827301326,1.1467204078022029,-0.13586903942052014,0.8274066015128076,-1.0893949710225002,-1.3038633439007774,-0.10186063112155973,-2.003657170388134,1.0219258444239347,0.22024781807182156,-1.4230108060170192,-1.6992718914080576,0.38125195045345583,0.29189466821131355,-1.1591124354552413,1.2835449805583499,2.3165393753486963,2.0941184509557855,0.5790425294259676,-0.35876057306395176,-0.965576100307241,2.684753867991483,0.8534804749663751,-1.1158469792627879,-1.741170056817864,0.489296541690892,0.6887408391713138,0.12086447291697533,0.005127730465126388,0.09180377805697337,0.12644090702799302,-0.09465052493473462,0.909662414490156,-0.456146133477044,0.5661147325448093,0.7584081136448485,1.63326643752008,0.5789550395851089,0.7464298776493102,0.4225925408618458,1.2929688639248478,-0.08724585319030408,-0.06365356821588214,-0.37778817172166684,-0.6664027505349922,-1.6792863335842412,0.8174641309703923,3.011837648593181,0.9236249936785977,0.47361130516717315,0.8387439358281836,1.217680659454266,2.544117916358054,-0.3271886343555104,-0.2644926156587377,-1.1212016894892942,-1.3327577448297394,-1.0851723904943609,0.039770840787891434,-2.054296504390152,0.6584463461505778
b341a7af49bc4e8fbfccd6023f98083bda14aac54171b18359b7806857b79f55,0,-0.7623019302524798,-2.7206420223317536,-0.6865469472552135,0.6833082722781847,0.2090408132729411,-0.12577252361448,-0.9791085926158889,0.9325579263408732,0.3375865270264957,1.2791263965658122,0.10657452465505013,-0.6010523181225147,-3.0995613430617963,-1.409797263564192,-0.34413425551192794,-0.05111250469599449,0.5100196326858815,1.0121241230730282,-1.0995006737152848,1.0746952601126714,-0.8474822122015808,1.264603056991077,-0.6100008083948081,-0.952249709103943,0.3850583267581775,0.10664993294151132,-0.5387381208839239,-0.5004203146850439,-1.3067629101131857,0.7139263723701021,-0.8800014843342783,-0.3830379450995992,-0.8710920149783343,-0.6625064896675953,-0.5674383112052116,-0.5032545242756243,-2.9126950175020934,-2.651998477437762,0.7760925050747083,-0.6106892461465256,-3.0925524608598636,-0.45690948205314064,-1.05861315710313,-0.07727749736908057,-0.4577870099432463,-0.48321977439675057,0.014912137338388726,-1.5250926843298425,0.9080420853404876,-0.11793853902021423,1.2019986834553698,-0.7762669528663366,-0.8969061941680058,-0.3687933400315042,0.9848862098933651,-0.7774176460035873,0.1202334460494332,-0.3989605028758782,-0.32158941257470824,-1.2625240328898957,-2.139106746416104,-0.8363138145432533,-0.12040435945211775,-0.8600431680615848,1.9810612411954336,-1.3465645086752311,-0.3056738015046337,1.1451790130136852,-0.70947429680876,-0.935098798560507,-1.2216735183136442,0.07993830192044338,-2.1503668765140795,-2.096714077191387,0.4824761531777899,1.5771476321344988,-1.776082023521747,-2.8007154836757957,1.1792545074406133,-0.8118333963102637,1.1513298086485064,-0.7455675535722752,1.0520444148248793,-0.3997506675901936,-0.3618214982341197,0.2559201782886692,0.19932868194957976,-3.0522109658037806,1.8247700848968267,-1.569262585892956,-1.235708695217646,-1.227693170323978,0.4183764605484784,-0.8931210116578963,-1.646972779999504,2.838976218559141,0.11787870100652609,-1.7656904243233602,0.7161468073827957,-0.8331817208312491,-0.7287589820408567,-0.12852195436769465,1.3941061655419213,-0.5267263809511495,-1.6821026367391059,-0.920329740140987,0.9892170730756427,-1.082885000071772,-1.8988158913645128,-1.0235245378371334,-1.6018836273087667,0.8200247208666669,0.6441076183175999,-1.4771635879445695,0.5296965135804075,-1.3375451864259968,1.393787357324077,-0.6618388037221603,-0.4104142484084978,0.17588098042913092,-0.9431527760295846,-2.436652872042499,-0.3101875892428476,0.995660393938536,-2.120253548975466,-0.6843278662884453,0.33710079124897846,1.3332441532474337,0.5134515685793188,0.4947196827478372,1.5408463635701295,-0.02359799851174629,0.003182377184600534,0.6314523017832911,0.2651051754945693,0.8464829968662512,-1.2052097315681098,-0.8412011961152015,2.2905921730726666,-0.009644133073581708,-0.8068787478263796,-0.31477032909841246,1.12418387523989,1.7239060433875844,-0.9307021040595568,-0.8423665338707194,0.020758940218724722,-0.6543582516515883,0.48018109743099346,0.16927603450506418,-0.19658128923618057,-0.046730632720779,-1.8833336917381864,0.06407735680608062,-1.116978137826796,-0.6578094877573913,-0.4085417990306538,-0.48120531839533454,0.32772827341281674,-0.37303098889060904,0.21836237952770657,-0.9552421795060586,0.6551824855393041,-0.6492230462207509,-0.46747646588731645,-0.662588099232801,0.5250242993946173,0.26347249708994686,-0.6964620037870275,-1.4462032561596951,-0.020660963265869286,1.122489008125731,-0.9543793129673045,0.9306639525593867,0.029452040699305338,3.003574724399861,-0.5481673680115937,1.3873049309946806,-0.5558044544748864,0.2833118083729757,2.2829077139737515,-1.3496116968707597,-1.7010763904462787,-0.5881610314916438,-0.4432529317908107,-1.0260612219140943,0.8237493178338651,0.4576978648719656,0.4782250016342106,-0.2432257574579861,1.705503683511165,-1.1693527303502318
042731dd9d47f5636a89ade94e13afca0a0ada58802a46f3c0f517272938334a,0,-0.9793716798946468,-0.3728533450885681,-1.6016184120782884,-0.13826138889305142,-1.716746975859783,0.14069319867871416,-0.6176140568146685,-0.2267483012799838,-0.7080420755814882,0.621252948476106,-0.1844694254807498,-0.45869435185874013,-0.3924228592965443,0.377477990105366,-0.20352801919073316,0.3231382299186787,0.2600517957844606,-0.07274789717934915,-0.5463351404059671,-0.8810764410797649,0.790356802073326,-0.3159249823438641,0.5017951014694653,-0.8904949506662191,-3.7148153018699817,-0.21901675897803707,0.023079039987065036,0.47207076774973145,0.8572901043059209,-0.06167480844108064,-0.25801786129103177,-1.3873306925696522,0.10662313995815495,-0.4392722848806241,1.6786861634603505,-1.5851909025109663,0.14381552870981207,0.08667029934618015,0.6798978825574346,-0.4590218237756576,-0.8006639116872791,-0.22465343504852459,-0.03515356915615997,-1.1299485505201035,-1.6360414381543513,-1.4407815636873804,-0.45842065028229534,0.5353546345298201,-1.482207118623496,2.0018095241542335,0.34531753096381046,2.1707310566897484,1.4800617705525434,-1.34982731089344,1.1504076283126616,-0.4951955583865438,1.1928566167812282,-0.5497472200771443,2.9108640528456515,0.6947638831045609,-0.2960597009364888,0.3885551256236066,1.0785045803533686,-0.7007586081567039,-0.7030179445778418,-0.5739784497735715,0.37327118265383946,-0.14774063506436508,-0.9914181274633257,-0.8639025278113965,-1.2971256748746676,-2.1823370971082454,-0.9039061391970011,-1.1125658150860542,-0.9649066704684557,-0.9301695038798234,0.3815030306308686,-1.2613916993547396,0.35156135900458924,-2.325089272489816,-0.25873078228345425,-2.172436494668495,-0.8983458584674999,0.2078112168849856,1.4480526992807994,-1.118041767524174,1.0654901994828223,0.1900990575028142,-1.1763301996679476,-0.9533419403157903,0.1670979018457282,0.30241418230347566,-0.6730652267023092,-0.1682901214453678,1.8778255376557749,0.7891918207971478,-0.594953511544102,0.8259303119474919,0.052873986164779785,-0.16325671910610978,-0.29364658129918314,-0.6893127673152564,-0.940219221119721,2.0971025162636194,-0.6450257587821897,-0.8580623457897438,-1.4795003131245474,-0.25727695981175663,-1.2737378586876011,0.7782967013183768,-0.7443964692823731,0.1724547128101398,-1.5993180537041392,-0.956232212371902,2.610970314217012,0.7905313076249489,-3.343755667007896,-0.48429020089637215,-0.23179192278141553,0.5463058027546246,-1.818451722708,1.3040500511297473,-2.130823448148248,-0.55317610884329,0.3511081202208345,-1.9679067609588943,0.6022385569300113,-1.8453783699273567,-0.958984987487873,0.1341612419227107,0.5053332216339337,-0.39628731122558003,-1.0561030031179302,0.3890592897456233,-1.9431779033273837,-2.083197777754119,0.5374260727271937,-1.3499801323421985,3.329068383746585,-0.7679740523028636,1.4048058453702619,-0.2613515285035626,0.36791554896242984,-1.306018443164475,-0.2696176203387636,0.06515212487508916,-1.0374344719160316,-0.7563414791471991,0.5856114111666432,-0.4449896174535902,-0.21711359270462527,-0.10813169463550129,0.10983369451981231,0.8337553867753431,3.5534164099521206,-0.813226254863234,1.8144298213603878,-0.46207031390685027,0.35435135785931826,-1.0083480785776417,-0.044375388375275514,1.1714225774935543,-1.1797939174108847,-0.9387563552160505,0.28320430501022154,-0.5492508763591586,-0.6244331102386971,1.6150016068534288,-1.0153762294347777,0.10795317581678507,-0.8603916359046888,-1.3250872557832791,0.06282429564957799,-0.6065145275998249,2.185122629416524,-1.2501023029987555,0.8430935709874708,-0.8951665014677141,-1.2464628359500427,2.244101659627374,-0.41851792120129183,-0.20971987444659707,0.38856188146899284,-2.2248794042920648,1.263529718848641,-0.12697683356770065,1.8741844975752162,-0.07737952626697427,1.0555853413605538,-0.48569864674635616,0.7611032641370292,-0.04546810955872245
7ad261c293707541044c79505e74a3c7b82ec31f321d20f0fd892bf46c3935a6,0,-0.6966538677752947,-1.475216267380832,-1.0125276339431812,-0.820387762863078,1.456330653385722,-0.3832888405402818,-0.6338613010156725,-0.3155895587989407,-1.6683714903455598,-0.7165858019235412,-1.6356637790937594,0.039900238578482766,1.512321210977852,-1.6398793502371358,-1.0791086011194544,-0.8702302975147101,-0.2078187865089574,-0.4158146834845591,-1.0208078197679493,0.15615475723875488,-0.06381951749023496,-0.4433356263251722,-1.098087906881509,-1.579560282799503,-1.2350662281243365,-0.25406388257628476,-0.858373718497884,-1.2878409450113182,0.006501302820317911,1.7356552450607907,-0.3767568633192647,-0.2556372641168845,-0.04091179500006814,0.5029194684364529,0.7720329526404328,0.7991541362892634,0.8817873736631963,0.3109800451714553,0.4576060652766374,0.6884547927608046,0.07187220807621397,0.2416710092515283,-3.2306327931440073,-0.0519916789221713,0.46350131444622045,-1.196572271750312,-0.4933410843483833,0.8437334417497189,0.5280266566765823,1.1084168813038109,-1.689237402726945,-0.8187991030462805,-0.9509084729013315,-2.011284167540753,-1.938341195323786,-0.5401938647471208,0.7076018931095378,-0.9451399527337332,0.7439916978975749,-0.8274912398984062,1.6584708849125653,-1.4425612642665968,-0.9190989728072843,-1.0476918880993402,0.6427687503294371,-1.0287626654733903,0.07993857420530426,-0.9483520261727432,-0.949115577130949,-1.7203438758006397,-0.6216354803078323,-0.41186597947539905,-1.0694418258786063,0.2628790184599472,1.2109483809252897,0.19091136036572237,0.4422347087879622,0.33658106555002876,-0.6579961177331908,0.41356326805352117,0.6202640024292747,1.3019821487244512,0.7525045651948356,-0.2201513768612129,-0.8260724434412232,-0.11781100276617248,-0.7267294802427219,-0.9908919633740156,-1.3408686144173665,-1.343731371184743,0.29259328061304773,1.263809138037867,-0.8575705798429407,0.8172242765623303,-0.9150217849223742,0.9297388996822853,-0.6034636190283944,-0.39521350066179073,0.5864698884366981,-0.8761141498983096,-1.9613920072811317,-0.693347234625732,0.357714996383503,0.9506849215095715,1.732023265058467,0.15070750029201213,-0.846869962940902,-0.2972822006953455,-2.315912765264015,1.18610395040423,-0.5157157015017164,0.1323408246006158,-2.1196157014809334,-0.6315463505796964,-1.564243779020143,0.4321778219632361,-1.3657907528628888,-1.2905809769851704,2.396145115100998,0.5005919699482337,0.8512012942535165,-0.37828437711486945,0.06991616644809717,-0.329379564106481,-1.6364184725339612,-0.06957168059447325,-1.3082533161996885,2.016526000295916,0.8628481027121983,0.30323065132304894,-0.5186552584656428,0.4172764790334275,1.2381432326824795,-0.5182283535652731,1.0923733928894608,0.7645186058826373,2.4245370213968336,0.5751649625226002,0.8747655499932815,0.18476309635433344,1.9667326004577061,0.09372865104989273,0.5233511078268601,1.15712867796045,0.11651729655138111,-0.02780172304636769,1.8962126509076302,0.3114244937394939,0.40117901378642873,-0.15537941665122984,0.5241284076959216,-1.1320048281278459,-0.29774722751431937,-0.46262624245119244,1.111267061831542,-0.2833774815607186,-0.30658402591572786,-0.5413909803363742,-0.5375346716848792,-0.015963394919292467,0.21058113915283994,0.007954957233228881,-1.17395411469891,0.007059366497387857,-1.0997077465407952,-1.17874988142055,-0.08716236820268605,-0.4058630066632118,-0.4996355485423228,-0.890084732586911,0.23304004052876753,0.10105389103782503,0.6781723371986901,0.5067123685595905,-1.1449692132486309,-0.6155688023749801,0.4835605381302158,-0.6110707549398734,1.3474270480580592,-0.5292183844075985,0.2662782850305876,1.6217248387886305,-0.35590269291617815,1.0387490124340213,1.7134400686160949,1.2215803695877419,-0.6328636467840072,-1.1742121166504387,-1.2874002649295164,1.6129877687778027,1.134753201396018,-1.4666849920775034
71513a9e22dcbb66b093de6ccda9d13a02c5eb2176c91bea4f2d121a44a48910,0,1.9648752732122265,0.12856713096779465,-0.2516335677006334,-1.2153453645536398,-0.9177536363934966,-1.581071452582098,-1.121707820437906,-0.23945773870539133,-0.39348053023277213,-0.6366865959356613,-0.8803291982954858,2.4866694295702425,1.8381238964308149,-0.5244336239050565,-0.480851655348727,0.0924630336111027,-1.8179286368939958,-0.0073397539143496004,0.2571045492966771,-0.9469554208409179,-0.4714175876848564,-0.7458437421174273,0.2525971445635217,0.1781788437752967,-2.670218809349797,0.048139395726743195,-1.5074483007048693,-1.4275656792426763,-0.8891045641913282,-0.6573733989414235,1.1491101474183836,0.07496532537480202,1.175589933838697,0.6658858161302006,0.521323785941854,0.9873103024014045,-1.272986078000042,1.509449879870298,-1.7870834442676162,-1.8018341508072022,-2.1849510059327875,-0.3839257657639617,0.3888992182382459,-0.07370927642621744,-1.8253854493095083,-1.2875474661043809,1.4019671493017951,1.915552802745462,-0.8819174544769361,-0.8689414256769759,-1.5132466034023564,0.054117979400040095,-0.41644198451524916,-0.2476778950925838,-2.695575380522734,-0.24623916249700967,-0.4515863013159852,-0.08257864354467476,1.041414113094841,-1.2557570188140545,-0.8083459798136985,-2.8390877394396825,0.9235906431308769,-1.1842892406090475,-0.3873635468147957,-0.6229728946246685,1.1850636609867775,1.2897535653266161,-2.231134590966162,-1.1274923104496155,-0.4832078549061244,-1.4215113737425513,-1.3588391450680886,-0.29457666277256317,0.7270365974690615,-2.784818803912381,0.2260039207125355,0.3355792307758849,0.36812918502092445,-2.53603187015928,-1.6927098618966618,-1.7856818233923601,0.011313197399397512,-1.5091339122464003,0.18072595665656438,-0.3208709878216074,-1.5778731097304874,2.0441998790230453,-0.5359607113482399,0.00039771189070472723,0.635610684572447,-0.7793683750789581,-1.0007223875482782,0.630968665005059,0.9335931232373156,0.6934358217856652,-0.32010769113842813,-1.5776636447820067,-1.5244734263165851,0.9198660274268757,1.620393557489693,-1.0158038910114198,-0.09043417201948226,-0.2502103884434249,-1.1498801188835517,-2.6545216050771794,-1.0241590854600775,-0.2652268191461869,0.7346340520909194,0.8112518890351519,0.6994055060978195,-0.7723063502178107,-1.536119624913237,0.5738999903469858,-3.055685508339356,1.024300601514717,-1.9486118089477147,-0.07887840976496918,-0.640233508868385,-1.0158011958826982,-0.07900471233928857,-0.0019350179290311686,-0.9977807533195846,0.6701055908594897,1.9758837052195268,0.5426286120622419,0.10158035624442524,0.5351280273323304,-2.897568633885025,-0.8424146645199163,-0.03142509580128765,0.30764889435023274,0.3905875595214865,-1.2864938475150154,-1.053431870896254,-1.7339410925974306,1.9207669299292716,0.3892082653484957,-0.18476583831177082,0.14056814452076677,0.3080766285305086,0.21416185304677163,-0.5553499897574795,-0.33090705858287345,-0.6039525856668067,-1.242495772534914,0.9850189143459034,0.04235522439328985,-1.0837555092619888,-0.3607113834550957,-2.2556773787191133,0.5801477475033746,1.5691785512981737,1.3660504803946392,0.469376339050014,0.49954380054183656,0.5521103074788524,1.303157789845509,2.451621749331285,-0.031585034556001215,-0.4529430844187068,0.29455537600427983,0.9507796731566914,-0.05464634731760682,-0.061877577380689955,-1.4321940235566981,-0.05620895512803742,0.8543272010558768,2.8346613686017856,-0.47957290618229537,-2.606408635783198,0.7306804837190038,-1.3064198429852074,-0.7175352796052344,-0.5633830110996155,0.499983853027055,-0.4640938256943857,-2.076300667879827,-2.6981768813726497,0.14576241751564778,-0.18064455142903246,0.35212787494931314,0.015189637496198902,0.002500789407982144,0.4295558164133731,-0.30456887111146796,1.5766661073168375,-1.6002034416799273,0.38854444117082737,-0.3826620248790824,-1.4718449248453993,-0.08923594623236356
c18b3dc24dff4f3279910fc73cac8eb35f04d0a48807d92186de4a37fcf5cec1,0,-0.5669196116774671,2.09348638053602,-2.2368938061840247,-1.8756599927294826,-2.5220070097317002,-1.3033105088115269,1.5416723069848666,-1.2033451580260364,0.9732120778530959,-2.731725530793475,0.9211007023167562,1.3774941489119557,-0.5130847633289077,-2.1032387668326136,-0.08300675087564703,0.37462086284194507,1.437843440499114,0.2939351428687973,-1.1483900566667145,0.8926244842776091,0.16467017348813484,0.8150133445264552,-0.8767798679588621,-0.8395133320544348,-2.5302027852767432,0.09333452044844281,-1.3217835710373294,-1.2736511848838135,0.329957605698463,-0.5872179295404989,-0.22185409769809078,0.3944521234465299,-1.691769108153654,-0.03887434563588435,-1.9136206234537758,0.05151218313878847,-1.1376619586568868,-0.38256166849135165,0.07683086670989425,-0.36104059290376717,-1.095054119164728,-0.575136667450167,0.9789809147101224,0.0515520154797654,-2.191951183161427,2.164981352237916,-1.7488143133940328,-0.12425061426503088,-1.418047358430979,-0.3783443928599295,0.3861415990127335,-0.2098292947161982,-0.14696684260574483,0.3008279952047428,0.404332678796982,0.1819938920909645,-0.34447776921620554,0.42959832542654924,1.7808438158661115,-0.9509181642718365,0.7839445929252911,-0.22256913091264652,-0.9446575579322418,0.009269399405235412,-0.8656607156317888,-1.5816823730978609,-0.5506083803180442,-1.0027214405907499,0.1905234332208916,-0.5600351794597374,-1.2354514171413915,0.2992479946215252,-0.3237156364253338,0.2633403590076535,-0.41946429980501954,1.7605395171892726,-0.1984651277341213,-2.49708197083192,-0.7953918736506573,-0.0704621569313629,0.4484840916982788,-0.40581815646489844,1.4582535908242644,2.0225825180070047,-0.19168748905944888,1.2339960698656331,-0.7707723108019351,0.8851962668822786,0.1642697919686199,0.05648566528366633,-0.592115834593702,-0.22713385387322702,0.11949761197198261,-1.252722053188323,-2.0596559424741496,-2.2883565535203636,-1.44454324165855,-1.334658448062411,0.8544861122722023,1.6852521269877994,-1.1057634742110534,-1.9023289462592858,-0.9649448702959573,-0.3533475172946703,1.3798330760856836,1.6351142004039638,-0.2539320915092519,-1.514963349593014,-0.5322618906444081,-1.5452170342329086,0.31849233411845895,-1.2575629278010183,-0.6848876744182636,-0.3801829295605128,-0.4296770689085063,-2.011379138372808,-0.23684607598233332,2.2817445093594815,0.15310100835456653,1.4763733513097077,0.4274545342188084,-1.1107081532848917,0.9778408580081371,-1.8396155644978662,1.995391068479943,1.3627120711667122,1.5820309381525874,-0.09197414484496025,0.3779488540420034,0.9216449271203699,-0.6879859334782329,-0.18296330514084222,-2.2274598679299458,1.1350503615737488,-0.571480422375038,-1.8375664642743064,-0.839360284264004,-0.9128285197538082,-0.19501151780974388,0.07281383979509594,0.9523194711134493,-1.9411813416153403,0.10178692888070742,0.20333663514348743,0.88405253502795,-0.552920403361785,0.4610853275389334,1.0100295172604747,0.6581206545927318,1.053723046746082,0.8365529234980642,-1.5061123752921621,0.5658873243021566,-0.9805424888606754,0.7971603392793946,1.0937958482711658,0.34638062459518953,-0.4185890706839665,-1.7822730052113986,-0.48766968891851264,-0.3466939329944184,-0.4521524730264175,-0.5910012361413972,0.35661199381548603,0.03679188229152286,-0.24012552779964383,0.24998561161921296,-2.313649638997323,1.711785841166545,-0.21746470673276114,1.2575710104058793,-3.5020872548452715,0.6589100033868037,0.18512493452158604,0.8788720839335769,-0.8974354523850905,0.1390831863281751,-0.08357740129194476,2.1326688613354436,-0.06208872910498037,-0.10520779862232614,0.7467147223472287,-0.9347226508322499,2.0607041839859463,0.9068548362884169,-1.0951050171776842,0.035228204685992796,-0.9569902327875471,-1.5255632355340394,1.6776471717723194,0.4946359404977772,-0.33223085063689967
6c2ed91b8f53686dc6f4165b0fb19bf0df01b7612e2e2b2d9f7ad6313fba9a92,0,2.6603692327838218,1.385312457074628,0.05256736997349287,-0.8407393692285956,-0.09029236391579898,-1.5588491000305194,-1.9246402814810124,0.0020209714106113053,1.0747333181628649,-1.1563174101083888,-1.4513780327882122,1.4738149410537493,0.6300942442061481,1.4547837738420537,1.3093483782059907,-0.3078726576287923,0.14407695310270346,-1.360135732193796,-0.3869740726782683,-1.793324273422486,2.139780335674364,1.285567181420575,0.09315689416234674,-0.5257474116539944,1.482389683188912,-1.8765840810512313,1.2400685481194635,-1.180967950515159,-1.7910275934015876,-1.17296370244978,-0.5011218386347512,-1.1477294561646114,-0.04883820109547221,0.9094612397993522,-2.7202614845355617,-0.9121707277542803,2.200479675961525,0.520237398700135,-0.5658945943669333,1.054091023613266,-0.08619521071457892,0.8484005274848431,-0.9760577808375672,0.7056932464799754,-2.3112499764880523,1.2102882446675947,0.26051679082489976,-1.0376794700572156,-0.7483674249092257,1.3774644310212876,-0.46387711998333736,0.3138040004528899,-0.2721348634980979,-1.5323726381233764,-0.5456083343921254,-2.728816505969057,-0.4807154703134163,-0.5643420395211552,0.3355966196335059,0.029095201987122246,-0.8999748476816328,-0.5816864045807253,-0.36871639061125205,-0.7071281289380457,-1.416737329429878,-0.41386588817058884,0.10965211904999417,-1.1890665231399395,-0.24948980161258127,0.3937867428862116,-1.5356335573201134,-1.7719477872748846,-1.5493027401471466,0.8060708535815504,0.16473754772103932,-0.26034246650931453,-1.868947766255061,-1.089595416083985,-0.8640656823650616,0.07393958427909397,-0.22713942852045288,1.1396582776727706,-0.7849311483914501,-0.9546309254020517,1.064555111523874,0.8765809743952039,-0.9940241529496119,2.05063136167885,-1.0148064206673817,-2.757970879846404,0.1446908488966363,-0.7781919309518376,-0.404644614383605,-0.5869855538967277,-1.510939155865453,-2.512597650064615,-0.7309212927326589,0.7666474299078843,-2.0403874964240396,-0.7222669211282964,0.7645908082782319,-0.44811607057038977,-1.390840842625991,-2.160282300446448,-1.2016524395012405,-1.9738346269077716,1.9324723657368743,0.19563415541127205,0.9779997588150109,0.6513008288276702,-1.6542165290886346,0.8486268688774266,-1.3345860959529412,-0.030577407183117522,-2.6801906393250543,-2.015381680992483,0.5302117148139334,0.2197136270976715,-0.3693920547725976,-0.15603360914929465,-1.1111516076657673,-0.5733916248939765,-0.611924839535049,0.3224056189337636,0.6337925906594022,0.9559440550394267,-0.7860834937565457,0.9795421383055949,-0.3944079427948694,0.6303062450880167,0.6626614024248354,-0.2853904636470325,-0.12296842496953952,-0.8434468073442741,-0.47601639354129155,-0.6594562436920935,-0.8198290915557653,-0.9744508226974254,-0.14928893994835105,1.7910409703199817,0.6339154705299092,0.34487985254924153,0.2514341854825175,-0.7295398916085347,-1.961831935489728,0.6834206664110406,-1.1107973925842725,0.7700874490434255,-0.2736414644325063,0.17411002439988152,2.5809526264668823,-0.8734817511443737,-0.8571585792540928,1.0471286946257665,1.5732028225684023,1.6241628475264305,-0.016049084012508864,-1.4752126047087561,0.5081439490340884,0.88014052077547,-1.1673395678839005,-1.6725862889816665,1.6369020743667788,0.03526767349826645,-0.47371056027192454,-1.681904247327702,-0.8392932248355386,0.106334254940715,0.42095080550651204,-0.7864632054915869,-0.20286902886032745,-2.055043204873852,0.44784165626839095,-0.4853491962919191,0.30065318835235766,-0.6104679115210662,-0.4576958939587268,-0.07414808458253243,-2.043816062464768,0.8766547350272339,0.7478355899378963,-0.5072341444956664,0.1530758773230512,-0.2653593694999002,-2.532632470750185,0.9533568969113089,-0.2986794503692326,-0.8640322455956801,0.5309684629572358,3.219528028810355,-0.29529506375969555,-1.519465714169915
6fe62eef131f7febbab6ac63b752366aba7c95b8b67f634bd48f5459a89ce7cc,0,-2.774443008046289,0.9683796940314855,1.294209601637603,-1.5195692470369708,-0.414251548410978,0.7415293959765322,-0.099821332291535,0.6795076966363227,0.7426706038871702,-0.028489754419666335,-0.7679954943460158,-1.044524747901018,-1.5564146762799926,0.8003000392642741,-1.5871381245108889,0.5823104301646742,-3.2570844029702988,0.1283634297509978,1.4324878962777101,-1.5244229787763608,-0.7356984905408794,0.10877071190718071,-3.2806886119591647,-3.2743325783169146,0.627103499670751,1.0328474488173804,-0.3243235833130882,-1.7447070710110473,-1.1065478922721026,2.0024800551899125,0.20059936641515783,-0.9047776841300275,-0.5944408204869959,-0.35397136354503517,-0.58170081142891,0.3214350709418016,0.02561744402028862,-1.5137500152777477,-1.4232610488094384,-2.0767246980281717,-1.8401720317878647,-1.314553451914257,-0.5060271630325202,0.6473678484875993,-0.458540928927726,0.6684024500165927,-1.0222250805017215,-0.3886465308807406,-0.9416461736289025,-0.8212262101460004,1.0320228660354458,0.5381492649016848,-2.0178158982593533,-2.478710563832639,1.5488148279329401,-1.162629030905744,-0.2121652759923215,1.6733299824728896,-1.8594126243593916,-0.369106931431961,-0.02339399552059307,0.08773758578112589,-0.5898000736101771,1.8024464992138007,0.9700731772389128,-0.3402860366103934,-0.46127491429915674,-0.026939801499709648,-0.11237791424313631,-1.1905988420166884,-1.1901648713401796,2.249151660251945,-0.7175785317300906,-0.1917933792657256,-0.8842873706503976,-2.04505276642141,0.8355864018279822,0.3864564528000294,-0.07174734648533132,-0.2166521190704997,-1.2615037871075607,-1.2282586469438823,1.015480401489364,-1.6533388202045398,-0.1476749741890946,-1.386052763832363,-2.5499812510502435,-1.2210945749206878,0.0939410361087152,0.1717456379128497,-1.042697302711115,-0.2260401245987143,0.9361165795463728,-1.889796963450224,-0.4993310671793066,0.37524049697340167,-0.1147747348689574,-0.9152552706553583,-0.40430468088170146,-0.8235970487308237,0.07793367756493541,1.1971752393119606,-1.3289369022163826,-2.177320947739376,-1.3275871057022612,0.17894381326981318,-0.5819358226195792,-1.7205868629303411,0.4961049633336214,-0.9998959283566685,1.3861841683330165,-1.4824026927509721,-1.0658070949917655,-0.9143359356738028,-1.131766665455362,-0.9770001252557714,0.25420130077552916,0.2507326817200414,-0.03768801574046465,-0.8873279855823305,-0.3436313394402213,-0.8206259016858959,0.459323160552978,-1.8344719950211126,-0.3904942672055426,-1.8180576528325996,-0.9624042344862467,-0.3256211680854276,0.20298492450242084,-1.3522744649952463,0.2888410375023076,0.42379398015087816,-0.09874182328838431,-0.5168061587243015,0.7480157956559773,-0.1879521002673635,-1.7373728591324185,1.6216347924386134,-0.5828653902567889,0.988237298405024,-1.8748943675829255,-0.3672149016193092,0.8794299478405737,-1.2088202254232912,-1.2867947509412465,-1.4325370493324097,-1.7129980259652018,0.9566420866265276,0.6193705299864658,-1.6072527199000661,0.5466132451899228,-0.6247599784161006,-0.46531959013979635,-1.8382856546355684,-0.048533794944688693,-0.509841893687065,-0.6787676237270939,-0.9464820680735414,1.210471959613126,-0.67617326734866,-0.11105439945989035,1.506307866955417,-0.16011627651871957,-2.2691519761931156,-2.085191204269196,0.44358167978129953,1.4675118079258176,-0.2360130188100946,-1.013312822218651,-0.1639161756238724,0.30808983775685317,-0.27950327165385935,1.2162490793756187,0.48035540685563904,0.4303945441372968,1.468661022298823,-0.45954373296403933,0.8410393123331543,-0.6496973723632912,1.096639124800988,-1.9018505439819575,-0.482314684934047,-0.05441460148661111,0.5923524474813898,-2.6197428045910818,-0.6213812295773501,-0.248889361608224,1.582097191945366,1.4262635318212915,-2.4227340568449125,-2.104218727365272,0.09382694926636582
02f282f4aefe7e76b17cfc7798e7c8587997878da248112fbe33c9c7822b7b2b,0,-2.441994161319948,-1.039990896249527,-0.1340777877069948,-0.13157490411163286,-2.2979893594797836,-1.120932484922738,-0.6527352329599004,-1.4840792068109192,-2.0689852116721235,-1.977038668500001,0.8497032779700042,-2.0224729725037767,-0.8410301664470343,0.24660163808338487,-2.092611601982308,-0.4878162177230383,-0.46834814315440565,1.0148921916789284,1.5128431883964637,-1.0985317114085553,0.8105403496297705,-0.536820853659359,-0.7017840651083321,-1.5725759192628028,0.10887551670645623,2.4540564957654003,-1.0615437322008723,0.24159123540258093,0.3754115845683451,-0.4500372334609518,-0.372341809573719,0.472725394536874,-1.7646044909638352,-1.3520182952836683,-0.27823857105062944,0.06623591115841915,-0.46515269005256005,-1.3551791074126012,0.40727302779120655,-0.45807865704053524,-1.2192911418324859,-1.1115628841301226,-0.7051771565636895,0.9344834456930194,-1.2887724423900946,0.7612068393375958,-1.954174037238876,0.06612211325015493,-1.08116640397495,-0.5668242231715325,-3.9043988360730184,0.9869244204869461,0.1472562792657176,-0.21851574117886763,-1.3119649969889444,-0.3914221734932021,-1.0027707952369067,-1.3025038424312028,0.2010749188218282,-0.5104697701455516,-0.20018701223744068,2.2370492682690744,0.7328206277480154,0.31908313003822764,-0.1971290664045976,0.5784714292527809,0.12302009406626124,1.3736191663721766,-1.3802546315745956,0.42835436681242944,0.08523984733403545,0.4501128582197221,-0.35931952336019346,0.2569261148066248,-0.4307639675150603,2.0549316720434962,1.769700002665027,1.1250799626621102,-0.19284372687580342,1.3857158833634666,0.24954951160365377,-1.7482657337540903,-0.3375501784738607,0.13060732813020803,0.6038640973503908,-0.3755095821431842,-1.037010035999238,0.12071266310043827,-0.3900618254609407,-0.037379210056731615,-1.0843703120759973,0.054028872788342674,-0.6147686335069508,0.4834085165219037,-0.9400903621413517,1.348367578891627,-0.08812445589415419,-1.4045314670642206,-1.1218191334617413,0.9316850644134269,-1.4306961658546178,-1.6874333728238773,-2.2768043927111634,-0.07918193085339947,-1.2527934870115596,-2.384613337388174,-1.8086745869678735,1.557763690898976,0.5463793088066402,0.966543604807147,0.1191746556698684,-0.0421025920499577,-2.885909584477993,1.489028436122286,0.7661154799346749,-0.12227298442801438,0.14763083023438517,0.12223919651561556,0.2883679068854362,0.4263619836398073,-0.14614396784549138,-0.0444042727505401,-0.5708111539941145,-0.7928144463190108,0.04281626189442511,0.7959377529149556,-1.2853568714526633,-1.713430718847593,-1.421329435816133,-0.39367352609615003,-0.9247427063324345,-0.1847345269434198,-1.3797005470728643,-0.08291195898126844,0.39351341198019835,-1.6574752781921827,-0.09816897581621856,1.1425872463444569,0.6242099554363825,-0.4943965854597103,-1.2390187403231034,-2.0849251869474705,-0.39734841689663797,1.0505216158364383,-0.3621485386286527,-2.391971805810432,0.5273958359365017,-0.9074465989006695,-1.4933069651903026,0.1051182912673782,-1.2565113505857965,-1.8993535765937093,-2.224174242819282,-0.5387108663605864,-0.5465785231941857,1.226987606680384,0.7790995180883261,0.5364950451076934,0.6357921359993244,2.8503317576389042,-1.9296195129307796,0.5662263028329755,0.28281210079386554,-1.2366106825802976,0.580105266072234,1.1481061329000775,-0.9428768614941941,-0.4278892546898771,-0.3310128106868972,2.139445277799719,-2.5759366656033564,-0.7068264389357359,1.6892869524488439,-0.350235893900233,1.450195968558236,-2.494567792407092,-2.8378767804306073,0.08418164793800673,-0.6510108410348984,-0.42595158346454953,-1.275966741369763,-1.207148651165093,-0.5667735702402737,-0.2804377781727641,-1.635247921390922,1.0720582341841907,1.1435618435518207,-0.18251394586018777,-1.6579459242606165,-0.7619015173767312,0.11456732773774594,-0.33105077738662536
b5b364632083bafa59a083ef917e49967a791ad8c5ae3993794eda15ecb9f89f,0,2.559184046524051,0.5924470243589168,-2.415718162444624,-2.0416649096573334,-1.7458419380282542,-0.37232960822147027,0.42244300717605576,1.8790884441978921,-0.11767592940239557,0.8435824944334418,0.7863802881106019,-0.6588038451157459,0.229434780124111,-0.24429145655811635,1.2169960603573706,-1.4533584675315163,-0.04257914477876945,0.2761562622293108,-0.5129157436973706,-1.291047542385637,-1.2294116694082393,0.008473820715397151,-1.0563239277017786,-0.20011958094682591,-0.9065766721927297,-0.06995485828499508,-1.0082482344565167,-0.6758288080329767,-1.4417257952333515,-0.9685111069923632,1.2625351996623342,-0.4746218207978176,-1.3809205624369343,-1.0097438356424349,0.4773361412908905,0.07386631328922477,-0.1911064348879153,-0.14193018251191614,-0.6290862201824376,-0.019983966733389424,-1.2295444213850044,-0.7849542716811626,1.1612777047031821,-1.027206300039531,-0.0798887004187599,-1.995678519373079,1.287753659315871,-1.319042284810111,2.1824905068673726,-0.3648211744552752,-2.216455128631993,-2.1032302417095927,-0.5012602126511633,-0.7172176175258038,-0.6015468825044687,0.036176658029434205,0.37229637566323864,0.9007864926599078,-1.2665067222547537,2.1592533598689965,1.4281864855092663,1.6029054904560498,0.8295170236075295,1.2904368941432978,-1.4672807106408907,0.600627925810649,-1.7174120859187831,-0.8414193535304135,-1.38618504705764,-0.5562610926320576,0.30611715381563487,-0.6165578858845174,-0.25282426572903527,-0.33479484721634606,-1.158360305552765,-0.9437974935514295,1.4535131761513402,-0.8898333673489318,0.8220351620532922,-1.020714254667717,-0.3756932823326234,-0.3574823017779273,-0.3393933567798603,0.06256584698917655,0.26479034874656465,0.0560008699186176,-0.40066831492894267,0.30870418685051626,-0.08334865270039687,-0.5373141940726387,-0.265629604698492,1.111184588429354,-0.7727158453946026,1.139039280907871,-0.26033983044625963,1.5060109412796818,-1.1673335013776467,-0.2512697975067829,0.01809699530424569,0.7917313522138711,-0.5151899139987295,-2.408403185946394,-1.3839204699496288,-2.634050556466465,2.010019486833498,-1.8688325954047853,-0.8903865705525126,0.28158077485381683,1.1845088632440097,-1.5985599527595324,-0.914042598400318,-2.134146901626037,-2.4257845342817297,-0.7522575501623765,1.3434642818333895,0.7588034881827257,-0.8753855751567834,-0.31536950727953067,0.05079487505139468,-1.6574404753002674,1.2145902993668953,-1.6613757846082147,0.6102893214281917,-0.7582495841663599,-0.2601041162746582,-0.4790837862147596,0.9915706526015584,-1.7601197293200481,-0.01737508349858269,1.7574592517627081,2.439732933775418,-0.628347475381906,1.3779856620247852,1.242853473701673,1.3853394862202892,0.8339758093622482,-0.07116754558671903,-0.5328288218389183,1.5429445000453306,-0.5986890562960128,1.094551481769359,1.0378158853763058,1.0080419129450406,-0.01095080140799298,-1.7629300206862766,0.14559133326189858,-1.4528904946056826,-0.14096919718353929,0.9965021273457395,-0.8179198968055486,-1.0381540189924976,-1.7946312074093205,-1.0566338007803857,0.8127613901468711,-0.5015430105330019,1.5813868319237316,0.21905354627789062,-0.0857372334828104,-1.0252679640368516,-0.24234594298620832,-0.3524606505450053,-0.7445480720321724,-1.1118360051877465,-1.6294712070167034,-1.4932097331482161,1.1435701320405658,-0.311363363490406,-0.16379310703255104,0.33069382722159785,1.2926378452970908,-0.2521097137622028,0.6495596329317426,-0.3670654299761386,0.0496696219991266,1.6055605451423793,1.3166323043807204,1.5526508920113857,-0.4056187763492038,1.162863701696894,0.1803525497560119,0.6672597177985576,1.3381562474096296,-0.20197065293912536,-0.6464810104906112,-0.3365442367049065,-0.3318360049767962,1.3547741276299143,0.39100953829665414,0.23767514860004732,0.039953823418682366,-1.018968712596532,0.3352498017054035
c1d489845e3f6bf7dd9b0f397ed555d6cfbe9ddfff983af569c6904ec4269245,0,-1.385499050895168,0.2987124515296711,-0.5197943019227282,-0.6981170157662335,-1.303986778948313,-0.17120741817477247,0.7480802780182428,-0.939953864166118,-1.4362763206141422,-0.8023049123136653,0.06677294947511858,0.9481535529362939,-2.0152892243161404,-1.5002251842220906,0.2995085208539494,-0.7908000063574492,1.2850418783378847,0.723424574628156,-1.3025741484553208,-1.2223227365315552,0.21813731624886823,-1.1364243083664232,-1.9720472149622383,-1.7965577106235844,-0.6460389959092443,-0.4278183091785016,1.0832090603831712,-0.8405814285315544,0.3450544354953777,-1.011010000347225,-0.15525444245045578,-1.7166099176128835,0.6487552264900917,-1.3717319106394212,-0.6789099522175455,-0.9559556859009102,-0.4028269822570885,0.21289426402581346,0.3982543293054133,0.8881302703954321,-0.8086712512742719,-0.5372405371076414,0.1688027744989169,1.637784435902966,1.5244146423917895,-0.91232761467744,-1.104884043193945,-0.03387768773681821,0.31107661041321844,-0.6797794584809305,-1.035738373926599,0.3799140242451406,-1.5934281607179497,0.11561288557033483,0.47876669586836745,-2.0840924080206857,-1.0708168777487401,-1.5796873073386586,-0.513208148714188,-1.3367627943893314,0.0943597563104015,-0.619854654470462,0.28778770724033365,0.4109346121890599,-1.3941343310582321,-1.9517357548151721,-0.8903065135358847,-1.38961388019724,-2.147910045758645,-0.016397132860510838,1.0248235760624256,-0.19409958230100374,-2.1603294103674555,0.5203203587075933,0.08132129771139107,-0.1129841940037512,0.24639652317426264,-1.0888151757835762,-1.2141285702871139,-0.3214459649030133,-1.7983860972459662,-1.2569152212808852,-0.113804327706508,-1.715396684959456,-0.4915596955955689,1.9965252667519304,-0.5351610096399935,0.02315785074849841,-1.4883129241191684,-0.8367296745636389,-1.6055890480748984,0.09104214206104447,-0.8728474010700074,-1.3654873490423212,-0.04476225904383391,1.2663179084909473,-0.9844653056197262,-0.12283780256517335,-0.8037714637533806,-1.538925811058764,-1.4070036904137093,-0.528198380986797,-0.3262839692484848,-0.5351896265686218,2.0694328230479457,-0.22595383246836515,-0.06690003554929491,-0.14611495787036788,0.8653856133426838,-0.8888478930189169,0.2639038493241167,-1.520739370152159,-1.5310591084678702,-1.6291465668930873,-2.109653058057022,-1.8025529853097835,-0.5760837206501432,0.5245574314661905,0.6854589007457738,-1.1031501624580042,-2.3561955877068814,-0.3759421756706689,1.8190238200479243,-1.2358527859882422,-0.2880592378726556,1.86443551583135,-0.3649686871035065,-2.271180348755552,-0.7466361351895964,-1.8529815755949393,-1.3492866519455333,1.537680155537933,-1.0490362925164456,1.144447780960154,0.5463022378556692,-1.4967913714550964,0.03367789133531109,0.3694473393408241,-0.6772847394753131,-0.1548077650924502,0.013555636276356411,-2.0496718573026693,0.6247099311626252,-0.1718316849417548,1.4424682363649135,1.1140086597576304,-1.6570321729775443,-0.49449438474945023,-0.631631363528934,-0.2835639178352312,2.617291360417613,0.7337625688507105,1.3614554841509983,0.6809555564076251,-1.0223443046996794,-1.673760576210588,0.5601137006262277,-1.6632185012586789,1.1167685342900964,-0.15311844591108847,-0.9909084167418742,-1.6527017757326004,0.06434253618363361,0.20658941208936007,-0.09372672890697632,-0.05687410615947087,0.5891209761883885,0.538723471073486,0.19770300342956595,-0.06447627832331555,0.2510958924859151,0.33002158967640094,-4.4103935918962405,1.2942770259207952,-0.5053391051464391,0.7870249589437179,-0.40241484599751526,1.3064799402936949,1.1040872777218544,0.1579441861659115,-0.20999558295284326,-0.12903293352490056,0.8260370266191892,-1.035185989231125,1.4060703860608634,-1.3410529439842716,1.9254473231308165,-0.960280232003803,-0.5890307273204474,0.20256185781118527,-0.9851590908779694,0.655313665312525
953dd0313901bb19d674df5ed69d8af1f2208e759b046afcf09b985130679ffb,0,0.19949486407996833,-0.30521219334257227,-1.640762679145888,-2.2435202477154044,0.02826217576895651,-0.8999384651018221,-0.8805285597176142,1.847532200004269,0.5777470943755119,0.77413254697894,-0.18950063501287662,0.39988943729951143,0.8363191597981239,0.6738256339412494,2.4304199771470545,-0.484183511215475,1.1168036515380466,-0.7647542388708577,-0.36440919811083017,0.6086692160627367,-0.7875553402460913,0.13112816459915455,-0.10935539924818455,-1.2866516053075567,-0.4996345099179468,1.5845947096487378,0.05369621285103332,0.3070904622824391,-0.355144742583341,-0.3003829012196126,-0.3992877211996347,1.8560537035018163,0.8782439830549276,-0.7879846460388613,-1.0472854347617795,-0.1868787428747296,-1.0339829089125132,0.3289101165789654,-0.18943587171478737,1.444201675351952,-0.660774169522462,0.9467646592376668,0.5662369340991626,-0.010177782967118687,0.631621369408181,-0.24775831028105,0.3490370531556882,-2.2115467488447185,-0.8887839686790626,0.8661870658983113,0.434179838368504,0.8396532344079246,0.7325148991690297,-1.4775838427493833,-0.5357152108188927,1.0469377274753748,-1.007705410439299,-0.6226799051169551,-0.8872728748068629,0.26989181526469214,0.37962060657469066,-0.7533995424002967,1.5544575473334876,1.1700953854722147,-0.7375928593380244,-0.4628556227052753,0.33200505299790684,-0.3181039370758698,-0.8151363693527934,-0.2444503856793442,0.25879644649562605,0.0541872297090541,-0.8554166130242912,0.14426668176393265,-0.30267031325837457,-1.748819010572697,-0.15590654114770872,0.02445398389987888,1.0109038305346267,-1.2966705954209696,-0.8720703530220069,0.7664080188809591,-0.5769044041664315,-0.9005983927617882,-0.7264264365696312,1.0872997020785677,1.2259106598696659,0.32905525280775993,-0.27026272985887795,0.4029432463337015,0.07816151118526438,-0.6922894549806078,-0.18896129078621737,0.3319001639132574,0.0005137169839495304,0.5099765515252792,0.5426018063191871,-1.9058891862275908,0.7119953955465474,0.8203477943019089,-0.6353250737683775,-0.6481007847620236,0.5624994032245447,-0.3203591446137106,-0.8634245183329103,0.33894120138251294,-0.45178782847745386,0.5551758458765617,3.1678119677066694,1.5609172634139807,1.0243836107665911,-0.3210569736113714,-1.0133745615319418,-0.9003552074769623,-0.45888310737314286,-0.49117686005623296,-0.9982758446362068,0.3902313425494704,-1.165235909669782,-0.7317763974299387,0.5985349746325853,-0.6489395092549174,0.3937415201271668,0.7814194110124663,-0.11482271141556818,-0.41416749719214374,0.5311855993108652,1.1272805063476614,1.323640858358127,-1.9604287126847457,-0.09133394308519135,-1.4225559746195044,-1.2497680972566132,-0.09065100061748596,1.4276215109459653,-1.0592902954889358,0.35185305590004945,0.8367833415441761,1.4736349900009862,0.7376786099437551,-1.139038610188433,-0.5935646204917906,1.6338125466018873,0.43845439423360844,-1.1783049181688938,0.2251212650142291,1.3603875967626802,0.8831839161572083,2.0586866792854894,-0.12222931983569023,0.9661403632258179,1.3066041963433488,-2.9509693985800527,0.35695473877791367,1.3654636782665692,-1.431239310374799,1.0362833818590365,-0.18181600759567365,0.8704732545002563,1.533164292529435,0.6141503717425189,0.2170505150218726,2.087974826712354,1.0427034476922565,1.273048558098022,1.4446864146612188,-0.12549737656354493,-0.5871358796123136,-0.11305738522839613,0.5945050303507299,0.20211727425448858,-2.046243858603651,-0.8238712096464199,-0.5060670497685338,0.7378333834208908,1.3756547757917295,-1.177878402171071,-0.25491410753264154,0.05224590721067505,0.01783225187246616,-0.08681701106214364,1.6536886461065579,-0.021432694134809544,1.1425560788077542,-0.969481817489274,-0.6634177772385408,-0.6516741472175884,-0.20596412764266758,-0.050581271237852575,-1.6237447115105685,1.3466272094460134,0.6932979102637647
290455025ad553b6adc456ca8fc6f54a66b2b7d6b827bdef106c06f9a371689e,0,0.41302033456476256,1.679509252387858,-0.884377274907471,-0.33674912089956655,0.6334289548170392,1.1475056412589728,0.8420890278593811,0.9466085320224931,-0.8745177955133451,-0.14274361891935966,-0.8562423434027078,-0.13968893594944098,-0.007532296194854737,0.5855336632784038,0.4348750346034099,-3.4210524131241673,0.2777679869443744,0.5321751068138759,-0.1584122633369398,-0.8570057440020519,-1.2628802448232797,0.04095427573026695,0.27420878540281435,1.628465780121378,1.2210263124776344,-0.9136279244122014,-3.691923998379538,-1.1297798614075005,-0.7017660661603033,1.4967991721511114,-0.457560814999084,0.06636352084186928,-0.24456477703345036,-0.04617730930971986,-0.6267598644048973,0.8721883545988902,-0.5350116974604698,0.442085811749442,-1.0071706620232184,-1.7313253037890677,1.1796798255029466,0.7249427076856396,-1.4400983838102344,-1.758878000140534,-1.5091644105945476,-2.0102790557991628,0.9911935306346802,-0.26368639210546146,-0.10833715290529619,-0.3957287697472458,-1.449996957660669,-0.06015038711476428,0.7761026097265304,-2.167614260851477,1.3651203727248202,-0.2027277061129623,0.013337009455613558,-2.449194767593057,-0.7573509279494872,-0.4242940330517866,1.1860085407598218,-0.7325793564433194,-0.8156762156675862,-1.807223252284495,0.14990962532976204,-0.62081424591098,-0.8253617955594112,-1.5866573677612874,1.9643769623139982,0.2114065073338061,-1.4925767438636524,-0.27124632942401183,-1.7239493740447562,1.3691795130007394,1.8031748286122518,-0.03552952027805806,-1.512703422756756,-1.45163498244508,-1.8056119019926553,-0.14623300768479108,-1.5764371213568578,-1.690513072011392,-0.016667399791063964,0.13715919689499362,0.07464734807516177,-0.8506278433062809,-3.1050733845727603,-2.1359217749529043,-2.5643257302032736,-1.3552887478477056,-0.2627562358551919,-0.9448198185265719,1.1940683427052334,-1.21005063960175,-1.0255289224661044,-0.2776072159920174,-0.7188944355692963,-0.5106428069664665,-0.8067120001856959,-0.827843859252509,-0.5945929916389022,0.5989673131302029,0.026734727641086926,-1.3582978285815281,-0.41086472953169084,-1.8252211733415211,-1.617014810219552,-0.07852024992816273,-1.318362952622748,0.3156326573860213,0.2536980840215854,-0.24391215673014266,-0.21999341269224035,-0.833983200217778,-0.24519831038710577,-2.0535071290757685,-1.0836418586613081,-1.068903529762793,-0.07281209951893836,-0.680265777025505,-0.7675308667262921,-1.5944738323974321,-0.6951317774990158,-1.0483118255882922,-2.3398712754926185,-1.5035567799327512,0.6319013647830825,-0.640679919886601,0.0365397907264727,-2.3165286602596398,1.715364514754461,-0.2607376082465812,-0.256516470421617,1.4647069645018882,-3.5108653822820606,0.7522121342502919,-0.9515888488921769,-0.0952825432034289,-1.3148092307703825,1.6261590602656129,-2.4495182040697756,1.0445816399082706,-1.5071304826184064,-1.9532522271939554,-2.0368285054611572,-1.499328126249459,-0.44011488308622737,0.3541500034215629,-0.025404028059334,0.12220088760363193,1.3614985864765865,-0.5999436243086829,-0.6283449325909042,1.8733689593581817,-0.5782517639756309,-0.9504048837986401,2.1942353150044456,-2.174004158179329,-1.1355322548238145,-1.1719879123966737,-1.4228113268524643,0.12425732911325241,-0.1352129681588284,-0.696310541315091,1.2690463933662814,-0.8334890877541661,1.149457656057339,1.3517832884151095,0.9901206467756984,0.33147278166115357,0.8512827448762454,-0.7105965908408707,-0.6738547142133641,-0.3752159776699242,0.29286711089820316,0.6137588306305518,-0.24828963919120106,-0.194702666364324,-2.050511603511137,-0.2253031941140172,0.06405876765612903,1.5433770907808106,-0.623958223963173,-2.2409955026565695,-0.34460186241725016,0.8724521121523864,-2.4774895939022685,-1.8840445418354508,0.6713219877465013,0.1371216157535388,-0.09784658071929321,-0.36274639669602327
3e0525b0174d0a74aa067048e838ded64c6cc7dfcd980f4339120a34e1637c9b,0,-1.5971312679697631,0.3907525137756481,-0.3777416867788106,-0.003220791900574671,-0.23849503547259696,0.7231331437411543,-0.7591210275916671,-0.6339021231910715,0.629050103330587,-0.8199440706841147,-1.3455110270361001,-1.0773440398569867,0.45057465341714276,1.5948881569081093,-0.7583288721661134,-1.7826161249358934,-2.1578863472946894,-0.9166027521163485,-0.18620463519399555,0.39196057399949147,-2.1903364839565365,-0.6823550599437866,0.8019963606213494,-0.797420114785099,1.3120652080088597,-2.4676351596843356,-0.8977680368449816,0.393400852057604,-0.9828323985645231,-1.118103172670962,-0.8162168623118018,-1.7464999791232356,-0.2356717103477265,-1.2377608026669447,-0.9614711056889377,-0.009981616976817709,-0.8238822097054936,-0.03373946471332112,0.6748417517413756,0.44037867848119294,-3.212266505992524,0.7655084805158808,-0.41717580701946577,0.9039884525167601,-0.8121141527633668,-1.1512384085082743,2.2341870837365483,-0.9870055219032698,-0.16238730460891532,-2.9888739522574994,1.2270570464077406,-0.5933601664567993,1.9492221172093627,-0.18007119806001748,-2.3259014672625606,1.5916881960068519,-1.6501974928206455,-0.24344603505780094,-0.9652533021076927,-1.4886280961211593,0.5760289849277097,0.5017526886800119,-0.9577146113607262,-1.6080535107386935,0.992761172339661,0.15607457239533018,-0.9715986750901331,-1.6477154786949215,-0.13570397705039025,-0.36836368486052473,-0.45392742454152335,0.004964646738307377,0.8447401378144757,-0.21906747663301462,0.636632405411941,-0.6956008486928607,-1.172611591293447,1.212903580027354,-1.9650064765856263,-0.5346407799383397,-0.8186213322483107,0.995003468881573,0.41339145507298036,-0.4820541029045024,-2.156162258236706,-0.3120215633761076,-1.9931985496741864,-2.71105386178665,-0.1785667129801798,-0.38539250075323117,0.10504876710901848,0.07814108408905548,-1.5424445106203342,-0.8192030831976413,-0.15387649579481177,-0.6997460471665427,0.8620494565841734,-0.4828536388513013,-0.050298614865723734,-0.7056636385434664,-0.5234999838365662,-1.6596538873096671,0.10911100376134389,0.5743948797109821,0.897273953348029,-1.6040611851906552,-0.37407960696860165,0.29699208616749606,-1.2191910506869914,-0.29800834801289977,-1.3730351144716497,0.7722473714396003,-1.4830888375022897,-1.2671359905292854,-0.16360494712595142,-1.3591421918872801,-1.7488471021433907,-0.2918669486811943,-0.12297093190769687,-0.09750933309566512,0.1348946835629799,-1.0954053440854061,-0.2368100716213038,-0.7136738442331407,-0.7145452740684481,-0.23329259138795047,-0.0593730961334785,0.9526065854013959,-3.1762937121149895,1.240450961612136,-0.1523114750001514,1.1521882678438538,1.969140577232193,1.8591901532862194,1.0652152953093676,-1.2433882999892805,-0.13203652299268132,-2.1452632502615026,-4.017860198855698,-0.3035119234954327,1.3511637290995555,-3.688956675129713,0.2555681733999376,0.20137766345435945,0.2446396331452194,-0.6937340226436292,2.1806542579281643,-1.070911021102932,-1.1481995293389642,0.33814817681111975,0.4068427316512192,-0.05055043112934772,0.34809521951528366,-0.1504827060737085,-0.37295066424541795,-0.6124135784686962,1.8585757602217508,0.0652741873783849,0.7230049738984872,-1.184452133015698,0.9073377054691785,0.33070935983146205,-0.42506661518597205,-0.40348917394420913,0.36071225187520956,1.5974830609613127,-0.8551429672545652,0.03698386482474205,0.19278808223102642,-0.9737170212764795,-0.20159002638389492,-0.5307557136004148,0.05873195582666767,-1.3154321221031235,0.7272609276734704,-1.3860011792485185,-2.1849669547930475,0.38153896458870673,0.5299992633192223,0.24466063474014837,0.486577051295969,1.249728099817376,0.9328077837057692,-0.9166791167658744,1.0275405336816081,-1.2135782687167718,0.7228719939283591,1.3859727170844265,-0.306651343103737,-1.5011533215502928,0.46948889664823285,-0.19021258035265678
235b2331ebc5b62c5f69846e3fab61dda3712ed7615e5f657adb480dc961b640,0,1.2821525142481545,1.4957239556749542,0.4564287233088957,-0.7488553261109375,-1.3621524691369091,-0.03667805011172396,-2.188622243100217,-0.6277850433657873,-1.2018014865066577,1.3455482172549889,1.0446426406474714,-0.03605808497533668,-0.9294011198674341,0.059938768168151545,-1.7144458733404788,-0.4361658880096909,-0.8101989358307746,-0.0208714002345759,-1.471430244497939,-1.8717734803636352,0.049099717524011655,-3.2443299615930816,2.093655446328548,-0.4405736309488548,-0.9548184362672437,0.06082680156672582,1.2389780062965956,-1.4768812067187904,-1.0651773992781544,-1.5326333890783705,-0.5250378312156656,-0.8357207504410114,0.343323376049226,-0.41395200328805115,-0.8884512336161225,-0.41194416144190577,-0.020596854963396992,-0.2951051725230308,0.6772018700756395,-0.6387440551060062,-0.6840615780078854,-0.8278526805933494,0.7488271933476671,-1.2143949126747544,0.7135801150213426,-1.1656834931836468,-2.2620421174189613,-0.29044995591048095,-0.40283533611309064,-0.2626812297943283,-0.6877029028232069,0.3130997296460651,0.06847760395121222,0.691632838439108,0.219320232882097,0.10268575557939785,0.6420630758518258,-0.023741282079931147,-1.687368973145994,-1.5409468700292133,2.6170115140126766,1.372638698148011,-1.3853627022235941,-1.5716019180429015,-0.8007837691472025,0.03930961682730316,0.24201117537933786,0.3066725514733586,-0.025205122729641705,-1.1604527862975087,-1.102448383755513,-0.5076524774704205,-0.987946361271038,0.4223975844453866,-0.4355203663651872,0.8919412584758393,0.8613461490358563,-1.2259053187579854,-0.6237486405965686,2.02259564004818,-2.8159910430969193,-0.9860012288047533,-2.311952969507203,0.4746046548133952,-1.5720520225588301,-0.6825767123293052,-2.4822253530696474,-0.9964634038088156,-0.3187230988476076,-0.29557386859126306,0.6102396537046294,0.9486052740954796,0.10313569688863922,0.13140687043157503,-2.6110426828429647,2.168904353852785,0.48495153502499216,0.1920644386271748,-0.07984898596767409,1.1280024993247375,-1.2029073912747652,-0.501263716131042,-0.2088841042408452,-0.2022073935882805,0.5933101726863926,0.5402278366628244,0.9654386796207196,1.3914287453750505,1.3778499704731988,0.09553281707931194,0.8276983805342819,0.5705511188032772,1.3229859163737872,0.6464952326547371,-1.1757562462225297,-0.7158712535596431,-1.1459243004018829,0.5284956889097537,0.27225281324842066,-0.5524480960123883,-0.907814329030076,1.2063683905383549,0.05710398417192479,1.3312713436656671,-0.1070482319709043,-0.32922978293387173,0.3239750324656617,0.1385198100378412,1.1461244889643245,-0.13891267640496818,-1.362425631134378,0.3971322392321495,1.014580463281087,-0.6599029802188315,0.06717090586467206,1.3310844798881085,1.222786087803288,0.006011243472763415,-0.35699589754351174,-0.4603644344392488,0.0021000682579012725,0.27404013440374664,-0.8782109119373283,0.11509507379565954,-0.9297804800525545,1.3016267261057237,-0.01991237890470505,0.06388213567006511,-1.0481348404478215,-0.7710692698591348,1.624214003413696,-0.003912210045203825,-0.5225889172900108,-0.5076415938909533,0.7379479047643939,-1.0480804348259614,-0.7488205505328259,-0.1309890246691813,2.001140413459564,0.9481525504252359,-2.244874959232121,0.27602544786042327,0.8989269351112424,-0.3852763573574966,-0.6370308852869933,-0.34606234906841,-0.5920901789768546,-0.7794549962519356,-0.8327836356061656,1.8606813178550756,0.19235665089839446,-0.3779256802056974,1.9559943057913085,0.6697353649842496,-1.6669160873081486,-0.9896287061400724,-0.9725687564266874,1.1682392682466738,-0.9801278741786604,1.2488030789959723,0.6300260373350163,-0.39154514062780327,1.0858928511321344,-0.2850336415025131,-1.6839231090875024,-1.7071325265622672,0.6360177181435369,-0.35970291760230827,-0.5238374564132472,-0.7460726544833658,-0.6792585034302402,-0.39087756517773176
5ee52ebb3c6b0f376ecc258432cfa7cfa38132a145999dc02eb40383bf23a263,0,-0.04989260745743823,-1.7725769644160703,0.949960222633029,1.536911650923066,-0.18416101845648647,0.43156956133960434,-0.8234257464441261,0.3479832022314731,-1.2584660304113253,-0.4884795654819656,1.098421572814137,-0.8666201398861156,-1.8111342533150034,0.3491612775072068,-1.5873268164114656,0.38843772679218597,-0.7100007020515524,-1.170881324440375,-1.7158050321590927,-1.7595901840270478,0.17392299153160334,0.3150834905705494,-0.9686709991347877,-0.9669716980359686,-0.5791371594250296,0.7059258846454821,-0.5556263883989738,-2.0520981101372073,0.16719388774633825,-0.5658953059092026,-1.227436188671537,0.01975857033797801,-1.3871402990574326,-1.3055836149598645,-1.717627057426984,-1.0207384151547927,0.6239544692672188,-2.1765275706466394,0.6344429329614762,-0.8721615191843403,-1.261386642450729,-1.9060205011738807,0.15720322434893774,1.6108824038401544,-0.07561414980782222,0.5959042677698523,-0.335607561566322,-0.7651367164175749,-1.4635934552876189,0.6053108497106937,-0.45385649007426154,1.8174741028058583,0.8761659398256718,-0.33193479045071667,-0.11337724486658463,-0.7504267352222551,-0.9197062350536462,0.037779628716578306,0.19416880574229303,0.14176468714069268,-1.618238698997182,0.6539414118298038,0.48494666575702905,1.2544670536497775,-1.1652836364525374,-1.4946571037459067,-0.9762818163355744,0.4408209988611993,0.2514611398571762,0.340883447786847,-0.36169925403947917,-0.11214765790619283,-2.0098354864145347,-0.22186903318257312,-0.8088279595768237,0.48436176169637596,1.1109145022883367,-1.5315265300378307,-0.9446128899045665,0.10725627414199107,-0.8507717359602612,0.26470547142960027,-1.7014045768560417,-1.549683629220921,1.1186380483584917,0.16078718771179712,-1.3144459754789253,1.82767317015954,2.2869373803658157,-1.5893589999243833,1.0451282220334144,1.5230859653680104,-0.1631850846134748,-0.8457251513826289,0.05472234469061915,0.47575545262228275,1.4172218743615126,-0.10406818676401819,1.2757336857678365,-1.6776968629187712,-0.26756373361146996,-2.3127827693924146,-1.3638270650939623,1.407328150002737,-0.9847096956408576,-0.561970471708702,-2.276018481668601,-1.5312856506868866,0.13534487226066305,0.9638646767997837,-0.9242828523512313,-0.4977531216192341,0.20818056891704512,-0.2042854556378759,-0.18704451240452197,0.21509020200101914,-0.16783980915649793,-1.1437704339132924,0.7731585797072766,-2.2601830506796112,-0.7391180050910258,1.2511353226869149,-0.42916120614700143,0.5871814543547397,-1.135274143477695,1.6228853183978256,0.3755497016818822,-0.2044932823552562,-0.30659595549936225,-2.918319193744555,1.4857122135023544,-1.7202123644620737,0.9035757113443817,0.7952381204682184,0.9022812644752959,-2.200222011612008,-0.2042290768436682,-0.01698715573855989,-0.6523423391774686,0.19448986221654116,0.4220429074823321,0.854254628318017,-0.17599939972773013,-1.338913838991622,-0.38568793112705013,0.2304196692488816,-2.024718723222632,0.0653423380668543,-1.3094442178297137,1.2618241300049184,0.008307483725251754,-0.9999967207613409,-1.0789001392163997,2.1986583738644745,0.400677027080621,0.6813179252121367,-0.21598078852740984,-1.099165372305284,1.5468740049021832,-1.1599674840337553,-0.9896641367054775,0.41630483503413274,-0.6388704692400976,-0.5386707334982127,-0.7738312439526617,-0.31864133395763505,1.5382613002309378,0.7796361430631816,-0.630245319485184,-0.7361880398688012,0.4669614259632212,-1.2109776399301813,0.5594083716631738,0.2866637500102781,-1.5043806854385198,0.6925621311289964,0.5665142557981062,0.551383394943335,-0.2847836851743756,-1.0929484672371752,1.8721126527745064,1.9808588781908454,-1.8651186634211592,-1.1318685695761332,-0.938087856987755,0.5614864352041494,-1.2376406130253588,0.5040784779311879,-2.209112842074008,0.38492749889675243,1.0380667870513915,-0.6270231120863259
8e7b7ed570b34aafa99aad21843ac62234f9b2efe3c5874cb13361d0ee53d4de,0,-3.012421992656474,1.265017775290564,2.6553995739850738,0.31535886899473675,0.8215603935173366,-2.24683973323588,0.4858620782901323,-0.24249816008063207,0.28853736893067,-0.011113836757020823,0.0655606299792861,-0.5455039358200282,-0.685604536976756,2.2324330686685445,-0.9498557295659155,0.1866738561010236,0.5360553948973146,-1.33833547780769,-0.09324282488208277,0.5282862907609016,0.6829145129350676,-0.44443620321624816,0.4840818963802577,1.9920440226436238,0.5032587761356042,1.1957431006411001,-0.8668646901032364,0.3261344930329956,0.3218609048039609,-0.14548528884082612,0.15556252179088542,1.1807630781899587,-0.8439522395099636,0.5838742253179999,0.9784511650839709,-0.312604750003144,0.39985882349666135,1.8871730542489902,1.6031639207034805,0.6074115026915272,-0.18145393471674187,-0.6810066112827452,0.4490829992855053,-0.1983168295270783,-1.203651936066741,-0.734919696522861,1.5813798372024357,0.9438551590690973,-0.42635394503755325,-1.446146513597362,-1.0522869265371675,0.12576383109440786,-0.47557148826486656,0.8039849100358593,-1.2843949355317164,0.039864641627642444,-0.03525676470798694,0.8952255441531691,0.1487522821097619,2.0497160998705475,0.7015422027038158,0.7308278463754954,0.5706548148554353,-1.2409806705513193,-0.1448164904365579,-0.6350888359273377,-0.6580478713101032,-0.08744852610578419,-0.2592113030877866,-0.36104449029386365,-0.7690473133921449,0.03820763690227258,-0.5290889995000759,-1.5706535166414053,0.37276335535604943,-0.5185164008353109,0.960782001048275,-0.744483555917272,0.7288433768338154,-0.6401814084755462,-0.17979816454405168,-0.10532013155658504,-2.425601526813716,-1.2980930942715463,-0.818505809507784,0.8561227056682145,0.3609474130670254,1.153656562556645,0.89387983685187,-0.08855823654460132,-1.5276605950218614,-0.18715586351170133,-0.5012889076443123,-0.4203120347063177,0.22115205618472755,2.4768990335423267,0.6871189933600652,-0.16768417690444903,-0.013668090920016696,-0.9142412776940763,-0.9128230583774097,1.4953436006771337,-0.7460030533670959,0.7077904503803459,1.6846818022848098,1.2054387585009885,-0.0034813525445378524,-0.4193435188040291,0.3539664272944826,-0.5479691153774657,1.1748249515354017,-0.720968992095396,-0.6281120601026419,-1.5539773296722401,-2.1392900116638103,-0.5777107832590872,-1.1463894104074877,0.9974708335501173,1.619350159883375,1.7410430932208212,-0.21387939723827515,0.3169580578874254,1.1822911233262676,0.5138885501731032,1.282505058680544,1.3697819560896232,-2.2038075621694837,0.8772943401472902,-0.7408800103429052,0.7259270622778256,0.018189472097581625,0.9390495675451435,2.0056118603309057,-0.7217346160773456,2.1547397947178766,-2.8887207506171695,-1.004656634454713,-1.6534770037819237,1.3593503746060356,-0.5030344706847861,0.20551276570399515,0.3637760659807588,0.7201192096218223,0.6906596759770749,-0.26270602687602135,1.1793127664600014,1.5849271962942992,-0.6190613329984932,0.07661886557287648,-1.077499781407787,-0.9990785354011819,-0.781170223603381,0.7306744882539976,2.321160593900503,0.3077024104017648,0.36485270646035806,1.073162935765856,0.6106728248708081,0.3085623194515723,0.6965800972806173,-2.0261818331082826,0.6312381442155661,0.7257948758557196,-0.6866090457020795,-0.18451469594265768,-1.2939912041727397,-1.222454197375985,1.6877656482987466,-0.5565989219128461,-0.0081345375063361,0.9754068911386335,0.7061869507017271,0.3539282626372817,-1.4742694982146938,0.745826418682203,0.41095515235001134,-0.4921490356678368,-1.9140173113157293,-1.3450195808842793,1.2873069668677777,0.20871456575127426,-0.30938993196974984,0.9271860234414786,1.4035170987554335,0.20372642707951807,-1.4194377908513343,0.7902341890231971,1.239390272010787,-0.4096860478096646,2.422900511061171,0.5512050434060065,0.8233292337579107
78a388ec8750ce1d307967b2b9256da38f820f6ffde03751d9c0f57a32713c4d,0,-0.5801196870307079,-1.0866236046918378,0.6696027154845073,-0.00837077713142187,-0.37095147352762375,-0.45899992737408657,-0.9014593718949708,-0.14010947985363087,1.1345021003224833,-0.3565130861696982,2.298210118860774,-0.02274416197763479,1.2919147309381236,-0.3842620322227269,-0.6623997969777319,-0.7463290514815538,0.10271116872605146,-1.0817752512640455,0.5618374133877478,-0.5459819051986793,-1.6343982169708602,0.013599572917314173,-0.8240102251135394,-1.2290997731133697,-0.15441591333179244,-0.3637597305406721,-1.2870714784214927,-1.6623208667896403,-0.8530653720145698,-1.55985178891825,-0.7167160423224281,-0.6317146302137873,-0.49869702227535706,0.8792507593100938,1.2268032162924964,-1.954929318163023,-0.3050584812193574,-0.306064699800191,-1.9178304381099727,-1.4749263480740478,-0.6565663807249937,1.7837076546616242,-1.5487837244892824,0.3049446776517468,0.6128924918559575,-0.7662160471597028,0.5217090289092428,-1.22515808442875,-1.0915335315016965,0.19326890136946506,-0.7136338607380714,-1.4294353385847671,-1.3691565700236927,-2.074855264165807,-1.2687346951664211,2.560288369189954,-0.4807413268387772,-0.26018740127538004,0.9458217807074889,-0.3820043075134785,-0.1159967207756813,0.9074801920735889,0.7800278904163537,1.3723196852127193,1.178917845212193,-0.9084672882114584,-1.9799599690742706,-0.653501311165345,0.7735423286629299,-2.0280386669389667,-1.729476017859157,-0.28521364227590923,0.4812123331994874,0.8678486251157693,-0.8991114904045561,-0.5521551396753915,0.16213429150491102,-1.389422413632739,-1.0459573533515463,-1.2057676501861416,0.3047892162765244,2.043061145640147,-0.5170981254865759,0.18387505766051643,-0.7473202996202035,1.4392761691726705,0.5901558508490359,-0.19853730271683917,-0.32750847066325584,-0.19901014040331041,0.1385601261544317,-0.006566931197135473,0.06806022567640674,-0.6846290321738454,1.3279290110730444,0.12586447061361206,-2.6373027397610693,-0.5033091629702922,-0.4747003484230467,-0.03981479924895163,-0.698652510544822,-0.6560337581115977,-0.3593862362363493,-1.3145738771360458,0.6976357366970614,-2.979327824032124,-0.7750436834511879,-2.9132832830095357,0.12222485428925611,-1.0447551402358353,-0.8378501407786494,-0.2812945646111127,-0.271257224009952,-1.3925232593508363,0.10966911809882819,-0.5869385254510264,-1.1851726392252375,-1.4647726746015364,-1.8307065624104195,-0.33091768982500497,1.8818173346795908,0.2576258734338064,0.5049778245591037,-0.05477600911028335,-0.5929721767024588,-0.43198196020770707,-0.5984602304975589,1.886885128165914,1.1394420013519602,-0.8039149531986503,-0.03632285549906191,1.58497975025755,-0.23884857337184692,-0.5451071079325895,2.964268500750342,-0.9123383202509869,1.2536883917221426,1.319369030857597,-0.33758912135168817,-0.9572781323771049,-3.5194912907421716,1.4328083062682282,0.5575008157107211,0.5552853501494098,0.20052295903014666,-1.6212241356313484,0.532579932251651,-1.4421139660257194,-0.007736448188870914,-0.9933959708460377,0.016309208495613292,-1.3756114651434452,0.2493547240488841,0.3413898791639176,0.25407971727926915,-0.29304174451747816,0.038203376347861015,0.994598148689811,0.5826544582849021,-1.24762404663558,0.522137813818493,-0.6217887815890439,0.7858762248826726,0.06965539544083087,0.8595972226104798,-0.2033970597097855,-1.9110097246424833,-1.145586554228812,0.7066401919460011,-1.0350698925331483,2.0864619604729677,-0.3071155216464278,1.0265736199301794,0.11851565496076247,0.12667468337419854,0.6437046016527816,-0.5446127094956459,-0.7816811476142033,0.37571165442057675,-0.2680659482931956,1.5766900959989205,-1.8305273989734085,-2.804036946869758,-0.3484400980872589,1.6089437864534146,0.28075067668438985,-1.5042683139457715,-0.8333830165519168,-0.5688003800115242,-0.4445805292304086,0.3461862069886587,1.9342206071430974
4fd9801c8e809e2abab7cd8c632c8dd709357cf75fb50ea0a2d944a264ba8417,0,-0.2680206666461437,-0.17537774356174995,-0.10151658379305271,-0.8329158541013899,0.3602182285777147,-1.637103280066572,0.09439149257393661,0.22766629086287005,0.08126606420440702,0.23599238665119696,0.9908356601261825,-0.7345504247119683,0.4975870523883628,-1.587705530094509,0.05262835752410281,0.8990664079785792,-1.0949989782180438,-2.0631916651414848,-0.6162467239759839,0.017788689554456755,-1.0578772196409956,-1.0678820517768337,-0.6476294099431182,3.3682095434178185,0.25427062553792823,1.6543800461682505,0.4965467630518558,-3.58535458655113,1.3262535939773894,-1.1559291630774093,0.3942991843585488,-0.3095157115150908,-0.7732900726288117,-0.14427551457423377,-1.525656884919942,-0.5854776036190636,0.5755078005483332,1.075126352941152,1.036167910349707,-1.0618815641574695,-2.6029807960843834,0.6663019190180789,-1.0140376354542595,0.0790608234735361,0.4824928634234804,1.861179358839272,1.0738611416838277,1.1655360833638009,0.7803057018900523,0.235028366373638,0.33313750102012196,-0.5364437519441901,0.730446393308843,-0.7908071604831078,-0.883341827479175,0.037310324990430715,-0.06030874728555295,0.20985975496740564,-1.182527316868166,-1.1980058782633827,-0.7524775336772735,-2.2027780963920227,-0.22938533322731486,-1.822658386570742,0.10270974525400622,-1.411443239976158,-0.012497313325889436,-0.3246428284853262,-0.021486424481013677,-1.0907047479917527,-0.30262388485857866,0.14285734840648062,-0.038577614633436896,0.5409111724551626,-0.27513605924654516,-0.9046196938583442,0.33723904957855527,-1.3828362065688555,-0.6289401332861716,-0.415225343164744,1.0660278700647638,0.8388749498641344,0.346131050299938,-1.6177862138205574,-1.0272898912154165,-1.014382271726503,-0.9209697536195262,-1.0397631642451697,1.0008388447844212,1.265738452349458,-1.2970262377741368,0.7183497837190911,-0.4777077718249329,-1.313014394324387,-0.7555873303652128,1.0278834029121877,-0.5768248313281598,0.3171268275072633,-1.3171662151659203,-1.0882437281261395,1.1313626208394023,-0.31652380767837734,-1.150422842505315,-2.347597027935282,-0.46416978591641167,-0.7717096152507168,-0.332347071513052,-1.7552966668650083,-1.0441771766371346,-2.777387919787807,-0.29856453456356585,-0.05408774513420822,-1.126138489637094,-1.359022287216353,-0.44344449726107094,0.861059270267754,0.39993360448846216,-0.5569426443258454,-0.8282664731961753,1.6531512356367979,0.9107497907143498,-0.9135617359707393,0.4089000226350846,-0.5912108653708626,-0.2211035196124791,-0.23206725220672453,-0.8773729517454241,1.648632912618183,0.9146732802882691,0.7891380121075274,0.5286250049337637,-0.14793325773794794,0.804444833801567,-0.29379580948753,0.08902379389067482,-0.68556593379788,0.6183639385655849,0.7479117791750319,0.9918530673516688,-0.30229659955346977,-0.8097144504790287,-1.2084237509445757,0.25096899839713144,-0.5036449161222813,1.7035290377683552,-0.6368471807312984,0.20210170645824607,0.1890324641997287,0.8064026135968427,3.9427293709653184,-0.16435788958036243,-0.21390272550438713,0.16911938042329164,0.2046202954454468,0.8086560891289684,-1.6469023540763188,-0.8147362652863804,2.1973011426244105,0.19335676421835404,0.9630478356910371,0.20014596265729515,-2.023130295624412,0.528704735379872,0.7067127672904582,-0.9494629644099176,-0.08528866862867572,0.10813271083839611,-0.07844940284830687,-1.0633508453214868,-1.565035563040125,-1.516567793432344,0.38515383368876266,0.2508342734362528,-0.36852786274439825,0.3377104636837927,2.2449137698843997,-0.6877315107330909,-2.0769267983050894,-0.3088717092558738,0.7763076093410708,-0.15329118213280532,-2.1263998895088885,-0.018742804557639787,1.4225167762035165,0.5305488877440488,-1.4117027895153076,-0.8373536343166892,0.11421957905371831,-0.20010898952488612,1.2996425668922924,1.1054347975912016,0.48410960105199025
34fda082876c31fdd277b1f49cf469da9431e4d0d30c30928851653c9010a3fa,0,0.24300544019239578,1.4552821798558642,1.1275242184358198,0.1780003963940464,-1.5232265846450397,-0.9756183038026583,0.2485043975079435,-3.4194699957278702,-1.2289958706291357,-0.09886510102577828,-1.298074164755586,-0.9256907066302207,0.8247472704573813,1.4283772785043694,-0.8196085609709934,-3.805767230501081,-2.2603128664226846,-0.27479586426903,1.3860636471662149,-1.7680720034374149,0.1620230893726658,-0.1340661621870668,-0.3070597219348261,0.3580809965106129,-2.221924884603812,0.9595770448821545,-0.6669995456334294,0.24932913654055935,0.8512026257317047,-0.44886668231212773,-0.6822272014050761,0.060912595286690296,0.12333507324243653,0.4088223484812481,-0.0012055110105642294,0.2513608374569392,0.48434337750262874,0.42153957080190596,0.8742021671254571,-1.9389015141131902,0.6533069755991306,-0.3373290711154292,-1.0929769813675039,-1.153626496704277,1.706976130151378,0.13581992884413818,0.3529404819702817,0.5764647345577172,1.5315693016506615,-2.7871589996203525,1.7380303879274805,-0.15310943658795992,2.0561542004240674,-1.3391926017335043,-0.07648788462852585,-0.3146438870643204,0.8555278517347535,-1.0790301565897233,-1.5811088688416353,-1.7607156759712188,-0.8528756937335125,-0.8933079076687636,0.8788064773883935,-0.5985418485638418,0.4931999017270429,-0.8942209299847785,-2.2461787865556224,-0.999982477262897,-0.7677665595402305,-0.5925771930408813,0.2994124098756755,1.676476264891212,-1.1958998330234172,-0.1353940048551347,-1.7891302989737508,-0.23872531138224878,0.2310466281674528,-1.312470586614553,0.5447982249388621,0.016497261911465166,1.550583608560065,-0.5318736521187968,0.4515937122425209,-0.11673072745366453,1.328187775583802,2.431980445205489,-1.9482082261715712,-0.8076543357017483,-0.612225445085966,-1.5202284102423405,-0.3925096121472854,-1.8711439980399966,-3.7212251859098684,-1.0952312338240588,0.4918703582971436,1.379990744800553,-2.1221759325095246,-1.9183959797675336,0.634146485805869,0.0013297176405295263,1.819656663029017,-0.44159969884349837,-1.5370565237523288,-1.5315383390256878,2.389914900336375,0.505784346954623,0.46350375619133954,-0.25346372760244085,1.7856534565681963,-1.0766476509347958,-0.29197575830848843,0.07893979200848245,-0.1655591227183332,-0.4976503443014716,-0.06929614918223992,-1.4723663310569897,0.0444670498685321,-0.08817307884066292,0.1801425018868617,1.7052081345898122,0.0040486013023256495,-0.9009938346564659,1.472000475312616,-0.963381440071929,-0.6525153377237679,-1.7913780984545684,0.7012025281797993,-0.6812588046152422,2.220684840492574,1.2782963296360592,-2.1002244365563127,-0.6832647324386011,-1.609435112699079,1.101425223669186,-1.7359454723423762,1.4259495347063833,1.2386879894322689,0.07239616303714883,-0.16854962978638752,-0.7561618267233693,0.32510860555944127,-1.9614330017637585,-1.3948476100140161,-0.14284821749699073,0.35856822591952436,0.12347696396161031,-0.23835159850411416,-1.556869925601475,-0.08261603786640007,1.5545933873277171,-1.396418524199627,-0.9018354977782134,-0.2575448592346675,-1.9407310921049201,0.6197519539737228,-1.0769166684260214,0.8816446095481095,-0.582638784884071,-0.5574521613348673,-0.11126151336733368,0.3890579218135124,-0.05434651541645613,0.8678862664704415,-1.0541314585480037,-0.4593563756689221,1.2050301196544297,-1.4141284745252098,0.521795551435931,-1.1779394202779072,-0.5291874439078863,-1.8719108518660124,-3.196203739987839,-1.140835339158245,-0.4230539127693744,-0.6455918768308818,0.4922283657015461,0.0988778374288076,0.6812943758452842,-0.2161408464329449,2.0681142408116506,0.31898740290885974,-0.44770015195970553,-0.6849098509162648,2.808955246356859,2.0085245375189893,3.3891801386322182,0.28586065663885646,1.0628321123304156,-2.1594264592557226,-1.9447926905586326,0.06454941991034695,0.7112848494630771
f779bbfec90d43f4f872c9221726e6de2104fd42ed1d6caf686693ba61091cea,0,-0.04391984694602491,-1.316485942545871,-1.741716806662541,0.6103268580329112,-0.49016493956416163,-2.889133269498675,-0.12047478414339335,0.018824526984281685,-2.6234618511137096,-0.8367214256132887,-1.091796032556529,-1.4841771404140631,-1.4625681272768487,-1.6494336951152486,0.5744258366380091,0.6741238851049771,-1.2509722464693076,-0.023416244204780723,0.57933376999792,-0.3600874599843605,-0.048174021426158786,-0.9640623967907982,0.6644381850691978,-2.1577365025741795,0.917680714183184,-0.02865112574270054,-1.192778868297339,-1.4135397527178497,-1.5335033025605846,0.7865260422461464,-1.0360476529799578,1.6694900322719628,0.19089291865128166,1.6383461191548472,-1.856500004925011,-2.9583108966328204,-0.4883890784841285,-0.018598917771028067,-1.200999569276303,-1.1237919786819295,0.9926921416843693,-0.03347113650362554,-0.46942510976693497,0.9803517864877676,-1.06441024491838,2.7884747406499883,1.3096629992975362,-0.3076251928888647,-1.0851263310123183,-0.48716915543819056,-0.6423999354024112,-0.13147464223361266,0.27652756034183706,0.4708575662363289,0.6212760169579252,-1.8517298055712401,-0.2787332151420667,-2.2157464533362043,-1.0116806605251494,0.04101531437915351,0.6902922722453471,-0.39245314098215633,-1.6549936460112142,-0.5088414819145799,-1.5706210589841867,-0.6078162354234784,-0.8438122062930902,-0.363164162256682,-0.02594350841886972,-0.5976983467922591,-0.7249541867184983,-0.13430590279162782,-0.7207295399699865,-1.5564143040458627,1.599982282988706,-1.0113073535913806,-1.4248091784457602,1.1547419688571823,-1.612689060338846,-1.9691596756414165,-0.7760403314694171,1.6300806692766103,-1.7988231720239383,-0.5923886497696502,-0.7408036140189577,-1.0229342937768833,1.1327059427299142,-1.615574437968327,-1.3549477677410506,-0.3104770371001003,-1.1434458104973255,-0.7310971038136113,0.14358147501611607,-0.5089461075147941,0.3328746375981522,-0.6522312136908739,-0.8547513342467881,-2.246685187001684,-1.0015983676462235,-1.118481773561017,-0.15931621526820838,-1.1489825272261762,0.05416575685639177,-0.6002815702987018,-0.9917766251838329,1.4126363726482447,0.5052939170610549,0.6658366535381803,0.2452958757938225,-0.1955736960417752,-0.5965786547384953,0.2686878648279898,1.2137450164474672,-1.5834899323483458,-0.8916954716851982,-0.681423735066905,-1.8313293332083975,-0.7029990838484679,0.6733497258785237,-2.7748798759320525,-0.41736464423682407,-0.7964580185436769,-1.6756741182443404,-0.5969708994026589,0.21532183192040016,1.366713866140254,-1.4510592133774247,0.6106860675353264,1.1962227466382633,0.4742960141819251,-0.7162724257648174,-0.750280361799304,-0.4432045659756553,-2.0307726757699918,-1.4214509092934007,0.7314666798437307,1.6939894350394582,-0.9430041995262912,0.15439915310797286,1.577846710468471,-2.0288187743380894,-0.005910698034902079,-2.3426093134278956,0.5401763338898746,0.4512868536123789,0.5186536913059033,-2.1128011555673005,1.1047774124715017,2.4792035510484176,0.12652687940478877,-0.9133184391904572,1.3004524080851512,-2.0480526103266574,-1.1090248840074368,-0.6992822588903154,0.9581938394105081,0.5648594990652449,1.6715202103494644,-1.258821796083393,1.3877411229182797,-0.2856296216403051,0.18894551561142026,1.8597916410115556,0.7606119899901279,2.5228036687135993,0.2553084207972621,-0.8912478612137951,-1.264171972661086,1.4450106054812284,-1.9809883904750134,-1.2361964741289153,-0.7447636231612692,-1.5991589857536874,-1.2655312004960715,-3.77322501925305,-0.6020425876711296,-0.4373922390345281,-1.9863647682759715,0.13714254152969574,-0.24413517508583213,-2.909456151793985,0.07361332267094038,-1.020061967438623,0.4328229175032255,0.08675070961879344,-0.9635120768105065,-0.5976680932232362,-0.7406523857717867,0.4571906519053128,0.10346847482354557,-1.4110864835451318,-0.14496342163992215
3f8ac3c8bfda5b4ebfa5e7b5eccdf2ee9f4dd9a59f9a0544ad2562ef1d7dfb04,0,0.11789729912560414,-1.1205308067886142,-1.394863924518346,0.5060773129315422,-0.12711267686994543,0.9337606764113362,-0.06865947383823459,-0.32413825018531806,-1.1451603818584077,-1.619988681360852,1.6653798698771614,0.4712346067137563,1.0917557152557724,0.5681509772058929,0.647455645857994,-0.8704582498218036,-0.9504292102185512,-0.3738749149342291,1.5264044674125095,-0.03994191097508626,2.160693583926455,-1.9645878311016887,-2.0653675736405477,2.149518388098113,-0.5429991961889599,-2.6222767103657842,-0.6147754253514165,1.0468562988925718,-0.7461962630265928,-2.868624842935916,-1.3846282995822783,1.8332917813908114,-1.7793236640798944,0.736049700376399,-1.7737426159034326,-1.3073437191729813,-0.1556648410692245,-2.4832225613244137,-0.4423397453322664,-0.6411698055224371,1.2147763806199756,-0.9885065102956979,0.6248774609371011,-1.479846647295849,0.9257572599499464,0.04725604447640866,2.1362234718083055,-0.07564955098874343,-1.9588993434071944,-0.7466571760995415,1.4123282643325763,0.8396143143327154,1.090428714686817,-1.0908193927596863,-0.26424249597060295,-3.14729405664724,-0.49490834433591185,-1.0264893759961922,-0.27158985437275707,-0.5687405584817447,-0.9708857152519689,-1.7621271802447946,0.716634715719016,0.5775020243492586,0.5891915741379374,-0.5715764213525067,0.41213991554915247,0.5351474988778794,-1.0719269966056326,0.4361012585056316,0.3807266623549759,-0.9792960374322471,-0.7821073848912787,-1.118713603634739,-0.3991093333989547,0.7968872587469265,1.3302514341681755,-0.17253343207735672,-0.5794619579358682,0.018719628633523278,0.4050887781006869,-0.46099894266850727,-1.3320821628534747,-0.9047410373046483,-1.4205065296156087,0.0982417700530159,0.7667891506354731,0.8064320964472576,-0.8460008426406027,0.09185509572733719,-0.8721191745726178,-0.5945758457591979,-0.625791911735837,-1.8006156849601695,0.94640117022516,-0.1801960270414021,-2.3558989499013685,-0.31817198439823424,-0.9948891930301089,0.4043427324868445,-1.320856864419121,-1.6829573975339949,-1.3325766006279665,-0.8389851479678303,0.9236208909210137,-0.763742005775883,-1.4134897639657806,-0.7716366736796452,-1.2741660378340036,-0.05060126580874344,0.3359209538181487,-1.7531602672767197,-0.14268088044658522,-1.1394961685479617,0.5445325992057395,0.015738831186782987,-1.085435439316166,-1.1932151270471894,-1.2755922352778986,-1.7157428675284312,1.5018199980412112,-0.24119358129181243,-0.6909656957017251,-1.7221921630324126,1.1283031909530585,0.2339155903545651,-0.33652845191516023,1.5083168561811364,-0.8106135014431303,2.182809839690871,1.939880059041894,1.3330162877466756,-0.13063964207766438,-2.8403622629711243,-0.08086246233496087,-0.3774095513605937,0.45165009260198524,-0.39313301374373755,-1.0158189123336898,-0.20327802814091042,-0.7454873998090672,0.7947290724595939,1.0847102831698614,-0.24067813072766006,1.8771536614679123,-0.45579088722956346,2.8917536491426223,1.7312659872621894,0.5417967975906018,-0.5147410629342242,0.7977811487132858,-0.933042102675842,-0.9421887366003184,0.06908782983416475,0.8477192056622566,0.19366466806194677,0.5150111529207733,0.5204525542592829,1.3247647097790434,0.3594679452866864,-1.1572996967026337,2.78412147588522,-0.2124876194049642,-0.15679337108008948,-1.393699535995636,-1.0735268910448383,1.495460006277599,-0.5261828715598441,0.244659481642937,1.1063559673443828,0.45423682279974564,-0.2667316460979807,1.9987705105409639,-2.0758518909267507,-1.8680125510681602,0.951112834205388,4.265891257377317,-1.4685234859958858,-0.4825528478032859,-0.2744717958458483,2.337603236110175,-0.8553770452022278,1.174366054221518,0.24228654340458294,0.8697082378835674,-1.002534065235364,-2.1258403906139836,-1.0722648605898584,1.3520806684769937,-1.1947002737563117,-0.4970157098993385,1.493462315429067
9f4fd1247e717081f6ba7ed008fcd2e4b952b16f82c2394900431ea738bacb5f,0,-1.5042191122081785,0.13430875242040133,0.4986205976771012,0.6524424806795497,-0.47022313438042096,0.3183374842227641,0.2068354694167823,-0.6838080760826801,-1.78461312417276,0.7407437875915135,1.3767315340117374,-2.075665839135642,-0.4710213734935455,1.0643189022535908,0.3970458103484761,2.3265950001444384,-0.5570519539879109,-1.3271199994630356,0.3706395431333337,0.8894515387439039,-1.7513218256256748,-0.5764129683693462,0.15618622268551585,-1.0643593589004603,-0.45773383021642905,-0.9780823841615454,1.2022641514684147,1.1775164308219472,-0.3583671381225463,-1.4496667638618392,1.5864538386193943,0.2590094793943153,-1.8340307356884669,-0.7646543883362152,2.2930311248337376,-1.011753521895535,0.8278594629158539,0.7901992634288838,1.5537755372400621,0.15282964267936328,-1.5450292942219965,-0.4035700014523248,-0.5561423591016659,-1.3408793173376938,0.5013802824201298,-1.2392808589740878,-0.6385247996524859,-0.44179360246178645,0.1752071887382265,-0.3486280172561818,-0.795243116748563,-0.032585074164102945,-0.7367949701200344,0.7252455074172941,-1.4657013967962076,-0.04355642033662921,1.391675682809287,-0.20195624640346221,-1.101729178608341,-1.389094262780419,1.5567567556045776,0.9741933258069744,-1.6215349203823233,-0.9317544506255433,-1.1679908037029403,-1.8111057883399495,-1.192142704365314,2.1360728213032143,-2.5004906926193975,-0.9931365847174083,-1.8468618847908367,0.11796499176953609,-1.1895534798635135,-0.7821726376586721,-0.03965086004002427,-0.2670936236320326,-2.1087186126515105,-1.012503714080373,0.25076967787651516,-0.7877263317716806,-1.7849063393450026,0.25810024670479215,-0.1353815443480516,0.15203762621324396,0.7173330582664537,-0.3422897952791456,2.1759541150389046,0.9303907735850253,-1.1164284885788671,-1.7322484496876167,-2.1432982924577475,-1.3084472501977125,-1.5417914116029228,0.6999955988673275,-0.6532947687029658,-0.5864403897507331,0.7288637870228029,-0.24946769825179915,-0.9739265377097436,-0.347329170464846,-0.741676697755553,-1.7679260400552093,-2.8821072621468833,-1.9312534588956767,-0.1879415300717977,-2.0843696382538166,1.62185747163167,-0.1918380415207489,-0.41741371785248804,-1.1720892121664939,-1.30577621813076,0.013767813212166857,-0.7577662671372132,-0.6712345509368988,0.7448270321380289,-1.480454546299756,-0.23979851487408993,-0.5949770288099717,-0.9521377395476285,-2.0855760379959634,-1.0439633440310883,2.094560376846081,-2.471944545754017,-1.4667141475788719,-0.4039010953472804,0.2551386653757558,-0.5715180978463497,-0.8341683690670216,0.05974441554892468,-2.949696666641346,-1.4626120241900684,1.0097917859549412,0.6566580012148577,2.692133727659115,0.5441063017624874,-0.4847640824766415,0.4066290354654328,0.16229521860866686,1.9470704888117807,-0.35092458878419847,0.6656169837855385,0.4432728050546671,3.28152445152041,-1.2609847049799712,1.2992841366544357,-1.9932940690977567,1.1397978126700383,0.7442909446654985,0.4266963044118244,-0.3037259806175461,0.4252030494469697,0.8653678579118826,-0.7383621816845306,-1.040475423104839,1.3399211623499307,0.7979869462885611,1.7841792183207912,-0.1126131457597666,-3.1172336038279123,0.5364887275509059,-1.915825336197036,-0.6015218330105373,0.6604741444923483,0.7219584884572032,-2.2971055948345382,0.7736855837859233,0.4200024209980178,-1.155862782711399,-0.9114255839127666,-0.3307031035881842,-0.20002349517551704,-1.834740150303983,-0.17671767593026763,1.572053747228489,1.2422496516155446,1.2498668403548148,-1.2253519933734174,0.18381304146801195,0.11305383592507146,-0.8535510733363733,0.5541041102438956,0.46558227178698414,1.0465973527140573,0.5904105216438283,-0.10158140276159307,1.4337891052296645,-0.4565330042428696,-2.4647444879450355,0.7990960019593324,0.49308733364863394,0.041250614870885466,-0.4845136172474476
2f86d51db2f4394de0f4532e5ae274c540d1720d9e8500e32435d863031affee,0,-0.1283749807601841,-0.5802609961102375,-1.595953870702896,3.0888104126147944,2.0676046656309848,-0.05691051377613915,2.498352918981352,-1.5965027116478465,0.3288969412587749,0.013422972948220868,-0.7710582007698511,0.20132574036841555,-1.5710641050613474,1.1992512547366663,-0.8701037976531625,0.36132886364469385,-0.6129204858421047,-0.30631831820087324,-0.13663330750014624,1.0244509557696453,-2.460932427098765,0.2649068109954788,0.9048180501777185,-1.1185270305115949,-0.955024874134015,-0.6143334680442981,-1.3478438300210693,2.805597524978083,-2.046522700428837,-0.8369502872278838,0.6847892645213961,-1.7854816468703816,0.44348806664281437,-1.279482257908063,-0.5095125357768246,0.19178544105470857,0.11819217622302998,-0.1602435653258668,1.1808726845250057,-1.4243333630764794,-0.7861327141107443,-0.26395838465966986,-2.1503316322386725,0.7882757544312082,0.26672202653142807,-1.1428785640470902,-0.3906633174464644,0.9959303671118263,1.11452842423753,-0.4871548756553552,2.303722534102942,-0.4580485147559479,-0.7177353004196326,1.2913585563554608,-1.274849903400544,1.0711055799581735,-1.8434446821661756,-0.1440507064741402,-2.2857360896838337,0.3318337240423637,0.05179082495927281,-0.8470554629380205,-0.8569178138743454,0.8868616097015917,-0.7956675976896146,-2.2357712345518546,-2.3545804273566207,0.8258610663983403,-3.5086011143122047,-1.729702566779574,-0.4702468980131177,-0.23280563096471804,-0.08152903128291451,-2.0049165114585357,1.167747839471879,1.3001837538303067,-0.8242193492813543,-0.23222424541668885,-0.6372013308155513,0.9761430202717033,0.5182295275395564,-0.18297321302731218,1.2192854288458137,-1.9586934143690635,-1.7147628232500431,-0.8561673185338856,-0.15899587483832492,1.0320082657609186,-0.8180046240176477,-2.7884596546130807,-0.4383016710939177,-0.6168978868186751,-0.7263813153666783,-0.6611904941413462,-0.33442409956012165,-0.648666163011943,-0.7254017715974682,0.7112927619452241,-2.7201880548861914,-1.1390268944786595,-1.1913511655883098,-1.534956709869069,0.26875797267711904,-0.5850115559106698,-0.9940903510860007,-0.8861173431485536,-0.022038718913555855,-0.005694790166102248,0.5968149419404964,-0.7131618858458719,-1.567482462756355,-0.11255032914646623,0.3742403580827908,-1.4178632629987402,-0.7623917710744073,0.248879490228091,-0.7071360308941363,-0.5784151351354873,0.7614467993542658,-1.659863129335537,-2.58567515413461,-0.1708886779407181,-1.742531424823824,-1.7054040872333007,0.37367266433760243,-1.973937473507208,-0.025960783802294995,-0.1767847539377876,1.3621434964360708,-2.4077473852381353,-0.6378185123921913,-0.05789558936851241,0.44601266603224615,0.2536008920007879,-0.9095593820597492,2.017683926440817,-1.324918835546856,2.5787656266571495,-1.7462297762492018,-0.3933769659749351,0.04124195302647738,-0.4445260452552613,-0.8538160026422102,0.052950170646380815,0.1017023426470517,0.22504543244196804,0.39439683166689105,-1.2570028522232557,0.7262263990672597,-0.05410416776134642,-1.0426989374777487,0.30679544645166684,-1.684182331240342,-0.5727268186135231,-1.0276763455477766,-1.6909796125158727,0.5496954547519651,0.4852087962060907,-1.5479972851318045,0.03528286017465911,0.36821886835279505,-2.0139275530663023,1.03973917979929,0.5632861008105327,0.025174501590842918,0.8776612015670316,1.3986178849357178,1.4487234777944304,0.5781852664128848,1.4693156180631342,-1.054070370543057,-0.04067922031235563,-0.6195685228698963,-0.7657839511993698,1.0916221281465464,-0.6571100277806426,2.1068856591521117,2.266843451579226,-0.06496374301669096,0.6832338199120982,0.15641032999184748,-0.5683415776447354,0.5990646382118618,-1.470799726682513,-0.7260956664204335,-0.22299983941620052,-0.9167194833478327,1.2772891085530056,0.8410567539419324,-3.2906378247784462,0.5562240584915619,1.5950351167480836
5924876f8e7ec59834254d270ccf01476d04fdd8df2e0120848506e727d51377,0,1.5811376652843807,0.6965632050549189,-1.4197900378631092,-0.43602242432045246,-0.490944306895888,0.10790907040611641,1.0102628971409136,0.6656306854536833,-2.5217164285085016,-0.5344274568972971,-0.526234211890825,0.07840947378588535,-0.0797364747065325,-0.9517332254922148,-1.5051907019569706,-0.0507274757993007,1.2971497116898911,-0.6074555368263446,-0.1698515555934746,0.5138476837011474,1.19839846287925,0.6235738423405689,0.9484378702258613,-1.4484650394533536,2.135807246207711,-2.0027268845473154,1.038024814788646,-0.8119162326310378,-0.6830087263400045,-1.1544638830249594,-0.40502084674275135,-1.6003278168056623,0.0408430006111376,-1.7439109005422562,-0.179302570916604,-1.0608430085925025,1.3641646978621287,-1.1067805030157976,0.9837352360315502,-1.1031663278796595,-0.17178847708205797,-2.031155042139328,0.3748145334356339,0.11618815529136695,0.3238590219486538,-1.1532635132864169,-0.14572949688660713,0.22661696629254707,-0.10118338904705092,-2.272743054170179,-0.6157768005318014,-0.4823126310230996,0.7106377100017538,0.6823561403658628,-0.9243706034288544,0.16306686445420526,0.6206819872516185,1.6282038420378213,0.145378914665427,-0.03348455107099502,-0.6485008203790583,0.9430703853633541,0.11747413281337249,-1.3579774686941342,0.26895852735482517,-0.6629287291870696,0.5313226198240404,0.390804154113893,0.4398056115949035,-0.7831184967174099,-1.2067224274463428,0.06905107841110047,-1.615967526624538,0.45170324464023226,0.48024998693609955,0.09851490643828087,0.9385547615952674,-0.22092208730775537,1.2526473719741413,0.3974387763102632,-1.0306809343178547,1.2556398394863728,-0.7228053064217269,-0.4209222992890258,-0.886852418218226,-0.8166580048287058,-0.6299190966438262,-2.1580662516164484,-1.1741547150169573,-1.748462517492227,-0.6617464391345457,-0.4557171212514692,-0.42339254478908855,-1.2995169372517879,1.7533493211800526,-0.09105480484627329,-0.7409625799951269,0.3331028387475584,0.5456887311112074,-1.13645301156419,0.40605662956555444,1.1135268480494238,-1.7774869725447764,0.5245757723758993,-0.8733222822402902,0.11592992828203356,-1.806073665438442,-0.6874756065029667,-1.3397699337157165,-0.23072572301087402,0.12830780845277667,-0.3459865454531026,0.15590383471531546,1.1258258870940576,2.417008395757213,-1.462986030494827,-1.1218534153888453,-1.8579568763110679,0.9450971767091516,-0.6637512622339825,-0.7200756127837584,-0.4783020707013029,-1.9651818173548716,0.03181563554934802,-0.685746143123355,0.12636602118091747,-0.9081546836587833,0.23036534602386566,-0.4650223063485795,-1.1350194579636954,-0.43608026121829857,-0.774411893188322,-1.8846333988557509,1.045831350048777,-1.2476366395313985,0.02294226566530213,0.9478897806159775,-2.1841729387023707,-0.06064221714563712,-0.16725449578540144,-1.3057724665975337,3.2842088954265,-1.369494929019645,-0.7677323955522228,0.5904020522063961,-1.1910054794293135,1.2008093532565582,-0.16960601459407018,1.3262051275029456,0.3399360973048572,-2.4360232455703037,-0.5352970360416153,-0.19988569663467712,1.1556093371169616,-0.1725507477253593,0.6903281656407056,-0.6065807677083662,0.10414391335945232,-0.19623154350280278,-0.26508864164726087,-0.09966095626580201,1.7226304678486004,0.14640453505171405,0.2801947914602917,0.8280325567454886,-0.012311151710236983,-1.1348213223508956,-0.24159797578557599,-0.13963597672164407,-0.35882906696122313,1.7827441013615257,-2.0669533835433866,-0.01116086563330922,1.128785353113293,0.5237323575500938,-0.6212865062297378,-0.2217912974038957,-0.07985836033475105,-1.3234953009539412,-0.24742626887913774,-0.9452340827486779,0.13119037653620386,0.5104170686597055,0.9211177137014003,-0.3934678071197216,2.4560457464131717,-1.3568221646828729,0.7565059930483718,1.281136914350227,2.071793871579451,-0.8267281017431695,-0.2690862756570262
4fadbadfb531a4692fe3eb8ded975eda7cf616fef4972a1d57f0668c931bf351,0,-0.916826345486294,1.1325460222633361,-0.5999445384161664,0.9537494855092921,-0.8729110150263101,-2.262965554043724,0.1819490484337476,-0.012102984083702362,1.6148884809298485,-0.40889204046749916,1.1616637822728033,-0.772202376045058,-0.7954527721343184,-1.1360143944902878,-0.6715148714204858,-0.22955757203401506,0.9991900336494909,-1.0180055923754914,-0.9189799678299825,0.8161775134029542,0.06352528217680403,-0.20371451205965807,0.616145309201571,-1.171324060219837,-1.8169547958891452,0.73675093322003,-0.04917071483620129,-0.9396656836652222,0.7840411590799773,0.3864211890585688,0.7802279512983175,-0.04649415557107475,0.14032296835158584,0.6402686056785465,0.6743033405336474,-1.2688279974012386,0.6010889036247193,-0.9976625753414918,0.44072249107351347,-0.7540546009072169,0.6882214795865219,1.6467208191690734,0.5627607914358463,-1.0018175085874836,-1.3166869928143108,1.1777568198034778,-0.062214793781035616,-0.8780621755421895,1.524799632472009,-0.470612926660396,-0.8388392592571347,1.845818284605977,0.12316912613595643,0.4339239793512605,0.5494427701498837,-2.2757083734307235,-0.5559505481117816,-0.6349626389019611,1.1709485101233352,0.9208330771475913,-0.09904564627459736,-1.387151801271807,0.04171746757065083,-0.33940875496745027,1.7543469886477057,0.1501083493971636,-2.0845777910920407,-1.2388908588737508,-3.5529705188870215,-0.41298663107056444,0.8742148418788873,-0.4461425443663019,0.36087695134463327,0.7892318442201,-1.2028446134839519,0.9525857662289023,3.1610135965128894,0.16442257946620964,-0.369975226546238,-0.44923963919331444,0.37021647200559465,-0.6971849290286615,1.2456864508029668,-0.9888707852727486,1.3957737581482297,-0.42772350453689556,-0.5296635714316923,0.33321702790352126,0.6730214444682546,-1.5516699631182664,-0.5105332120560295,0.34347165281118885,1.0009537102598076,1.9548600309912254,0.9366482056591086,-2.2050579998269875,-0.9921777970440109,1.3136534917156149,0.005763559269971186,-0.31650450153018933,-0.49430476039435123,0.16694192364739213,-0.8184293728221409,0.051472824314421295,-0.12043074384624591,1.1019785972604008,1.3350468189002327,0.17903303889203265,-1.9185165525185615,0.34966829978959885,0.6443289076501546,0.8711660012599731,0.07779350690600129,-0.19039506151504207,-0.4062493696473639,2.0944929766719547,-1.2792355911743225,1.1027828330024265,0.24101685068247114,-1.7112563158245673,1.0983924144370307,-0.5976561881045241,-0.5340430484602952,0.656622907938197,0.35075838530012393,1.6630518860984735,-0.20536415574057967,0.23677669769399645,-0.4461445637457447,-2.1560919041030626,1.1986444021719524,0.6044031488797752,1.4561156139073521,-0.11000371634697823,-1.806066398667925,-0.3607443627466664,2.1594624933571125,-0.24735840404059967,-0.8653752510779282,-0.40343853564683957,0.12127587263850761,1.5871767581424403,0.003937648330217897,0.9603775649666313,2.3700791665853873,-0.8640961293822222,1.130224010727509,-1.8140250267596871,2.049293766026084,-0.5112857132212396,-0.19776798862665637,1.6519819462609764,-1.2162108795433637,-1.4724675622918144,-2.4413514529473286,1.062062649287282,-1.3021090835036453,1.408883540566251,0.3516211129326778,1.680956904636006,-0.591609806218991,1.831482582476337,-0.7506427463040767,-1.3011883033786233,-1.2622338954143386,-1.4138653505566157,0.17880821160612867,-0.9593589288192497,-1.0961907532299653,-1.1460439577230692,-0.16991889877316457,-0.9778888029423523,0.26468848114146626,-0.0473589557318514,-1.0318979586444783,-1.1179719210993027,0.7381218685679918,-1.0569888189254322,-0.4744495393122835,1.5094485070675407,0.1881712666708842,-1.0999204643295006,1.8153213307053286,-0.49124323439875667,3.4887290654574046,-0.14259297639860272,-1.3654758446918618,2.004166895462588,0.5982747617836707,-0.7515138745688329,-0.6545346185843084,-2.542546908793
09755b7ec64cb684aac80356873a541c9d914f9923cf6a5b8191a95aacff4f4c,0,-0.4552410689085575,0.5617705763956371,-1.1097530137859946,1.6049691441978204,-0.09354383613253814,-0.9915365477982522,-0.06332946499618775,2.0747345915164956,-1.8050444532568959,0.8300257576172352,-0.7574001697821947,-1.84349895527813,-0.4367976259842076,1.1491289233929682,-1.3854618744369869,-3.7383229674104443,1.4198560564382954,-1.0911801059148447,-0.1746042958463826,-1.7811019671439516,0.15064794970535517,-0.7917296669858686,1.6154330128862349,-0.05016664931221726,-2.0745816453579513,-0.6961405544520906,-0.35090245663011416,-0.779779756950446,-0.5887605104571418,-0.15795393909319705,-1.1848456753753882,-0.2679298183361318,-1.6641363491754584,0.9473228261629156,-1.6646770823941388,-1.71119772615254,-0.7559909297715923,-0.29881454736535096,-0.36445444563706103,-0.24531911198441203,-0.5394109800608416,-0.6460252648359885,-0.6242569496076684,0.05101203680716315,-0.23562424332927312,-0.3439541903640614,-0.9005992457049972,-0.04306535114983939,-0.7557997153303996,1.2379466578488938,-0.07092816264387625,-0.7967075053413099,-0.999705538923523,0.11425055884418478,-1.0335394236809088,0.3340253248324825,1.0450870748189969,-2.067217268345555,-0.09035384002576324,0.4368504771857137,-1.4636000012171717,0.7106822478372263,0.625712657050742,1.0054659399550423,-0.7348185195079692,-1.6755629437747235,-2.3604952716943024,-0.9399561137106167,1.3949885295718603,0.4079484643230775,-0.7546234030522254,0.5619475217820304,-0.4904065581498742,-0.3202758747260336,-0.3447686876578897,-0.39401399843224616,0.596861230386444,0.10506584759075405,-1.074294679745317,0.7313832675805987,-3.037230100153293,-0.4077249793801526,-0.4923501044369042,0.8655835188076975,0.22782235079568908,-0.2793226870728605,0.2427814066167724,-1.1238703381635688,-2.179094999210071,-1.1979900005422102,-2.5611375542102603,1.9691234630155379,0.9797586880808968,-1.5489245720046907,1.108890022823881,-0.9748022940253114,-0.9786664395299112,-0.3613414702405625,-1.6421957939916267,-1.3725756573899828,-1.0400786221789362,-0.36600246601924,-0.6538531124089875,-1.3364009464821245,-0.8178300786259113,-1.8555150192224765,0.9968401626280299,-2.2661777798077156,-0.12994891186045274,0.2656365764299784,-1.8230766914772478,-0.017383018957359497,-0.8360757292243353,-2.7067612219131902,-1.5154076566903054,1.2997771581731659,0.5676454690107894,-1.1175504728915018,-1.2202493664421732,-0.3437375073024108,-1.9123021464254806,0.3087613961873048,-0.5022332552504045,-0.7942174116755427,-0.13085279388283788,-0.14459770882390624,0.3262044606461356,0.3593987815478661,-0.4515297439724725,1.7728853341740975,-0.567270510137568,-0.6083408851179517,-1.3967558227416694,1.4797209249889074,-1.7225324286527313,1.6147533061076453,0.8987480944896116,0.3769502048492475,-0.22966190543636203,1.635973538706421,-0.13770719176834958,-0.5524232926249005,0.14896871836494882,-0.5609979496466839,0.04996769317664986,-0.2191491701018461,0.5776223218310024,0.22454030037586095,-0.4502732336149074,-1.5830438055305953,-0.37326122360129405,-0.6852697533856974,1.0293577113964973,0.0293529418697945,-0.2699601633854359,-2.0262889997710296,0.8747119606164379,1.5857310459544283,-0.7236775450986401,1.8975548701109584,-0.9984863316208793,1.2280256267358052,0.06948932224089707,-0.6650316438513801,-0.49219159159208686,0.8209125275241207,1.0365059859053896,-1.1756726176257228,3.643175834344038,-0.09952884828743853,-1.057468458343419,2.1082253441603034,0.6719706377548577,0.2936719850978674,-2.424251333937219,-0.9349629208801444,-0.16108605547797306,-1.5245239245725695,-1.4655072755492682,1.486224620413057,0.6938709361255804,0.9725792101814068,-0.030106184240839974,0.5062692257022542,-0.18102610441305347,-0.13042265464694888,-0.2524098297554757,-0.43226394669798357,0.010288732550845161,1.557977732050736,-1.2436252193053032,0.18005089561828413
3d7dbe04ce045e1f7f5d81e2cdc52f4b2becddc476802930df035976b82c42ae,0,1.2304173616112597,-1.0961307867861232,-1.2427378644239546,-1.2017794950455076,0.6274396708107575,0.7463884789365738,-0.5199438136245911,-0.609473190044804,-0.16972112553414131,-0.6133977263480301,-1.6103501116933265,0.17049709107899902,1.234996739917681,1.1685680851888622,-0.6061102650124315,-0.7231968707266322,-1.8737840798101526,0.531720673882077,0.0417875221675158,1.9966301982181196,-0.5960293288494597,-0.4508974754254612,1.3197025428991145,-0.44521646338010956,-1.6384991130828044,-2.229035333989887,-0.24089364032720584,0.2382002341842695,0.6456315762408273,0.05846710304215369,-0.7812500247568834,0.02635516821240469,1.1789405214090698,0.6397494322912967,-0.241219866449787,0.9749148541738938,-0.2610776820252402,0.06397107027087373,-1.0083374194412569,0.18021103282577966,0.20453431305867575,1.9790083256687068,-1.2901411447391669,-0.46645343504739023,-0.11442397981259489,-0.40745068115883176,-0.036105144772769826,-1.2603347875309,-0.06142885595710906,-0.4339563850144297,0.2582613595589581,-0.15425531097740539,0.5791762207306357,1.1420373343547323,-0.5469174094329399,-0.6100329471867016,0.18620270289729923,-1.8819052276025063,-0.2300134840831455,0.6805402587535022,-1.1584782008172203,0.10054255772345011,-2.0608348418607423,-1.1861451037227915,0.1520639475898543,1.804550740420448,0.7394049767257261,0.23564207642705315,-0.6249037956524631,0.6340791782559485,-0.8364549824845517,-1.2332544869806668,0.41488999526526604,1.9432457721576601,1.091829094186254,-0.4382758940770333,2.015552750396967,-1.3280336682844198,-0.6913525721440106,0.23794673599848548,-0.2671484455030447,2.029046396256245,-0.34244245701214004,0.802761497368939,-1.2411714013919002,1.0023660073553133,-2.1338716015970554,-0.5379571272228916,-0.7088963597633913,0.7326070603441839,-1.759718640806447,-0.6895053516127518,1.159830637333353,0.6336425642420009,-0.8825993690571343,-2.135540161999905,0.7028807702612484,0.2652945048129013,-0.6596922683954334,0.30065708121699297,0.5141800045338681,0.24990661040073547,-0.5896747285471591,0.06925977129061678,0.880346566433621,2.6878153076374502,0.13530758696774975,0.06279392398320588,-1.5111931479433638,0.055562995175912455,1.321437561476167,1.2350112100383466,-0.21153191141940075,-0.2330962013801512,-0.34221026582776864,0.40852679248346635,0.04397232549657362,1.1267923367328023,0.15722061255090714,-0.31462514700519,1.70872886348444,-0.8546721505822191,-2.1948792680771043,0.0573361093919299,0.4652025153082243,1.3527184397866656,0.8927966367139888,1.972877675806994,-0.21404241878234484,0.2637464876829733,0.7454445989210816,-0.608701253299135,-1.7601443532678822,-2.6482624085403357,0.8023633787001572,-0.5002120764490614,0.18513708997908174,-0.6660986517137141,0.458108383483249,-0.07732452454735193,2.138099874321012,0.09007515392201076,-1.0235001165391229,1.2340215724251422,-0.860990676473703,-0.1774613972613389,-0.06371341198459618,-0.2957501086120323,-1.5010155120421633,-1.6534886366315125,1.264734996973298,-1.4463648832540923,-0.3531783712105426,1.8106488972068886,1.5821461803493633,-1.2033522253218296,-0.9324984185614287,1.3353816570893868,1.9289452277317334,-0.5376574857786524,0.43178149210156563,-0.38521147415675816,0.03019300165693198,-1.7242158848453137,-0.6733040569186564,-0.2930304680863283,1.196102247808508,-1.5404512341109053,0.3452415901026524,0.6769697074439712,0.24607367562271912,1.1287718670098772,0.17649501522541464,1.7816833562133738,0.569687787668108,-0.9165397618990762,-0.9347829883102828,0.3843133109136106,1.0827479436346539,0.6373099498140272,-1.766590344351302,0.4644402538500771,-2.335915728871959,1.1766857488481457,-3.9554731716258247,-1.968765518705369,0.3911146121996777,-0.07716698230062541,-0.13310655310203723,-1.5115855946438341,0.15042286823688827,0.2527772195142394
c1665c272f4ead8f0d86e631269c9bc9bbbb55ca01fd7faa894fce01c823722e,0,-0.3279732436708525,-3.015621273084632,-2.2637587288714776,0.6936238433585737,-2.57338946963363,0.49563602796992445,0.8450726585374655,-2.533269138747337,-2.4059615762279827,-0.8519880559776615,-0.22060794781847898,-0.40770616728482034,0.9678138451837803,0.4352369819965257,1.9983561502859017,-0.9111193396762305,-1.2281790773258243,1.958840195399432,-1.1388498178885436,1.8401524449023126,-1.5611575530965154,0.6887594533488666,-0.8281404937830107,0.08807421124195902,0.18936787129870875,-1.7881007797663935,-0.4829241231903152,0.1106079728558742,-2.1483672876307267,-1.9314471264313722,-1.6473388018700927,1.1806143002559013,-0.7684573806765459,0.3866720707181748,1.879837313523323,-1.0008759008363248,-0.3241348188306847,-2.1632118775604727,-2.0546240932046076,-3.271178834389435,2.5069299002111114,-0.2121540205907798,0.7635995252861436,-1.0322528297411218,-0.5517183910712756,-0.28584114765295915,-0.26579125987970376,0.29010308792065415,-1.2091289200854447,0.49936323411776384,-1.4596475596045817,-0.7464820016284404,-1.198521506769005,-2.1341037004329264,-0.4709416875817972,0.2461380313758642,-1.050582046250837,0.4072928259756432,-0.3238057831341888,-0.6683354618780872,-1.9084017257636594,-1.704326543985854,-0.2509918966344691,-0.2532173265652729,-0.16329170619588662,-0.08998519940585947,2.0609896667776972,0.07883453747658786,-1.2159495825202606,-0.9759771316089618,-0.6444662654764023,0.4499276961646873,-1.6323178454343301,-0.720347745849611,-0.2588737723538303,-0.1108389788587334,0.25450519800199467,0.451828636961795,0.8484482368375406,1.6151924060836134,0.5172061772024206,-1.8160666310351343,-0.744342325689944,-0.967699662514594,0.8833962122207784,1.4509741816851485,-1.5838275427419486,0.5040983870454184,-1.0222075117903429,-0.28526038248148766,0.09623571576919232,-0.10531424370611417,0.6629770460690527,-3.2863355419629574,-2.0919290757365148,-0.10759474679446024,-0.16270437568341312,-0.4836638480856847,-3.9885468787226004,-0.16760643317548446,0.5653058167002947,-2.208828908913257,-0.44935238268070243,-0.6430953987364951,0.37285189741003877,0.6857443506484644,0.2230487476298321,0.9550957281123059,0.6946943454375702,-0.6415069486376466,-0.5283698412257816,-0.18830098463342285,0.21169056682810794,-1.3922821506802356,-0.4888045118478139,-1.4975400010081823,-0.028051640062184642,-0.4742702489128417,-0.6400607591688638,-0.6200212187144734,-0.8743497490670061,-2.411395194392844,0.8619129086333777,-2.227625546940736,-2.5923178283757045,0.6302836967257788,-1.8252482416740619,-1.8038685435030517,-0.24112402943373676,1.1096548546906235,0.021200330448767585,-2.304871409534684,1.2191311309514758,-0.8800223101012322,0.48912791193421157,-1.244998449939228,-1.1027692177682822,-1.0462725177878545,0.7854098768292688,-0.059355633779235244,1.2495928736129296,2.048603442805548,-2.137108909527029,1.041498154848774,2.0352469865937484,1.1474452468624876,0.5929227170765607,-0.9204253411263142,-1.8400860426807493,-1.9329955096221418,-0.794241502319602,0.784614826714809,0.03991585532600998,-2.8643489946709604,2.9615493522232472,0.9402337699925881,-0.3659870074772237,-1.642084032811901,-0.3571510975382692,0.690482685684066,-1.084394494462009,-0.767940670746337,1.7461355971539665,0.6951251039959414,0.24463638171951405,0.6150548588592001,-0.2743371675044656,-0.34186164757626836,-0.3796317303201738,1.3221106285528126,-0.28481458768747364,-1.9235868599338581,-1.0807069499396196,1.2253395288349938,0.09813110545464243,-0.22109436156623027,-0.08115906063459015,-0.5103047130610323,-0.8022614957191089,-0.6036037540353673,2.0424295943474298,1.0486985316310957,-2.4200841700865787,-0.35399469213055673,1.3052774051443738,-0.6621667517178983,-0.17012051608195722,-0.44062050016415083,0.03324645356705809,0.9409142514549313,-0.2348278216027251,1.738480135267272
c30975b5714c7a386358454f452f0d1f1a150aa655d0154a43fde135db3fe1ac,0,-0.5875618756336204,0.6460215083059206,-1.4380602160700715,-0.1517989956024991,-1.744966693943833,-0.8055728727642607,0.5197263100918805,-1.2432909702036385,0.5199978411578743,-1.8994907198975644,-0.7929577499338771,1.5662373377089356,-0.8200982782566847,0.6208848552208698,-0.4432372303635987,-1.2278189398746688,0.9258678054394204,-2.6976957408219993,-1.8507487366852504,-2.091757968828033,-1.3140122446816753,-1.398670061911602,-0.9767657875830823,-0.4632517263160591,-0.008199954708090013,-0.5869897995356738,-0.3475807436663791,0.2875738435228441,-1.523202083938742,-0.6853221035941228,-0.7402226720111797,2.359426109266106,-0.7509224715285052,1.3852252555518931,1.27886045677057,1.337602108215622,-1.2454690169215734,-0.6108208011918957,-1.2958451000425262,-0.7378202029642369,0.6021604038336769,0.21684126927877112,-1.1417962988311063,-2.4625247693689696,0.34241098871907405,-2.3969798932209563,-1.0906655576936597,-0.11636590890562742,1.6166492667500219,-0.30142456175705756,1.280669303519513,-2.602792798187872,-0.6719490199849498,-0.8277572089560781,1.4275196040939875,-1.0561105003352087,0.23220788782686658,-1.107365322532397,2.2174037637330417,-0.8170290983770065,0.2721433826559719,-1.0658173687341317,1.2474000039941253,0.10551686937999127,-2.935968434881805,-0.5712553535144922,-0.22428152255113737,-1.042839509533283,-0.24394486711097219,-0.906776614589839,-0.016510621641370626,0.6361439486973699,-0.18758374988863985,-2.080703934931597,-1.8224658849387416,2.0829704014741477,-1.1966087759655457,0.9298507556943336,-1.8684342859008836,-0.03807161305695134,-1.144190472464829,-1.2077317797250955,1.502838014180584,0.151284491432926,-0.9711522776536025,-1.5287735581715218,-1.3514589999797666,2.6994045436770673,-0.1634795886785152,-0.5712730332179177,-0.3189898460267545,-1.0108228111085245,-0.6137480906993394,-0.8797427255073609,-0.0646680864234912,-1.2124214928018753,-0.260903162584201,1.509289997089195,-1.402465674002307,-0.035544212654135376,-0.6861842386826227,-1.6364715579594,0.17890552297436801,-0.05549131991258957,-0.7844670804769833,-1.820528213844206,0.14234912763804125,-1.5571412926112171,0.5839705042290713,-0.7523429914577628,0.35712588960252,-1.502001337069556,1.4917701054691177,-1.054352573412684,2.374084019921786,-2.5220514285984503,-0.374492808697703,-1.3664197660270272,-1.474479340647081,0.7622300400417874,0.508208968232043,-0.2459316210745921,-0.2626750523405772,-1.163384974983221,-1.036729011371461,-0.9786945373909774,0.09807777475524292,-1.2384087278529545,-1.0900404593367679,-0.5549672169666588,-1.149977640782637,-1.7713120196858245,-2.081524546458361,0.7272566709838014,0.9841972122992537,-0.7320356394628953,-0.2746767225320298,-0.5188627654513182,1.2159646722608595,0.7581858593482134,0.6016640249163959,-1.4435261892059368,0.7850062171786812,-2.207144094004807,1.2193933728327715,-0.42229015560169564,-0.39508684055996823,-0.1652115707015796,-0.25363087650088445,1.9363333535165363,-0.6338905839592551,-1.0207517352837732,-0.6089957308702488,-3.0619486077588602,0.159678782742455,0.010450744561511049,-0.0028992044201494767,-0.40377702878129107,0.7587497324355675,1.0736121945179709,1.7928980753303756,-1.0706677948141368,-0.19101044152554117,-1.4499440939525707,0.7444002187484527,-0.2201370741876865,1.8390941317458256,-0.7882841515748176,-1.5435208126507045,-0.31978403080135676,0.6163870659136933,-2.0305748781881476,-1.1580038727659718,-1.4189612528411524,0.7255860783942673,-0.9703306198005572,0.1722004732366196,0.9840073600509873,2.8804150165266074,1.0722616420647009,2.3968781074287406,0.36575891798009275,1.25870629480566,-1.0632669865468416,1.3169725765699285,0.747628199030723,0.13289186260199828,0.8214495891285523,-0.6128120669393025,-0.3926980805863475,0.6990522833443853,-0.40602882766135423
ee40e1fd06b548dafdbc4d9ef179f00467df8d9dcb7ad8cdfdfb6cd54a4b592d,0,0.6912428058703457,-1.9439997238643445,-1.9970895447296484,0.25815515762980784,-0.9479411410748027,-0.8676422940956081,-1.0418156816236075,0.9148079393383155,-0.7854293375182688,-0.2886843829849438,0.19040357661716964,-0.4465546471749329,-2.0808419388137023,-0.8003199126424074,0.8324777314578687,1.0882255973633177,1.0871148583617003,-0.11988962419164344,0.86085405260877,1.8633375378143697,0.12861281451590875,-0.248945348854321,-2.04496072435118,-0.16429308651249658,0.05366566001914874,0.034452932326053676,-0.8667285890902471,-0.3061540262860436,-0.4305714469138915,-1.3929221096910904,0.8312618909627502,-0.6891638838373699,-0.8360813502995308,0.35876431751312543,1.5766234571888507,-1.0438824168265144,0.5158901583081554,-1.1338620855040147,0.3334665211679898,-0.051885087988486234,0.5444715938030986,-0.42385831770822835,-0.30155419942818706,1.3302623828420692,-1.6507865599037328,0.3525188241450673,-0.1979790077155999,-0.8461935345266588,-0.16621169976019934,0.23080000056659103,-0.23753769330920016,-1.275219566825185,1.1485630737255759,-0.8485285386071293,0.8878236421609403,0.8047540182943703,-0.8030555569596394,-1.297627969259385,-0.17577266343926345,-1.4194583260944205,-2.3643257083295586,1.3542489419471737,-1.6262619546771635,-0.2956199196427643,0.6824607001365699,-1.2389049376041625,-1.541872982539574,-1.1239910191545872,-0.5914821173347103,-0.2515489514937135,0.025894650071229708,0.04199401710005324,0.35618830477835983,2.8530521981248853,0.8625457938117976,0.1818930273297068,0.35177203128710743,-1.3093961658330067,-1.8139359458237183,0.784230926616137,0.20576053330312827,-0.12198864097362017,0.7512861735983887,0.8391576263091776,0.5920465571100911,0.08064625479186965,1.5037532829978597,-0.9621979353022441,0.15951009660565763,0.5477478639387123,-1.5210711581273701,-0.40357748142443034,-1.3736151782831163,-0.27424044343199605,-0.5679178547147444,-0.352527527322988,1.54491442955131,0.4138153930617246,-0.0034659789181885545,0.2761075650930125,0.41314713175256806,0.41022327708316975,-0.5727713815843726,0.06160194065757524,-0.2558567129348202,1.1958546479420238,-1.03517235033405,1.7177829134593328,-1.4868855937799164,1.5848273913795436,-1.0198541601215436,-0.42584969864019184,1.0267814469563623,0.44428761537700356,-0.7723162236907312,-0.25757302424538836,-1.7177340496117606,-0.6709251900865743,-1.1551586565045249,0.420949962755375,1.3229281812224654,-0.6764611969668937,-0.5956095234129325,1.2316005726998176,-0.0013411473475171132,-0.7721322474655652,0.3810732904242384,0.08502692624760147,2.0914293173034357,0.6709601148652261,-0.20931611167551875,-0.4980907868322415,-0.5200095242955208,-1.6442958636865659,0.5914275249229143,-1.2724538333207096,-1.1932771170902479,2.092104180728762,1.7581905601660182,0.8193771858640516,-1.2390604916029615,-0.5264911776891169,0.32277213977005165,4.80487008577961,2.4908058419199026,-1.4049433261371853,-0.22378419726709092,0.972977171953914,-0.7520414910304756,1.01091951592851,-1.9679948356903416,3.0154423638585848,-1.1125995224758605,-1.7628465301629175,0.23935580550644808,-0.17350267493323943,-1.400282908284324,-0.9964539639611439,0.23161760754744715,0.5050132244105865,-0.16256027227928424,-2.631676027276954,1.9852599581454946,2.4380090200091864,0.10679422909485348,1.1079991445078616,-0.7012168915460617,-1.7704045846925247,-0.0037894629891070354,-0.6838733925592735,0.1636326905974037,-2.448304213642096,1.1891190761185648,-0.0019796376171945,0.812230021298747,0.23554556666642565,0.8543786851254371,1.2456447730267015,-0.16875834332851714,-1.3014842486738791,0.36701919197706906,-0.5371845386195448,2.075880540193766,-1.1096129265442214,-0.4986542012392709,-0.3741113999934849,0.2054926016687692,-0.09746535864388355,0.6724368670159332,-0.0017366389463428892,-1.3292704957411454,0.10970973200156574
23f40094c2e2b33b3c5a0c1575a7625686d48d354718838df6d25c2befefb548,0,0.7036489909498729,-1.4021679982155586,1.199398564314424,1.5457414389425557,-0.10763268002942128,0.13682999470708457,0.4012612929931072,-0.24033700914569273,-0.37826651976598,0.03874582715250391,-0.38566028057570734,-1.0379011327820786,0.49548604281306885,0.26103361374742784,-0.24882491780742966,-0.5310314574042707,-0.8596508221269459,-0.7275111564967269,0.7597102213727138,-0.909054367565432,0.04587239931929099,-0.8157454546458636,0.39144419498918637,-0.12441814171610904,-1.2451073684274252,1.8713313672879242,-0.9224921553873084,-1.3010365747257455,1.411275805944539,0.27431132077233455,-0.48577200993698555,-2.186581583962273,0.8946936818623414,0.29946324767555865,-1.4059260330776402,-0.4409440713718813,1.3509548220759842,0.7237021384618282,-1.0137232859021448,-0.06458030499924902,2.016532314721724,-1.9133774204141036,-0.45838478369077296,-1.4061727217117357,0.5294148881533087,-1.2765245094402922,-1.4748318711601396,-0.8545507778040757,1.0098424828775494,-0.20538852478564418,-1.2280938068879081,1.571989052812282,0.14022403352131085,0.34205169897621784,-0.9769389891300083,1.1187257639293469,-0.735392809573127,-0.4557628213880112,0.9394954052257369,-0.49028339955256567,0.7975730985561873,-1.4492053586719447,-1.1686006220190703,-2.0354345492467782,0.21345464876552023,-0.15630200857593446,0.19080624605391638,-3.2453941740155505,-0.04446793908565694,-1.584851889797457,-1.5433854851078361,-2.4038298496708888,-0.8924540541267938,0.6316485626989249,-0.41242747357886855,-0.7525696269586282,-1.844123291178247,-0.7132353361014213,-2.6512240851156057,0.006662173765131896,-1.1753210448251699,1.9958552877096463,-0.26728904667724707,-0.2027114675579601,-2.082717120869181,0.7766508050086354,-1.8712674444542374,-0.017132591540318876,-1.7296388747226161,0.423750877790106,2.6829159144945804,-0.19616312704710925,0.5179334631779346,-0.1348067055527934,0.06970629874010348,-0.16733299696806778,-0.8716089654076946,-1.4232617168610906,-0.2264771486514212,-0.9408471241713985,0.605265882494223,-1.866497505294083,-1.0334559781596506,-0.2146937842628096,-1.5373874778989154,-0.8815233868586783,-0.5611937654493455,-1.3444603659145486,-1.0517928385351594,0.1097990001789531,-1.356657862163165,0.41284477564622124,1.832387536496554,-1.906970379065725,0.6760974138079485,-2.800123833932222,1.413212243540458,1.5928335280908459,0.42228648116571277,-0.1257381444554342,0.31663129862813677,-1.0349659186980338,-3.4311978661309377,-0.14689416609247533,-0.2676465481145953,0.00372280194373472,-0.05076798319364928,-0.3142247892221154,-0.2612830905870968,-0.12284269683159868,1.827010189921792,0.06708959883943608,-1.3071116057858831,2.043185408716802,-1.8228835853716232,0.18693261217778293,1.5411947930587184,0.6761678257755964,-0.4325875564437802,0.22231017206166487,-0.5445794547224174,-1.4247033207206414,1.4569863352447103,0.7744757080396527,-0.7350954484971698,1.4128945999205647,0.4089897398338049,0.9033925649597518,0.6181414670167019,-1.4246719359195836,0.16356607488951153,-1.071047076354537,-0.6052609336449919,1.367526578397091,0.7917790306053805,0.1751109876510264,-0.6016933593353775,0.19788210604588774,1.110822115722575,-0.53437801229177,-0.2035970606022978,0.15837651474918576,0.7185681616431093,0.32699955366534383,-0.5148732251442892,0.12055072745556072,-1.7267517436726032,0.7519457762160913,0.3075718745871082,-0.24344060285277902,0.7986611624112235,0.5781827495222074,0.8097962917844699,-1.1797410207923433,-0.9643609741465021,-0.12913316228042734,-1.538709123459,0.12723234698652885,0.919057680869171,-1.2457422323555656,0.3596749249222986,0.06430262233468376,-1.7826801582605802,-0.3494125911254537,0.517731805800575,-0.12321840873558043,0.6649095835322958,-0.36948315021403066,0.5702794697795184,0.09172907167143181,0.616852324505359,0.5001434273868349
aae8ec7f423ee1840ea1004d2e3f99227684b7f47ef2229d192d7850852aebc4,0,0.3029138111795981,1.7864982520547563,-0.2585557859485934,-0.19068652100622063,0.08713147937023497,0.4013198278671766,1.8346937495548643,0.030916753065184932,-1.362703928691262,0.6896367294074646,0.6135070735893917,1.2478212578905779,0.5459473869894761,-0.316145833468521,0.986098879530407,-0.20168242686632976,0.8070640365326446,-1.0983448121780393,-0.2306731805983786,-0.7166988936530028,0.5844284615943206,1.909625786430706,-0.8628191758827732,1.0887155182016615,-1.6886085108752629,-1.0232002690040611,0.5041345290121634,1.105832672619295,-0.08560157836145037,-0.05963244216013319,0.4029975776224737,0.9465526538538387,-0.30029772749656874,-0.4926482566310697,-0.6786967777872068,-0.25513358726122165,0.48266125853025077,-0.8528290421502054,0.24839672397825535,-0.6586322266132489,0.14673929838587665,-0.2920499562671744,0.495360790908888,-1.3332083829032015,1.1151100118006039,-0.6076222907524168,-0.42819220208526393,-0.7180083534154721,-0.7630552165526694,-0.31545994483111867,0.6342453845028366,1.6770820199826861,0.10174174136115449,-0.9897129065298337,-1.634164223931548,1.1201607950851296,-0.4063058250510556,-0.5205614887248334,1.2963486536668292,-0.6421847371189141,1.2832131702073268,-0.02083575192550524,-0.5614321920956349,-1.6376955729914728,-1.4140704912645803,-2.345501380008646,0.10015210460697621,1.0244395570552087,-1.3892210610390512,0.669961785845258,-1.3700890762904248,0.7914710836828013,0.3369939839135337,0.3706656630116858,-2.930827228569692,-0.7646762733306365,-3.1535788816653585,-0.016644057876989637,-0.20411550665085906,1.2944444646843511,1.1945774733729846,-1.5920525191604795,-0.7899066502282063,-2.0594062410519203,-1.138739939071227,0.45840486318042417,-1.4921835807252253,-0.1271091433429722,0.21732336823662085,-0.8596937124219497,-1.1818431925197213,-0.2683590270886471,-0.32621294640391685,0.39203523474411683,2.88716691430519,-0.30911926652702376,-0.3360381093295073,0.07789899217274393,0.2798744731056614,-0.35907046468087755,-2.3238325641227173,-2.2887203600154367,-1.2791481744491477,0.12340851498569472,-1.173035172522419,-0.485575630783709,-0.3393591645409778,0.3658310936599569,-0.7306685172817671,1.0279319403536664,-0.08488231132058577,0.15212029340140787,0.34361642764702516,0.9988003568630045,-1.1490200107319144,-0.35626871025774476,-0.2514623766161057,0.38645721196569727,0.12557016266236265,-0.37549447785737283,-0.3455673726522311,-0.2050686448442567,-2.624707243074897,-1.2543980327808535,0.8337160665691896,-0.36321182477873054,1.8561891459385473,0.7154106136766593,-1.2508507358650067,0.9304739081456883,1.441682049150616,-0.3084481910932176,-0.3791236870140819,0.8751691158618875,0.27966839910003716,-0.46899064388090533,2.0686098602411955,-0.28047045644920476,1.1303634298195662,-2.641442029274165,-2.900057419696637,0.7023873155304862,-0.4557509377834188,-0.0277300091249036,0.06782659275378831,0.9561804225577528,-0.5557589360005968,-0.24062199053506078,0.13272455041026907,-1.1257467016295952,-0.051445688125624785,-0.2554106722645107,-2.543898661001178,0.39250932975736724,-1.3307728970317816,1.189246693615752,-0.758229378754339,-1.2151572278215836,-1.0314911323176836,-0.251618397689416,0.4861666727848811,1.8143714255147483,-0.18947835489273582,0.4441676239085449,-0.44327768058547895,-1.73052718439504,2.309410167161697,-0.0011623297553925002,1.0622500837185669,-0.5935762936957227,-0.5186756415319993,-0.14465297475026775,-0.5688056646037234,0.4157106147567394,-0.3147733167564307,1.360733301297757,0.001973784120988381,0.982909646324569,0.20151257438033038,-1.326454972747267,-0.4324220477561552,-0.22876072566289837,-1.5702106476267976,0.4753874120909998,-0.03290922500427014,3.00081188063718,0.2269498351792174,0.8243821010027564,0.34542694594175216,-1.134392377361545,-0.6311369669744933,0.45366213956304646
7e61cafa3638afa20296a06ffbaf54c587671e5ee26dbc9554bd696fbe82c5c8,0,-0.45419362745162417,0.1776125951664304,-1.050636025670478,0.3870188090545188,-0.598593131661417,1.1892385491057356,-0.39277658072312926,-3.556726501358443,-2.27135621451931,0.12280255627679093,-1.5005234431064776,0.06462063404220697,0.5117200903779205,1.537860180337907,-1.5036340661041572,-0.14182715430965376,0.9786561123016735,-1.3260413342695825,1.0111575824429708,-0.4376880736736076,-1.355675552524413,-1.3611734235123831,-0.8063434770919521,-1.615448996404893,-0.5300227896846166,-0.829540357561813,-0.9102923698703619,0.5139743412148947,0.2396099759856521,-1.2671515607664094,-1.3039245268149853,-1.4470846313223538,-0.7090580153977344,0.648799640336472,0.6090240660075548,1.2876662058865105,-4.414979002860797,-0.540714515294402,-0.9202455690326203,-0.9651138159672976,-1.244990239585144,-0.33849017087776384,-1.9204362723330468,1.346792477126078,0.11070307668413029,-0.12938485155172474,-0.5507327836176836,-0.10392068658857045,-2.4615155290053305,0.39745082895431916,-1.4461649504796206,0.23306285134275,-0.6053396895828225,-3.197283373056722,-0.12248958934362075,-1.720779238074635,0.4676062484514716,-2.687207090115473,-1.6126566948699685,0.6426301389399376,0.36409869212983814,-2.2274764632064197,-1.7056892651427522,-1.7419489366132193,-1.3101658122953115,-0.5088075771470688,0.4020958518575915,-2.041631751073257,-1.4211897968090779,1.1138074905857815,1.0727461400337377,0.23315381803483115,1.0350818590803197,0.042937894083562744,-1.6728257700658182,0.2299721797934623,-2.6186756532120614,0.3839242658673224,-1.4157756708233302,-1.7673491499801361,-2.158928119342036,-1.0239413032847662,-0.5417460187128988,0.0969993260345483,-1.2847226821103048,-0.740143745388538,-0.6211549545657485,-0.7585653220543387,1.686115987053886,-0.2705511754950486,-1.5841113856516507,0.9142497792139478,-1.0393341816124528,-0.4831752182081467,1.1917069486234564,-1.215867148367397,-0.820026962966558,-1.217260904018698,-0.1045118250593067,-0.7137001954692401,-0.14666836750888373,0.959662870017833,-1.130014603723,0.23359257668948175,0.9750754211116165,0.8331018849607721,0.7152685654768483,-1.0875899405470457,-0.9337992600615944,0.013021880795602347,1.0779591734381007,0.6207444242718838,0.6112481210755871,1.4508673724353673,-1.741224621337655,-2.1502746276877738,0.7209512622200777,0.3216855480211955,-0.06982332398505572,0.5401071709753951,-1.5149613603981804,-3.337801758284076,-0.4157815120806322,-0.3459029944087949,-0.34243750943563056,1.2719915461039237,-1.4960433374198991,-0.2924335391305887,-0.29732821637256435,-1.709829113264985,-0.3088541325430688,1.4840515697520142,1.5736013864301515,2.181763853465979,0.11379709493552279,1.5057235718442534,0.4897776785477323,1.0423260334638151,-1.0321458591292572,0.15105329697949296,0.8452712054107089,0.6609165683862986,0.8930802870844972,0.569744061626587,1.1515712607965038,-0.1064700466408046,0.1671903938422166,-0.8290299371534535,-0.06940957751577662,-1.152675654465003,-1.3710104570868227,-0.05822894168644268,-1.7120266584656818,1.212254310446692,-1.347666722399647,-0.06304090357820001,0.4093885965085631,0.8151026530682871,2.7540205681581273,-1.086661468356182,2.5970200950572018,-0.08869222437780222,-0.045005043176996336,-1.8366164770336315,-0.7057386540456148,0.3757702728112972,0.5751426273406818,1.2643521060341105,1.5290873795303814,0.5742811225616486,0.34809475141411783,-0.17663877778464193,-0.3640704753315886,-0.7447310827762286,-2.6207513595198124,-0.6724820887257825,-2.4785475709415867,0.48910284541557525,-1.0154848304410837,1.771064833301931,0.12066243604509289,-0.5012707886210408,1.4723576897229902,1.2584927344018046,-0.12436680298867055,-0.21265238062343325,0.7188197714205915,0.9199100352398482,0.39398359765669183,1.071535256497437,-0.6992633288824049,-0.051933760807599864
a0563ff3c33bc6051f18d27657ca69115781afe8a1ecb4fdaeb702e61fd9c1d1,0,0.6343062146662677,-1.4848920204172624,-1.206494179571594,-0.490629416658932,-0.9222820510725551,0.7257432402400381,-0.281419116654567,-0.5427693703436762,-0.2758589508596238,-0.19541057570182474,-1.4014907320967602,-1.0239396789729107,-0.34880383993172687,0.9036050398852257,0.5381153973776549,0.1208220366671092,-0.8542628889292673,-0.8749291392848398,-0.12561483593313166,1.3065198793506074,-0.9691713978217977,-2.1000429567878607,-1.1613424059329576,-0.12139495544115508,0.42987245086946185,1.7444115886788325,1.2448967972084033,-1.636303744701423,0.43301652709026756,-0.8408541795178417,0.06799860422112913,-1.698336404126787,-1.310533452588678,-1.6633282801941944,-1.5873107073010613,-0.9039693839426546,-0.03809523142644078,1.7901528173288948,0.7544357943419084,-0.9026888962246444,-2.642926696515457,1.0373718915231336,0.2101115938091132,0.01634002034078319,-1.2313499489134114,-0.7285703470204979,-0.8508114135225768,-1.0079377187991345,0.5865467964377502,0.09162937321553533,1.4512335743497016,-0.4788559466586836,-0.900417990193631,-1.7880678757393937,0.5153610361088691,0.2890820914115342,-1.658930144158337,-0.055349208877634726,-0.8024175500465561,1.4562698252001112,-1.6677637044931712,-0.03638199020694177,-0.4800692779532477,-0.2813115035692486,-0.820030837397734,-0.5252729673859206,-0.6158830597196692,0.20437457963055136,0.6895763724884163,-0.19096805341359468,0.24759520623271308,-2.034251489494757,0.7440722722389224,-2.2824685475033744,0.04812062075950685,-0.6910845900597039,-0.30402503356426247,0.5113685895924762,0.08477735487347204,0.26882989057395046,-0.2658870365025203,-1.2822182083769498,-1.5322759337779375,0.10095924151254755,-2.122894490151885,0.6060396335026716,1.0059292497545433,0.07688823825435574,-3.0821474598256113,1.8645290393359293,-1.1683561653903731,-0.8374168437976025,0.6238619117141441,0.2640250530006274,-0.9737020580314455,-1.3172168573192724,-0.47909262685534,-0.6971290928616249,0.47846421307957676,-1.6635897129152655,-0.2177340895017903,0.1861973596842085,1.3253368782332682,-0.08153975552543993,-1.7904519684010398,-1.5024722004435445,-0.19123108352649026,-1.0947509003670575,0.002825335770694104,-0.24610738124780107,0.18644678341347415,0.44867747219743126,1.2035804588335468,1.5255960824806527,-1.681134117329314,-1.5468606703051513,0.4405705777091713,-0.6987476979794828,1.520747906177864,-0.1993255343706508,0.5524252077760721,-0.6366920116912806,-1.9343345565349386,0.12570207765290575,-0.2651077458688018,1.360250891671398,-1.9727377477038046,0.631585272413116,1.6589558726969782,0.16967184061593305,-0.4291036303179486,0.5144797823973131,-1.060731936233813,-0.5920452947793259,0.13206819238258338,-0.21825043647146963,-1.4043886437215862,1.652287626486391,0.816110292697791,0.7848647754300805,0.3282228469013093,-0.21316672506668533,-0.28975713086868476,-1.2803069919159733,-0.9680868531838243,1.1964903898947938,-0.3451049704623636,0.9396135295529011,0.3249915332474333,-0.17983651674770879,1.3915484735787333,0.20286885642022603,-2.2382856208551725,0.2964809926972504,2.2939636863634907,-1.572564349294484,0.2942982572457927,1.6916363229690847,0.8357812520916714,0.9255793492876132,-0.41519629357457155,1.2632556917919737,0.3399967713798661,0.7500663502037865,-0.07548328862907101,-1.1596706470177471,0.21364375288218362,1.7012444775529443,-0.15129214491049336,0.46839936157275547,-1.5313311097760367,0.6228494680446043,1.0883914604422542,-2.0633261567121286,0.20054575240508316,0.27550015968378483,0.6909778064243786,0.2759220172500414,-0.4460171948851405,0.5517842027374364,1.1819874781543462,0.9614117948535054,0.9372177926804529,-0.5766360585987259,0.855925745595334,-1.8037766555406964,0.207236335660062,2.2426413361648243,0.1160843285391936,0.982017448696967,-0.047629593745329456,1.36480919541967
61ece4cd8b6fa71796df1fbd88edb0b8c387033d3b128c52d0e6c741816f96df,0,-0.05524324366985284,-2.3711004768697785,-1.0806266632419264,-1.986431708981791,-0.20504078906235187,1.9253047417241431,-0.03497620720583616,-0.43666157952563994,0.7541871085128298,-0.15167935121434528,-0.5406333950793344,-1.5601866167386493,-1.4592200884897673,-2.2936097960161543,-1.0932775815523224,-0.5103836713918971,-1.0920989252538382,0.9484808442944941,1.0887397294340637,-0.377768641154135,-0.07394258135407467,-2.308369124729281,0.18930677671293344,-0.31867668844741287,2.1379909866550175,-0.4798240397040833,-0.10729411386117949,-1.2460922370878609,-0.7935164207835803,-0.5394649981028613,-0.9919467378220748,-1.5404517794144996,0.7477279871822993,-1.1093970088553138,-0.8951995097524814,-1.3961153832063962,3.7696109992192777,-1.15971472017369,-1.4148954877183928,-1.440829120378259,-0.5132967460239883,0.5168420752093523,-1.5669218088761412,0.7863540650921538,1.7562345508317099,-0.014856958744884678,-1.7248390940404095,0.7206688541684096,-2.24383383304313,-0.8322957535285742,0.8620523133134859,-0.8116773275701183,-1.960243228661859,-0.19472931501168256,-2.7008533327872533,-1.661558845822523,1.0933649278723716,-0.7644027106761035,1.1468264450203343,0.06520040370811382,-1.1467028711163103,-1.0145108006538863,-0.4525184983227048,0.5861096989644751,-0.18459531232037774,0.6959905744639228,-0.8219254517485709,0.19810244093577523,-0.27369914778297705,-2.6018660091552617,-0.7549208855564679,-0.27693101905040424,1.5458697141600748,-0.03993803127807513,-0.09111809347636657,-0.10861517859240488,-0.031001722362048748,-0.6316460318920444,0.2426044746167605,1.4567374304458665,-0.9675958555480665,1.8110594544235208,0.11942018908292712,0.7650785573303378,-1.4243942282920024,-0.8442159120642164,-1.153047017475129,-1.6478280245956598,-0.12772665940342642,-0.7989343812339965,0.17370876447615813,0.08945427574432419,0.005483459073438765,-0.0361587534218705,-0.019182166249028354,-0.1437939247816602,0.33289259554057943,0.38685556893561135,1.1706491589258845,-1.399733086778714,0.42688113463177113,-0.9468768536676665,-1.2008596011891086,-0.29340488654737246,-1.2472674830649253,-1.610131749499111,0.6627531498099601,0.8647141167791522,0.004259714741755627,0.1593519569035926,-1.2375666589132754,0.9561267306143613,0.37224374813455685,1.2979665413165815,0.7026173824146775,-1.5831485584823963,1.230030203851726,-1.448893496642475,0.9932919148526558,0.5133836063331374,0.4135051959544258,-1.0712245665226663,0.7469055306835093,0.02842982514411524,-3.084785653342575,0.8103922321601024,-0.015666460043293362,0.5675697482228218,0.3693773703469476,-2.0224542282181717,-1.1103925697971564,0.6070917275158755,-0.006513556730766792,0.23769558288540948,-1.0723631324781118,0.42320043445284117,-0.4980879359714644,-0.24014483944792409,-0.7171339855941459,-0.6254149566559283,-1.2250181085151568,0.5143106149176536,-0.6024111600997959,2.2533249309987,1.5841701759578208,0.43725823644742073,0.44669219892072154,-2.731917231488021,-0.4367860186392617,-0.8656819746013943,1.0767499629212045,0.5452182368272653,0.9310768566358031,1.2507576536181921,-0.05406999023875825,-0.21935252878739775,0.5722999531138049,0.39001953474048356,-1.5731335038419438,-1.1074636196288679,2.4478471283927603,0.21389120122726557,0.11941914161643906,2.0102480011828177,0.05578745886723353,0.6286781382940447,-0.4119978077188578,-0.7461331437002989,-0.9857056508036142,-0.21486768933628314,-1.755153674029335,0.3578785504591957,0.33469650947448915,2.9933534098478414,1.2280231663991863,0.5083933748998043,0.18341810971118833,0.532676852458849,0.5757196125710269,-0.7863487707892655,1.9684378759463073,-0.23936374645734912,-0.031956954163266764,-0.2816532861881362,1.0792881910768863,-0.823772913020533,0.5644892783881146,2.1188397396067056,-0.3935843077849804,0.6010903376917135,0.3970254993725366,-0.20411544548391894
3df5300b75052580a0245bad9feccf60f391f3a690cce86b73b3c9da0f0f0856,0,0.34288096717703764,0.12174359126779788,-2.2928807908561164,0.3951828054647649,1.9656611378605213,-0.6278536687894727,-2.2510148356831596,1.8522242643264843,0.6462885991304983,0.5381912735966687,-1.194287335124948,-1.0899287097806714,1.2263945171118333,0.4508263665833787,-0.48663064358890623,-1.276121753927268,-1.1696294194271022,-1.1580635845418665,0.2038280368133361,0.570276953227387,-1.1923812403239025,1.1789886657421615,-0.6467697792922487,-1.2609768018141576,-1.0535220055922678,-0.1386746972505244,-0.33903826977868967,2.0890499854239932,0.5641610578985342,-0.01942375487753445,-0.42941638528303416,-1.3231010125392375,-0.5403238753490758,1.0975865905602888,-0.3719554848165004,-2.8264706825350165,-0.7750567129323149,-0.814968301962558,1.0700396043952258,-1.1347770960019172,0.8782463585372038,-0.3360466979941767,-1.2600079144105196,0.1944348163630789,-1.2901343630051052,-2.10760730637222,0.34457691855910366,0.10484321867911944,-1.2552832831839047,1.2645067919680397,0.17849219751872686,-0.1787689165420947,0.9844543827477172,-0.9119564915195706,-0.7568128177724587,-0.5170645838343831,-1.2774914829234087,0.66747486189857,-0.08439695937080163,0.11420619393848762,-0.02261966921234787,-1.1801401790978208,-0.42558741769963837,-0.3320615391043498,0.30010786476270296,-0.20006606070819116,-1.5882220969748435,1.516966872450223,0.650831127262791,-0.35889941193735075,1.073790266920298,0.4891692580076722,0.08083494001796299,0.807267637680021,-0.8615825795568457,-0.9666367825022407,0.5977348239335254,-1.516850046757773,-0.22878988368212208,0.3880191830539866,-0.20371854438103634,0.2764698137773039,-2.2005623119342257,1.0970385238775477,-1.2947738685570078,-0.5430430136346757,-1.0125069186635796,-0.046999240375439275,0.10960622098356232,1.3668423866041879,-0.2780713628477133,0.04746877732456023,-0.7633718515411014,0.9403475929519909,0.40182297264387523,0.37904729657102854,-2.2738039132675056,0.9182370655862837,-1.9774042423061948,0.8205785058227264,-2.08160208195213,-0.25736176315579135,0.9944049396339942,-0.8444914221594377,1.5876973585918854,-1.455227211028829,2.1975898222700008,-1.0983601790744209,0.5689037794114344,2.0538622331407796,1.1410648718544547,0.686106780137557,-1.1526520996266225,0.31882385805107744,0.7766679610978913,2.1979540595198443,-1.2584222066112085,0.46523483610640093,-1.9784019749330546,-1.029226152442284,-0.17163433133009728,-1.2988707683152463,-0.2895671486783864,1.0382300565842937,0.8689279815657945,0.7430118787692638,0.9523961812504704,0.3611300543538245,-0.12499327320531753,0.5836628129291179,-0.9857469286559009,-0.48671352535008494,0.2912460323658102,-0.058702887746487964,0.48045752831318495,0.7948557283119116,-0.9088298994153969,0.1494795770419967,2.574641955496557,0.8637796632872702,-1.887232894554777,-1.086309573504928,0.8367388623149896,-0.5776546829151097,1.5447885846166391,2.0974967054898443,-1.2280963392659865,1.2938159934157536,-0.14356712873264432,0.01649163296529909,-0.36244109519822126,0.9878655418851673,-0.543321024417711,0.5570721093835814,-0.9548101776364896,-0.054265542700920044,-0.027489224960043645,-1.3888215152356416,0.2668801167127824,0.2151882944273563,-1.0339518142113107,1.3059214853305552,0.05890664464056649,0.654246272875958,-0.20846835651627083,0.009272303945646328,-0.07302377912419723,0.4193801950350342,-0.7735952557138158,1.7460425880085986,0.2583783114560436,1.5936962550541933,1.7847914793893462,-0.0699374324445761,2.1291421282282728,0.7917249255063747,-1.9658233611434424,-0.41585756943923274,-0.9447187821247041,1.0886784826453362,-0.8910414936166984,0.20027566219198767,-0.2593095156350483,1.4644506406305944,2.655374751001653,1.8099653791451276,0.13643490706974312,-1.212209367166953,0.4038123052249866,0.6472926032125759,1.8042900256670602,-0.7755686931987115
1fbd5a76d81ac4918292b3fd6deef220a9d250fd235509de33c4d0f6e545c50b,0,0.10300227669311979,-0.2607561697115896,-2.3242220488568255,-0.4868492131583719,-1.2927678374430673,-0.2605092818336475,-0.9484579701494618,-2.859512356964843,-0.45328040948085196,-0.5986518313213107,0.5191372441404067,-3.315405958142403,-1.1878756167149624,0.4374496977935645,-1.0820915108488731,-0.9418288475789252,-2.198349864115014,-1.0027994430461789,-1.2320023363536774,-2.3452667485281653,-0.18995501108853752,0.6681893593890839,-0.651051982271251,0.24749381500680573,-1.8132008944474727,-0.9146375596934279,1.3789965040568304,-0.8659692559866582,0.40068396691988406,-2.8718620008221585,-0.4846335370293141,-0.10540034283193567,0.2398982070131903,-0.5447225229631507,-1.3678369773928174,-1.9754663161938306,0.1026285080268805,-0.3644983158416908,-0.42875676438409477,-2.499042078114586,0.2005383066732308,1.6204993951427966,-0.538999570251755,-0.25678758114707184,-0.9931102095765045,-0.7349544526847784,-0.10137606668660037,0.3367574025861927,0.6513240737599244,-0.8471191156836948,-0.4933686476865261,-1.149003150516184,0.29806331424224586,-1.1096142133018412,1.917471033657333,-0.9259391134071373,-0.864562438085197,-0.15825668349489708,-2.3408129634164663,-0.42021784362277126,0.24591849053660164,0.13812832520132606,-0.3971679988312843,-0.06428314963271964,-0.625271751464,0.14384313067222987,0.4940323742800821,0.8554136646229569,-0.6054062373777702,-1.9634250660622259,0.7150499769505032,-0.39220685330133265,1.8287647749372198,0.9289612995489618,-0.6501476483276315,-1.4405000711037454,-0.9612107307968416,0.21392851572208144,0.357308522556644,-0.5311111586362153,0.5956001432407358,0.38368219509340107,0.6072564422968298,0.9250423250284097,-1.6804844031362438,-0.4311737963256398,1.2071649052063025,-0.6544054375099927,-0.0121205829671035,0.07408068480196617,-2.223745593527787,-0.6094653596843049,1.9465623217265766,0.44033407640480815,-0.47097412351605394,-0.3879774688345549,-0.8629936306884926,0.6678537108115187,-2.7958179421154696,0.25011073523795946,1.7855313957650916,2.008838322038033,-1.6719865567165761,0.9188250827171875,2.311133561278993,-0.12364867293765403,-0.12191844236285088,0.24287562208238073,-1.286445100587088,0.47147243497911673,-0.2618073045587299,-2.1427333418837184,-2.2570644840537564,1.0865466465095217,0.3984146898118832,-1.1246935277642436,-0.8623600239647088,1.4763180699679064,-0.7932756468133149,-0.4506336137939934,0.07394417535782766,-0.9897318235947459,-0.7971782919439758,-0.9667272429211919,-1.3075788936526358,-1.6644716032888651,0.23585440011330192,-1.1460150516633154,-1.1681494830157122,-1.2468315637486098,-2.6718744264419887,-0.2844798014954849,0.8736868146607915,-0.20940891832307473,1.5760843031668121,-0.11599903171992791,-0.7900205668548208,0.21102311946571814,1.345249215708222,2.3542585438848205,-0.5521930466393093,-2.75981506553177,-0.23792105624016716,1.0583900290935757,2.1711810872679935,0.3223044995915466,-0.6021003377106547,0.7444828886622591,-0.2113251849561188,-1.7087451427885134,-0.9425672093395683,-1.173750712587043,-0.025937436583544606,-0.35415242264757246,-0.6476975690560959,0.16576051552460433,-1.5013004655638034,0.2308356991086322,0.6680740600385895,0.21334716038313048,1.2726598075877664,0.7667252882561316,-0.752145586468577,-1.2593346632545248,-0.3353384838801351,0.16721055638563803,-0.6223901926621634,0.2069602884620674,-0.8343957060209486,-2.144311627737945,0.21587765946105333,1.5400818029614418,1.4405328049484463,3.1827710869326142,0.9128922010824654,0.7361054235846289,0.588329055299332,0.6815307273070886,-0.4163443909266792,-0.8297137479306834,-1.0438352355803426,1.621482225719845,-2.6045534106656425,-0.41899101245396925,-2.0617365571524147,-0.5424712302456379,-0.17197732052801332,-1.2868138890560368,-0.016645097723967155,0.8371069318769904,2.117871668562717,1.4159249631286286
1af250fb6ef61ec187c39547227c6ddb80216ecadb39c69ff9a23662c8f8b9be,0,0.7365975986666342,0.5208123710053958,-1.039708041390682,-1.0641425270905278,0.9027833644239999,1.0026946195437119,-1.2257535908202437,-0.5799870900552699,-0.9635293398468936,-0.5910835872560711,0.15396114949937317,-1.1313027774927065,-0.10225190720006883,-0.14680790781502673,-0.657064368741225,-0.18576627361992482,-0.3640714256535086,0.2055933100480898,0.6610300935022491,-0.7815490709175004,0.6519775074222602,0.08678086290252884,1.2243559757108757,-1.3428280652360924,-0.6940901702996658,0.9998405838169364,-0.45431776120300216,0.2814005457939326,-0.7845981103049312,-0.35237625364985636,0.8495320649875668,-0.34785289863637164,-0.7579795447225712,-0.8881652832109438,-1.636307059066525,-0.16490038157597653,0.4907548970453358,-1.014208841695784,0.2536258332687926,0.11613900565032775,-0.3084065293024256,-1.5105288676056117,-2.277237106104815,-0.1124230612430489,-2.400587410104199,0.7459894648816785,-1.5517841473665372,1.6011387264554737,-0.8586638838393155,-2.6679906843474055,-0.41140817703841226,-0.4483547396011688,-2.0589198957613317,-0.15531691195871805,-0.5442022232187891,-0.9583053430265652,-0.42051641454268246,-1.1315212419395029,0.3266436892989275,0.4542844426150672,0.30896775596078474,-0.5930023230309821,0.3573365418961248,1.825957643211524,-1.1963860132784983,-0.6252253622507187,-0.09726030787913785,-1.0592598055140274,1.5027131803593483,-0.6631592430210842,0.6940386331007308,0.9233215583074166,-1.940280581373909,-1.9946173875208166,-0.09051648756627168,-0.3685927621697395,0.22370509011220086,0.25716828072668124,2.270361102864525,-0.2615066590259347,-2.395003344712281,-1.1030565202688687,-0.23554914620075817,-0.24772674128829197,0.10212617218587117,-1.0308856804197264,-0.9823313782218632,0.7526897512509529,-0.4528558477108259,2.137853199171236,-0.395310875487185,-0.6162636985332499,-0.27878318777805233,1.3582647676059256,0.7241007302871579,2.073728423051124,-1.6201549246852003,1.4272008874540707,1.2362325382657573,1.1067596190887108,-0.2730450968040896,-1.9720265167927564,1.4904025576669493,1.3709644299049792,-0.863511887194087,0.5198800684668337,0.17402410806153423,-0.7963856688772847,0.9781324743284987,1.2058836983354315,-0.6966495338333749,-0.02855060753029659,0.5501891074025178,-0.6920820313055623,-2.1610798695073257,-0.6289917373270418,-1.410513646652274,-1.0389385079496911,-1.1430864016702276,-1.477518112110818,-0.29560513959557105,0.11937302498062793,0.61600444774804,-0.4776831279080086,-0.1360787332861787,-0.595757579874201,0.3559537323649391,-1.0584246066889773,0.48305522147263313,-0.2444792012591284,1.2530406066545614,-1.6424292445136963,1.3021572647727426,-1.9621647104700066,0.5411810995713292,1.802742850426475,1.992035940713863,0.017406869207056638,2.4947903894991352,-1.8945964801881774,0.2638356002678892,1.224922263622161,0.2993740770267378,-2.3200076410816446,2.630899337345682,-1.604891598563356,-1.0156728352943314,-0.3500921938104343,-1.1631941626707616,-0.8520576502061986,0.7542030921961194,0.019048227882856837,1.1087836178135786,-1.0176892897543577,0.11393261176770637,0.6749137893721906,-0.6218887152879355,0.25339212143688117,2.3178803817556246,-0.5300320926082895,-0.7082967400674125,2.01028083995673,-0.3240215557767053,-0.9077241666507007,0.21630113964592038,-0.8625825344917305,-1.2049503128068724,0.025906013171324904,-1.1117801616201277,0.27914648597025843,-2.0568514900094605,-0.4516164763870962,0.6219729844423535,-1.4365353093408078,1.5816101037137165,0.4009970976120258,0.2563690503673807,-2.3684813064057004,-1.213243724164364,2.3137450080747044,-1.2940442866396114,2.8124657104165096,-1.7897537779791568,-0.3121049350427972,0.6358270856473388,-0.4212990897627319,2.09263697812994,-1.529053006749085,-2.6344078899099275,-1.4003548570262967,-0.2794975774349353,-0.9306076294988167
4f993b8ec873f7e2c0e4e77516786c2974fd2a589579d089070c3cde3516c48d,0,0.668974290244142,1.687729674324085,0.45461928590373424,0.3551738643920796,-2.16205215147273,-0.2439122181055554,0.44584033470976914,0.47342022045663956,-1.3234395085948365,0.21933198368351223,1.2262017096265454,-1.8151870301058635,1.2193931478181588,1.8137746781206174,-0.3008366745993203,-0.8087271867399163,-0.6054548472865533,-1.2986354046982158,-0.003030860950724329,-1.5670261178748315,-0.9286260463794712,1.2573995112425227,-0.36441324080013476,1.083747128154158,-0.6572975150272214,-0.8016833277598867,0.2748683125479796,1.4927151383248711,-0.9559216311147977,0.04934161352408062,-1.700077755081499,-1.9813681645705963,-0.6325082861250497,-0.49448415308381666,-2.0102558141145774,1.0000925630428883,0.33396570639430256,-0.1096736537821964,-0.7604744067418556,-1.8777809211430176,1.1995292241632391,1.3382713319134467,-0.8899642188691606,-0.8185784760475208,-1.2553603109136164,-0.6530280169394566,0.637961466144734,0.058565698828162316,1.1962862462126158,-2.262844687557026,1.157263477600554,-0.9557749563472375,-0.9838247889387248,-0.23875476570208454,-0.021514071258454795,-0.413847028328579,1.4712123220205635,1.6453559709728778,1.5582107053212098,1.8410673827003894,-1.3233196221402594,1.0967984863638198,1.817694210620715,1.115252178827915,-0.9483109371948167,0.871965430876407,-1.6550988335327286,0.14716119221608237,0.04004198327404404,0.4059766069763507,-2.0702273333798527,-0.45012918889720654,0.9405253693860982,1.2584667955369389,-1.540877275576526,1.3190767348942927,-0.9858561452862358,1.383638198994736,-0.4845308166837069,0.1650028811667637,-0.3501033382981824,0.3895856154691004,0.8882093677826588,-0.2137667361673628,0.3215243596366957,-1.7006484369560988,-0.23781209553046648,0.01438921319753994,0.21173213419843095,-0.8527703500304098,0.209410170319201,1.5255593434558148,-0.5883041257655762,2.739112947094137,-0.1579349188203808,1.0704895290091456,1.014473663597497,0.13640436385910804,0.2139230204649888,0.12530692474061766,-1.1367354145605983,0.312767995638154,-0.07226024308293602,-0.6587831164374409,1.1463441502579088,-0.2939169963717684,-0.7761301704982987,0.7224743728642647,0.7906374004779225,-0.13724805385021013,1.1524585033905965,-2.0285670895225842,2.2665968327096593,-1.279272317440471,0.7262793298526252,0.09094952673249984,0.13272533683322668,0.989646316890129,1.6690120779812478,-0.015760782307888698,-1.373154746525301,0.8978481151709145,0.16376256548887524,-0.7222640396032027,-1.6042043739455942,1.4436145085157877,1.3068404891865142,1.4328563712592246,-0.42003878396849753,-1.3585340804410593,-2.471792154606149,0.2568202873116642,-1.1197594143752914,0.45003022773766627,-1.8698971294893387,1.103127657733966,0.6088523715648692,-0.426232318477955,-2.2497001294574064,1.8861952672893516,0.07079266841253952,0.47780528668093536,0.7809590392136098,-1.1325848390575368,0.05078872012347438,-0.1835079771984559,1.303499077384144,1.2996354966965766,-0.49182519542234115,0.21796865202649532,-0.02536133852056652,1.9240961288001885,-1.776018103894411,0.09302711639137728,-1.7288099964982124,-2.739958463931993,-1.0119094145588114,1.3039650979019874,-0.859322233586801,-0.15741239322723458,1.6813388160810703,-0.27119102839162373,-1.0141498621386502,-0.44360736682252366,0.4351466803953872,-0.125169544741925,0.6982285237412593,0.3018038214566957,1.980829102588068,-0.2456081100324028,1.169985050031551,0.5518221145670585,1.6407928112596633,0.0847629733588199,0.5614100916484105,-1.3516830160762143,-0.5643177230376798,-0.6000687356118309,-0.1890774344548796,2.7566674842467687,-1.0786038057183727,-0.6127749515414831,-1.2399025923483895,1.0028865044411859,-1.8171871536739672,0.9916741442545274,-1.3379559453938679,-0.5033864718238753,0.6907402547160097,-0.0240308136081126,0.17201544476393113,-1.2297209377856988
372ef33c72a18185128c4599073ecf5d56883ccc060c6c49a1c316b4574966d3,0,-0.2602668333498509,-2.425865922492493,1.1403878270053753,2.207142472350997,-1.2807557859327914,1.1580149924500762,0.5200396305946482,2.4247394001288503,0.12994186223054305,1.9009454202983909,-0.18037610661980902,-2.711877143191167,0.24735481855003383,0.2080918399889514,-1.0282832361630074,-0.09720435864425492,-1.2524760553376317,-0.5205961935110391,-0.548097647145857,-0.7813214553043026,-0.43854529884564886,-0.5899519198335679,-0.12034661656802326,0.5195942519122911,-0.17177311267497575,0.3686805670515574,-0.018822913825650336,-0.2776893429221494,1.487804459983836,0.813733989618621,-0.2977887323319214,1.2058618035252338,-0.3341104279752194,-0.31200698898517387,-1.290525139424847,-0.6300389591678772,0.31784813104884574,0.7842606528810585,-0.40662647771355936,-0.2344605392596813,-0.7024271293065207,0.8449844669629538,-0.6690217936692182,-2.3708552966392804,-0.886384344537588,-1.3015562088753307,1.1017117660097764,1.3096469557547081,-1.6000037799270361,-0.8397421409876031,-0.22638760872969776,0.3873548593885549,1.1075914584565074,-0.5257166135648489,1.638385685323115,0.3985484785556768,0.1875688152041354,-0.16093919957984038,-0.7122428753426594,-0.4692415609940457,-0.7344694162948824,1.0735641112090397,-0.0616220419096124,0.3382759222117683,1.2653699422098745,-1.3620662583228207,-0.44264656135042574,-0.3918132373824696,-0.7483904537961577,-0.3279299426133758,0.5867798998317015,0.5326761787287879,-0.548968804712531,-0.016451516187789117,2.7932282421276224,-1.6656395483442576,-0.10265003284445118,1.426609387202062,1.420386448611218,-1.0096598622300306,1.2760022070390447,0.5435199537367128,1.5755818987534753,0.14168188003106857,0.3857325092879428,0.3726732976584456,-0.32936510615342957,1.2698701015672484,0.37301075780589243,-1.645082031630299,-1.3458105118509436,0.6328140378293525,-0.40054407825793104,-0.08440368927391065,-1.8070658201121659,-1.0100512520960288,0.8597161995895051,0.9607790092136594,0.4876273457210538,-1.4249920326718708,2.053766433744785,-1.9003581030095327,-0.5870705133550095,-0.5196287709092362,0.014964165284411968,-1.0110925277759804,0.21614996610071185,0.926154984029087,-1.0585520026929387,-0.6528892898198919,-2.0108296169989734,-0.38718367669351916,0.2033645457133878,-1.396524573228254,0.49274957136446557,1.5773065686739307,0.5798226984934922,-1.671520072076987,0.12265419801259636,-0.3869600459434823,-0.8326519125735798,-0.354141050987773,0.21552070908168752,-0.8189308148667944,-2.295888439435566,-0.3059247570720829,-1.0674074690580315,-1.9499588131887164,-2.3081379083793654,-1.082113204701575,-1.174438622917782,1.399145082056435,2.1830564669704384,1.6094108680623023,-0.7451423578854988,0.9673523418871146,0.7769986421901391,0.1578463390034612,0.1606879477999335,-1.1060029109000895,1.518154214129472,-0.5809153922348987,0.14084885045117176,0.8952225421019278,1.4852909051497434,0.520356897973925,0.8237370967927506,-0.6225576793402379,-1.1450539614905961,1.4515628104545693,-0.025600454674700943,-0.7722523876339885,-0.646473650282484,0.9646633582149774,0.670869738669348,1.0422881202805498,-1.1638937135237255,2.962954782102965,0.45742127961302786,-1.1148367476065084,-0.20310658837559245,-1.7653163007356876,1.3560345954954771,-0.7577378185284507,0.03622274384796098,-0.5762897985083364,1.0615067763893549,0.4091506276413434,-0.1984881033861681,1.2392199441711116,-1.261323937536075,-1.1102128970227358,-1.677735036715554,-0.23479437370742504,1.1272216002964803,-0.8504076863196611,-0.2973904581660007,0.17313657302772542,0.5158538869263332,-0.5495254645281725,0.4310843190272843,0.9830920543650736,2.302699469570432,-0.5590398246058874,0.03257403807856881,-1.0353553727309532,-1.2885406882552246,-1.391237747525789,2.273780422230212,1.3829423326325194,0.7303504676237348,0.5050896621264547
f1ba7af240b7833613912c4d0d68e8848f9f9d521921438638a7ac71f26d7ae6,0,0.43125444395613854,0.3607515254628892,0.04081804380342341,0.841529235070428,-1.9906466638260865,-2.0099219534971304,1.8658853702092124,-0.72693263388796,0.04776776119180105,1.4165526039961434,0.5409053140628293,0.26477838728915026,-2.5782647027749457,0.38398713195387113,-1.565572965109953,0.28789752502276256,-1.5632463395298828,-1.8374147935135063,0.23871111299956305,0.4959921631905444,-1.299142862014702,-0.978120057595568,0.15174240042145515,0.15581093787653516,-0.16885738570428965,-1.4733661041126287,-0.5311273882184202,1.9215274372028357,1.3130672452353447,0.9354426561809699,0.6572166231313437,-0.23073799010853963,-1.1097733456462433,-0.6733669672304257,-2.707503632991883,-0.6304389120761396,-0.12066397210721169,0.5015283325091922,-0.0422019643829572,-1.3072652054067273,0.20307450375284847,0.8402483968290431,-1.5588380323310713,-0.17122050182565937,0.616754984519909,-0.4456891871706122,-1.622255973294269,-0.14366730017336793,-0.23802334710381595,-2.320651850250566,-1.4331043602333453,-0.40219881860452344,-1.8957766598004957,-1.0490519486298877,0.7898508884298092,-0.39403047754061066,-1.757075046648779,-1.7412096341016565,2.351630615234339,-3.4906918333356183,-2.1226841584670453,0.9133340374623014,-0.4602476226213459,2.122255391873626,0.7469883995541036,-1.744037271422153,-1.6733631915484737,-0.5143718192113451,-1.4527624241143475,-1.003233280241369,-0.7929450747719426,-0.4873821826948306,0.4665348072310178,0.14094735747247994,-0.39304449079757825,-2.6459025806531153,0.22130531605410028,-1.54333844897666,-0.9464359560536173,0.21346914331577005,-1.4688464669261352,-0.6798796085110193,-0.3801068971823093,0.08943104536771307,-1.2104968759789445,-0.4049730210237484,1.7732789531787903,-1.2243172092010455,1.1825478177836188,0.1797665290489145,-2.0488468461266214,-0.46239597241320013,0.5078723983088991,-1.9650980200629637,2.0188368568520922,-0.7007058077836155,-1.5309813811344504,-0.283160111092282,-1.2359269954413572,-2.090001565483243,0.043817298393485915,-0.04715484677866669,0.22890552305021378,0.3368796152204021,-0.5437314693577333,-1.1336147601352402,-0.8279038781277844,-1.436048580092675,0.5127938761893469,-0.5262425179491148,-1.063252460744355,-0.01840574094168393,-1.4844188473584512,-0.18051268524505876,-0.0897627616188614,0.18404358627396888,-0.793682341327296,-0.11566908893768077,0.96346729249455,1.080764933904006,-2.570103179392437,-0.1721989592768325,-0.9884491651158736,0.41103676599829764,-0.9605842393409058,2.4420612469968654,-0.009593208715687584,-0.3892962729844963,0.4196340842704306,-1.1452529963246516,0.3398152639039621,0.43655035404409076,-1.9818503686285103,-1.9468478195835952,-0.760750075418036,0.4071904505213749,-0.3169815103154961,-3.9868090418136806,-0.267251208420877,-1.0205538687489286,-0.5847463483556531,1.1374845914111258,-2.1578735510243554,-0.9894663247604369,1.3210384511757136,0.3499979662274082,0.17782261942128058,-0.9228025648743993,-2.548725241451621,1.2523272485524088,0.37077947029938974,-0.7745550920555343,1.5343365492108207,0.2838949243510549,-1.3524773099486913,-0.6153342325231986,1.9163549533935154,-1.9031655341893152,-0.21084982405272978,-1.039176573905794,-1.644729638308232,2.797856324043537,0.2675739818948863,2.116002040941303,-0.6826468943451016,1.1310687340675751,0.4514460292473028,1.1071076253552363,1.2384877081987744,0.9758743178393302,-1.1320662903018424,-0.5210504389488249,0.5098757572437744,1.708653631866791,-1.2179608286088188,-0.2556547804524812,1.2389742747170316,-1.2769642090749347,1.9952073854626513,-0.7978312082019375,-1.7165759778969887,-0.6003970705180206,-1.3027102901866563,-1.1311265463927889,-2.0185065415119032,-0.3423152667885347,-0.5485710904981472,0.7835386569296419,-1.5539339605273153,-0.023752852355806778,-0.497955479365593,-0.6288583111010181
556448562e7ced12be8fdfa7b9f103bb2af668008b7bd49286dd8de09f00e664,0,0.8548939676412699,0.42084814047917396,-0.760904293885319,-1.1101840333652069,-0.2975859091036754,1.915024072282401,-1.977471736360761,-1.6845497573516353,0.05022566131387024,0.7791214600039915,-0.5430856288098073,-2.443032148030138,2.504257044244446,0.7111842471668249,-1.0419113351788867,-0.5747302394905976,-2.6930643768277642,-1.6681901122269815,-0.8378156892525672,-0.022094706964464417,-0.17527147462833953,0.9274562701359305,0.23911304294627228,0.314737080797012,-1.8606939779905696,0.7645904573431608,-0.5624808074205769,0.08391019618594564,0.24097575974534924,-0.6714596863881437,0.6449921067773569,1.7387111267097506,0.5596657186292844,0.7165628367370733,-0.6098465635716548,-0.5160346399400128,0.26269589746361965,-0.4983138524074908,-1.5887518890199066,-0.5752053210566489,-0.30206590366301667,-0.998294997449219,-0.08809326654980798,1.4539477709277253,-0.765468542605779,-1.5805358618912795,-0.06911557449323269,-1.2160441063719238,-1.0801913004900703,-1.0862353377397431,-0.7021472014361179,2.2199064997530815,-0.9937525521521402,-0.35613064119550125,-3.29472495103948,0.3120689309146663,0.15119119478223372,-2.935773210391131,1.625281906686396,-1.5348089516131904,-1.5838563661599645,-1.5203972951322964,0.18806139635006086,1.1483487309328884,1.0890550263000105,-0.7816781390137566,-0.41760250025421763,-1.1656231125682543,-0.5565303096027563,-1.1429099941362617,-0.7697906904138009,-2.0715434061473728,0.19547554855507332,-2.2413241421123042,-0.39488996287777833,-0.872284975559112,0.5784803086811713,1.4447443734975955,0.8586202959728946,-2.194974965156776,0.00873108730886027,1.1567599182072388,-0.8233164542903273,-0.07744732183817282,-1.3603293737696731,-0.7914480728822368,-1.4818601092793706,0.8111519306725015,-0.8337568583105894,1.7553612840965238,0.568358641672761,-1.2384051716341518,-1.717577274952958,-0.267392741711314,-0.7807683016522918,-1.2321627269137783,1.2316433839350325,0.44307306189484613,-0.30383009343260603,-0.132301230646061,-1.4531973603060442,0.04737080950140016,-1.6815304498792731,-0.27046453674450827,-0.8266184156021237,3.161620946826264,0.9947357766226776,0.4310623076041919,-2.028055986205448,0.39055177899818505,-0.3870008391649715,0.27608052173109027,-1.1515176421732733,0.47457376230348625,-1.3931483082577192,-1.0000889221992646,0.021583810110678225,-0.5003389248871553,0.23543824855834786,0.013985078460869271,-0.11377310743568758,-1.4537645931693044,-0.320965667569612,-0.31336152535329254,1.019958336048148,-0.736796539797858,-1.1743123933333783,0.6235652492913106,-0.5374779669242221,0.4212867614171197,-0.6623138754795863,-1.7558766877121519,0.41810796619510043,2.3224286432227097,-1.3883834493986895,-0.894935016499062,0.9195704036025857,-0.0645000981326185,0.720590787189842,-0.013489443128967079,1.7235306399796961,-0.09356183477302853,-1.884474651934233,-0.7637638887796423,-0.08089108340779756,-1.94624446563854,-0.7928832938888486,0.5543269288294017,-0.9869844381086935,-1.5821515976057297,-2.134011244720372,1.6193747039977469,-1.2027154332939023,-0.667068883693453,0.24248582209579378,1.7832931610706568,-0.43795755873220366,-0.4771734657389008,-1.4738544208833146,-1.1474938051493253,0.09811429268877106,-1.3270586641607125,-0.22982607631303675,0.33833809675549076,-0.33868572920055534,0.7976734464078891,0.5161171553409774,-0.7601051131553519,1.962968815019535,-1.447745923370171,-1.1588764941106253,-0.15381361970667778,0.8234386469475895,-0.5176965753201931,-0.7671359731683685,0.441598805648087,0.2274601298178974,-0.9663546851287101,2.7110418941957635,1.3617834271953442,0.2457919617204968,-0.5144827882167069,0.18704821519129158,1.0917529794199263,0.4469417672465527,0.24108548916588454,-3.231940738788381,0.5678531393201344,1.3343870149326187,0.8681272598083983,-0.2028926269609283,-0.5327093075133956
80ee425c6146892ccbea0ca3775b9eac8052fa3d1b710c50b7f081eda90d93cd,0,0.9800722571105371,0.23334810513949822,-0.8141669254399664,-0.5851384024223522,-0.16959074644948074,0.46009047323076757,0.5596600199221424,0.24705690029627636,-0.29456953172386713,0.32732833576480014,-0.9078810967011179,-1.8427965473743888,1.7505935696745407,2.33517281114062,-0.9268697991957352,-1.9397725372677812,-0.8022772491734416,1.918417388851205,-0.19093859400941623,0.5101489703588886,-0.5601198497628985,1.4083653635247,-0.22821875473701453,-0.020806366980816282,0.6907394344010744,-1.8419830000633675,-0.3672005389959765,-1.4252219315589436,0.21244276243409876,-0.5097771396732352,0.5139920504822213,0.43722367536251916,2.977208743162749,1.1519092065885637,-1.016699511388095,0.3880985513255011,-0.6388352697004835,0.5333440028886685,0.7123632524308533,-1.506751356025104,-1.127650134131096,1.2527070810464558,-0.13895010330940505,-0.5840295997932096,-0.13187852710185588,1.1135512069077564,0.4533936048077004,-0.06377991871344557,-0.5536722024618791,-0.8012050395575072,0.2223541540578561,-0.877373144921189,-1.2948857553204334,-0.8149117120202293,0.3333630583437933,-0.5059590145538992,-2.5498304823476854,0.2415070573016812,-0.8635697303378005,0.7477033688867734,-0.7462060590932577,-1.328295677341442,-2.0512142431134337,1.33692405472107,0.4962562907469279,-1.9330301897092403,0.922566046603246,-1.1992661322676064,1.3713031792548713,2.1802528833888326,0.2192839746671053,1.209859588220641,0.6925932378842224,-0.38019723181712844,-1.898162772955584,-0.5662582160611536,-1.025937085802033,-1.8694041073624743,-1.2090056830416012,-0.06658214990785111,-1.8623366262312524,0.6156214818528092,1.4440419629190326,-2.1627374996545425,-0.7278246894579528,-0.8551000846926102,-0.4377063126470914,0.5072808257617085,-2.4055986454443685,-1.4312798172207766,-0.025049199465561556,0.63869731836387,-0.5516287644081134,1.4861067041607643,-0.3748174132829906,0.6055779263747602,-1.3273390083921628,-1.736902966687924,-0.7980822391722289,-0.40762745984985116,-0.7902078967950948,0.08969519224868927,-2.5675307291071983,0.8426761568405833,-2.263643237914652,-1.2239404967302576,0.45522326519266676,0.3643434965464095,-1.187452489552054,-0.7110689271932193,-0.7601532167693992,-0.9117346978967036,0.38274728049808093,-0.15692370490222096,-1.437096021748063,1.9529064531342586,1.1231117081106305,-0.3312129282601114,0.48972650991289335,1.2404977073327514,0.28618580888921336,-2.2254700556389113,1.2866682652941643,-1.2357575279271915,-1.2538582997897871,1.2313271865260218,-0.9691828607954904,0.02577117703033114,-2.109783582653852,-2.479297079991762,-0.22315042942204646,-2.4593237982462486,1.2670973500059484,-2.50164513639554,-0.4250885984335768,-0.5184840871453459,0.0043534725856714685,1.88463418183986,-1.0975491972315654,0.12330460535821726,-1.2541169311949483,-0.3818588839617724,1.4968490268717345,-0.13062380181141361,0.25861272695764964,-2.354436603034214,-1.1836181904093586,0.06429302218662548,1.3622881774730993,-1.6484524387114936,-0.40992487235104674,0.6638571804843139,-3.0977202024366304,0.04123004392958177,1.7410487008279867,0.5585455481329886,0.1729512455298809,-1.408649765525562,1.5880378867389857,-1.1869572278719396,-1.7687430804762874,-0.24864851237043023,0.7185878989750444,-0.29564565935868775,-0.7012026531311388,-1.6666573717096926,1.0844782471435557,0.41198791048766353,-0.8776625431501894,-0.28554769293171584,0.6881818846164511,-0.7889785950207422,0.5934313330803359,0.8718393451755135,1.3235741964173688,-0.4622995115059558,-3.1726817263371125,-2.876515180823091,2.20700283416898,-0.37376597435895653,2.2313326415889194,-1.2514337255317036,-0.691810827532367,1.1160449382902573,-0.17540217300529984,-0.14095497251515565,-0.3782277988968491,-1.0576055143301732,-0.7417481637103045,0.18898448500782142,-0.02904156389242943,-0.8005305678006158
30e85257122389ec295595de19881641a68f5c75af6d5f5d41369b4df090a7f4,0,-0.9302568233037392,-2.728383124925978,-0.7655924756525723,-0.6771791362750428,-1.1019514414055123,-2.5341967227672213,-1.6704141780762312,0.11532092573613995,-0.49094165632212255,-0.09790716589186532,0.7792013382834669,0.5952559740996625,-1.4831198465928987,0.39845949743749964,-0.04743260680614403,0.6572447681987272,-0.5579321584006216,-0.5418364056937706,-1.4097237115401056,0.7335182686767419,-0.6317297746534345,-1.4094947759169643,-1.655778821022781,0.20659668727168817,-0.4024711431467679,0.1698876159347278,-0.6702226055171825,-1.097916112874111,0.28108608775113986,-1.9271309008705935,1.2563896807437396,-0.6970590741314915,-1.7405099534617194,0.06100658247942359,-2.8019378992203925,0.3402887372510969,-1.2552117910071863,-1.4015316254170167,1.0034185197277923,-1.0591750511929965,0.08144354811541643,-0.7921349748822072,-1.379415060102413,-2.2120443839630637,-0.22557287319510247,2.204585861551392,-0.22069065990258746,0.176310311859607,0.08877190174322125,-0.26152291808437544,-0.9629589661308187,-0.6668737051433316,-0.7008498852194043,-0.9114403275393372,0.10272508514443457,-0.8652463398499365,-1.2238886414821226,0.32418254349692854,-0.6693358339116415,-1.1530693822728495,-1.9355129276668563,-0.7711045139519384,-2.1280549440136003,0.2939458772695614,-0.8341162522595837,1.17543324239555,-2.1111897031000635,-0.19280232499824146,0.35300345848409415,-0.6205361997175547,1.2866061080275828,1.4728099722337293,-0.060191494310386034,-0.3627946725116468,-0.22287744980351148,0.9633106862267486,-1.4135907086948587,1.2983640983569913,-1.3266731431998986,-2.538015834298319,-0.0019397127728648655,0.022470003237727243,-1.4526424494677785,-0.9530684136553127,0.7442151350754573,-0.6464250262938058,-0.623427938758732,2.3930547388784653,-1.8622913720664536,-2.343885838709875,-0.9839973033538787,-0.44552369020449223,2.166327332488344,-0.48465522273135087,0.2348237682807206,-0.9893891027797791,1.0542197535598812,-2.3536506088619573,-1.5391296727479178,-0.233209952671477,-2.189741045178568,0.11475531520891499,-0.2978301534938177,0.38675516778995556,-0.7473220047815734,-0.3341476497629697,-0.20294847992293996,-0.5327778711653393,-0.7359452095045163,-1.3296154529394268,0.13341315069012566,-0.621652121918209,-1.6913397687520408,-0.5283403279589831,-1.0211099723757364,-0.10221568891927935,1.1997579593403882,0.7623474655010579,2.522205163498663,0.5405738103840579,-1.1016764832998942,-1.1302858634468727,-0.1840986721167358,0.4343624003023534,0.4820453800139373,1.6158519910474718,-1.1684280878649342,-0.3829567643697299,-0.44368108800758765,-2.1298615263415908,-0.3547592633282314,0.15638233084554595,-0.10005675004581213,-2.7806305102796163,0.021725453760685718,0.6466101557102162,-1.3796321127777575,1.1075903380699685,-0.7053077817470135,-0.6099618229965652,-0.009615442309229217,-0.7970227091628598,0.129653341348203,0.47056881423341834,-0.3658163573348716,0.2339780987713338,0.91795014542381,0.5578815162640149,-0.5071390958709109,-0.13040891202315943,-0.664758283092311,-1.3900724870771124,0.4372871307661094,-2.901417985322206,2.1001322590219322,-0.14404484984061566,1.0483174461018208,0.6768398912548552,0.6202235074362029,-1.1156899491693997,0.7603164803866646,1.129743944322026,-0.8943119648309081,0.35480568909232163,0.05864500890706352,1.0825462448459438,-1.5274648648929674,1.6408575521733297,2.0671445629439105,-1.3413273878784162,-0.3105868653051333,-0.11635495066584504,0.4014374161360373,-0.32945818222163886,-1.49106669684881,-1.1248972701499258,0.5928166873687039,0.27152242233789337,1.602658857791181,-0.4857504251804155,-0.5597068122717137,0.11426409085227542,0.42399906324519165,0.027875828971876914,0.7897857110862232,0.712702112206273,1.1759667092135044,-1.219773542958143,2.6309750664913985,-1.3546976139389584,0.8320710626260897,0.7312858790202009
867be2842b13945d6d88ca13ac0037a66c193a35789e42377d0385093f93bd2c,0,0.47272629502384467,1.8621396705887787,0.1906632600375269,-2.3360097833945144,-1.2234789048594277,0.5445051168007337,0.3019520020813934,-1.4104457190868007,-1.7049678287648105,-0.9021330084966803,0.036704308208272744,1.630497451662805,0.07632963309166507,-0.4871234059800285,-1.352532937292453,-1.0202647771602358,1.0508683810156902,-0.6650175681265917,0.7054137142570653,0.5379053942946996,0.7249398643602479,-1.0002629044232663,-0.12541869104424408,0.765933403905013,-0.3985131946949268,-2.408288552522419,-1.333464706300854,-2.016453122675035,-1.5841361275187777,0.8742367505635177,-1.1490267423048017,1.1208837184673976,-0.5859604606625617,0.9858806869256003,-0.22907640114418476,-1.1966268365975508,-1.0135572720612869,-0.826667323963096,2.560217403717692,0.46152999022256125,-2.0064119563529053,-0.27130424429743283,0.7718375306997151,-1.38910779193537,-0.6430448412053915,-0.5386131470983995,1.1401289248157491,-0.38070530234663225,1.64394838086106,1.7632353391009612,2.643569857258317,-0.7959888798481297,0.014551816276308527,-1.1187379499143004,-0.33140525034282603,-0.8871420113229187,-0.4638077393660095,2.176337678174171,-1.713008814077857,0.09271573198934888,-1.50759469403237,0.29656766089752207,-2.344566840389951,-0.9794865396145442,1.364147890578933,0.05668519184089728,0.38094103001900975,0.3180905442042268,-2.4151183728513,-0.40782870133354987,-0.16576371467616036,1.3996674384098349,-0.5296722207290494,-2.2778457426514396,0.714999802163353,0.8762584898451833,0.726050063755542,1.9267362540990298,1.4231246780317401,0.14102429749957737,-2.2198540868069516,0.014520388881385182,-2.2284956577952446,-1.0210861411182353,-2.5281322945326714,0.6805252131857358,-0.10390612102965768,0.83081075455679,-0.8895195896750071,-2.1032749558114943,2.0443974156918774,-1.7435648319962518,0.4169662705400265,2.411636224887469,0.8885546919118961,0.2811821539188115,1.14934610947804,-0.17152560165752523,0.37016649724817063,0.08166251173260844,0.015222375433718932,-1.4320680747380974,-0.2326448757617252,-0.3077631688669745,0.0852189307542861,0.5040881708184819,0.4563010801900812,1.002971396431319,-1.6242329391878725,0.26428981438490956,1.5519880091572558,-1.163006177913843,-0.4781672965124799,1.573826044210992,-3.2348355601844863,-0.6854254006686074,-0.2624482148654242,-1.519308425783112,-1.7247733803287792,0.5622089323660674,-2.434731763275779,-1.0339951546599653,0.16070504345124292,0.2857920751517512,-0.8768722173256981,-0.5059822664197643,-0.9755575688380715,-0.47897844670735285,0.25103044685354214,0.35257912064427255,1.584184140121977,-1.0413038491307047,0.6966352920057194,1.3497930428267433,-0.19267503468525277,-2.8426874695502806,0.9525664894879328,-0.18410661166069764,-1.3786646008448626,-3.0615960546183296,-0.3735744366771772,-1.0808605915162297,0.2453463790542464,0.8484734888156206,-2.222135616559606,1.1772589842975667,-0.511090627082607,-0.346904426284499,-0.07480351768321042,0.9759812285332361,-0.11908923244785105,0.62378896339858,0.42113905947811725,-1.11890468974264,-1.847216809545098,0.2149247143052374,-0.851866141762545,-0.43380751791509065,0.19401168819928055,1.1583969948891784,-1.7408371688394593,-0.7830998606878373,-0.07251360924745598,-0.8742314197491872,-0.38719777862145427,-0.6715491777855835,0.04998992333676131,-1.7605189757018742,-0.32263875266221637,2.7128843290185407,-0.676579781149665,-1.1344110045647224,1.1916164345454152,-0.11789302701585183,-0.2997171578054426,-1.2871518019739752,-0.543705759457488,0.4452722793638281,0.29559866930836026,0.8699634915856093,-1.4645399850247742,1.3529469619909296,1.5644200990213704,-0.03194678527286822,0.41271567939444975,0.8636667982023934,0.657681162637213,-0.5535255720627092,0.7470354626860335,0.28208435141892124,-1.278100049841867,-0.978419365586559
4ca0359b9ee0995608fefd9133c166dee569ec25939ca3e7a68ccce88991903d,0,2.333296237799588,1.1360487874732292,-1.3247136514219096,-0.6712514702193011,-0.33674504986059584,-0.8038081654414103,1.4124599345715645,0.12405880375741751,-0.3752222726503189,-1.6239329728893939,-0.06811430439625019,-1.440031370844852,1.09252739221954,-1.4260041980955922,0.8196359369158386,0.06112235283800843,-0.5070948784821385,0.010979717717994164,-0.1700756891164657,-0.5379659951311954,-0.7386423260277332,-2.184503560031486,0.2668082488387749,0.4989244266937767,-0.0947560260970643,0.01861649623158007,-1.9625619946338086,0.5915361738698772,0.14117383627042274,0.4086801488680335,0.820630349708982,-1.0681414046296118,-1.4745429587544696,-0.4270950043127556,-1.7839061820621451,0.7103864874793415,-1.032588622420065,0.2394055723915864,-1.0510526388786259,-0.04864824542638502,-0.430230980347502,1.6375513193115734,-0.9374636455903123,0.8834014682179022,-0.9776791165145803,-0.26208042797773257,1.099592837553475,0.15445585278047855,-0.41797418950106047,-0.6936559272707234,-1.473915760831067,-1.2866411838682854,0.5366671442730956,-0.29174334087232684,-1.0604323476630482,0.6194484278808847,-1.755473237166644,-0.25535448435285923,-1.4143659260553327,0.03954095174336891,0.771223050432186,-0.903024095549162,0.9931710143928831,1.9889149592553328,-0.7703947571206531,-0.5986060748392749,-1.1282557061848988,0.8748281535208617,-1.5632374592051375,-0.008789468934100653,-0.7695249253622494,-0.9755020137122156,-1.5270103566630993,-0.696782711940281,-0.48397277237092956,-1.7656445174594284,-2.634883369927053,-0.2875728669424198,-0.6591524013251686,-1.112853545528559,-1.7613659487006075,0.5400629096183203,-1.686604092917293,-2.0852240456159845,0.47688315449160684,0.5332385280225806,-0.6884147468739229,-2.14008344841211,1.3821025807499927,-1.8461874988652576,1.6147877782318574,-2.332301724986401,-0.08578979057863667,-0.44829372784943916,-1.1739169881536486,-1.9902756787337015,-1.11097368785265,1.118667649287699,0.595162978741174,-1.2051635728291101,-0.055620907519911264,0.4821215781297673,0.6847063216361954,-0.5994227646436752,-1.074997049031368,1.1392178385543628,0.44022667845539376,-0.8649715756516718,-2.9837992115943743,-0.6002946155356539,-0.06708215795008476,1.8517346266470984,-0.7023073184728463,-0.8790846022155179,0.9357952656532565,-1.631140726905296,-0.7813636619405506,-2.0654596466518305,-0.3544494658360363,-2.1900297605081605,-0.4141411999897913,-1.858271827234725,-1.39529643566109,-2.1562391211489373,0.07664406195246358,-0.468733660442704,-2.336153179420552,-0.9559990907910377,-1.0602445550742892,-0.31271295849184966,-1.8613507452659066,0.8883615074623639,1.7967947259872097,0.4387820962058898,0.08013019751242888,0.536982623281126,1.0553701792396182,-0.9823337146136598,1.9556909624245427,3.111380860961498,0.32910528183477494,-0.554262811409109,-0.35619740614320294,0.168010009958267,0.00622829495750014,-0.4455972471215772,1.2163950973923237,2.0494175617423482,0.7308284433842298,2.6134517556892085,2.341661303074384,0.4945653023584039,-0.8318465232554552,0.0055649517619231,-0.6850500368891375,-0.9753386680379577,1.3869001129647645,2.2104873964307554,-0.8131400162250054,0.44134987634853357,0.663979951422088,0.09958799178028087,0.26915379164991116,0.13154186522178754,-0.40484460811907486,2.0208968470147597,0.42126075763050125,-2.2104185930733515,0.9235582780648611,0.8920964816670176,1.01548815096264,-2.611556848095734,-0.8987041896590955,-1.412138181246947,-2.659871907500046,-0.34628616512988597,-0.6618224167557362,-1.1357334007417657,0.3892524121661845,2.6926088647373674,-0.24821533993754472,-0.966607282982224,-0.009081505399479625,1.6403871372302834,0.5836902735738468,-1.6767460832326122,-1.140840479597581,0.9111943855381672,1.7234043655175144,0.9983986168001395,-1.1780099579119363,-0.01992031873183042
7c966fda59b522774ee5e94ea2fbe9b6594a2b69d4368241aaac32ba60e74fc7,0,0.8133598902068546,-1.1176866959521057,1.0742226378508035,0.03500491725275967,1.1581436424724005,-0.17923718928164795,-2.4019885515491963,-1.5360957685854193,-4.496135970645899,-1.0669084070177477,-0.757189612400544,2.0175639282394986,0.4302763155941876,-0.430147496138959,-0.7262153760715938,-1.1587857587905688,0.5755270755186228,0.6856122938081232,0.47338857827165104,-1.2152338103967788,1.349189446629091,-0.040817742955542524,0.056885076999322104,-0.36330500030917956,-1.7098358172982646,-0.3352366906591784,0.28094950042836664,1.1715097346451182,-0.9240165085571703,-0.012243633227368045,-1.1273727084055363,-1.553723055368752,0.04627169886837345,-1.0872172326740204,0.12937536142359618,-0.48170462356193344,0.5799251653902974,-0.196495141381395,1.0423402167304836,-0.7995813252043167,0.023220725099361572,0.9619971247043435,1.2174642872628123,-2.685633671694867,-1.2220053073906405,-0.8843310627295538,-1.475807799714738,-1.148792478411761,-1.07983231459148,-0.2577128613516112,-0.07703077327744687,-0.4080810503783774,-1.6009898347593206,0.5807918683688722,0.4884411507041607,-0.12010094425298984,0.5408025258052542,0.20604630577518454,0.19469657273261878,0.7459250712163523,-0.38407791871386976,-1.4441091323779727,-1.9391039066562186,-0.3301941686417156,-1.581061019658406,-0.8431962113770459,1.4193753968272058,0.27796000739361537,-0.025438262721030225,-0.13814291237261195,-0.022883809911235273,0.24422711057890595,-0.6837297815225987,0.04000726657121656,-1.587807528674606,1.5229614397265203,0.2683789342215671,-0.7391391766238695,-0.5170934287935998,0.1158561917346771,-0.11918591376372234,-2.1456754101342588,-1.114669264202589,-1.5485583035691017,0.3978430910581488,1.210207972452629,-1.385653195695225,0.17072662045108633,-0.401568520903717,-2.5061570682281284,0.019899043082102365,0.4164397077126857,-2.7494744399226043,0.15035251130327132,-0.4850371828213632,0.517035044393948,0.10829201377028855,-0.6430393248086195,0.6349025006542366,-1.0616464041748546,-0.3890875340721639,0.635370315409606,-0.6226359715325478,-0.40513911736062225,1.0371191456289421,0.5713908996217621,1.2932464320116075,-1.6337869826594507,-0.22307146041194326,-0.3800089017902936,-0.4839900390059256,-2.4209377911874004,-0.5871800797777196,-1.7366335750556854,0.5319209531542037,0.3135244488355462,0.7276631328949217,-1.5932627106455817,-0.4979402289188475,-1.165088443943743,-1.8781231651019614,0.6833705510223915,-2.676460866705148,0.5171921313298313,-2.336492526573447,0.1183968047214104,-1.4015882354965168,-0.8744881381077841,-0.41001099325812695,0.7149603432095469,-0.973044972590387,-0.8301650517313948,0.9872186670445925,-1.044730362517755,-0.7911861935003449,1.2488196545772932,-0.15904833235789087,0.32430922059599787,2.071222557039959,-0.10249220553134639,1.0296631661044966,-2.1207407819216044,0.18202665626688386,0.962190172320122,-0.5331535206659442,-1.9962301225823489,-0.2903489045019694,-0.30037906910996504,-1.166680155737469,1.7435687257416315,-0.709357550597544,0.7414287856896075,0.3692588920084987,-0.052600021920283124,0.30858458404912886,-2.7797219499149803,2.8620010050555655,0.22568318177439467,1.4865206414646734,0.5412268991931805,0.11759698304806558,-2.711620326814989,0.37499132068982877,-1.7106853525226946,2.2882267106912395,-2.528402615049309,0.48135207787815126,-0.5121752944246027,0.2420750113923628,0.3913843212293085,-0.04405653124021453,-1.179923533978815,0.20647581821714642,-1.820134794070567,0.756578544821696,4.005538324997768,0.569526809203733,-0.2595669841603419,-1.1049444861617177,2.005350976741899,0.29109591514442834,0.27738357269690106,1.1924259794371952,-0.5420400258547198,-0.78256650561228,-0.17447638677312796,0.1826658273076166,0.13088724238856334,1.8536692379371544,-0.19879009217285878,-0.46206469691368124,-0.4355548887583673
