file_hash,label,vexir_0,vexir_1,vexir_2,vexir_3,vexir_4,vexir_5,vexir_6,vexir_7,vexir_8,vexir_9,vexir_10,vexir_11,vexir_12,vexir_13,vexir_14,vexir_15,vexir_16,vexir_17,vexir_18,vexir_19,vexir_20,vexir_21,vexir_22,vexir_23,vexir_24,vexir_25,vexir_26,vexir_27,vexir_28,vexir_29,vexir_30,vexir_31,vexir_32,vexir_33,vexir_34,vexir_35,vexir_36,vexir_37,vexir_38,vexir_39,vexir_40,vexir_41,vexir_42,vexir_43,vexir_44,vexir_45,vexir_46,vexir_47
d7a0453822a445c250b21101ab90d4dac72e176bbe1c6e7dbdbb0694d1db50d0,1,-0.41219636617433136,-0.5953316659578013,-0.13943995143926446,1.992384576261715,2.548908143197785,1.6722886452290693,0.9930523795517453,-0.5487786496001712,-0.3069094468402072,1.478059405209739,0.8503111684069912,-0.08095622729937246,-0.20797833160423485,0.37048488193702567,-0.77287636445839,1.1376677051955255,0.6269568535566574,2.266031452345387,0.9032924365797655,-0.2979501009334573,-0.46627887609340307,-0.09949357724319619,1.6814437004667113,-0.8869435467031176,-0.11284249922318328,1.9513632727618728,0.12791080985980746,-0.24500643590751436,0.04707218247521329,-0.5313051841532959,0.5470143829451707,1.3553183330905116,-1.2648110538047694,0.347896782351241,0.9089887201226716,0.6269225222853738,0.9556995510941314,2.008433227491886,-0.849583982524946,0.38678816355089185,0.3577197198747474,1.8776341480308858,0.8180834239095026,0.851425321315194,-0.876355146942097,-2.841454498269013,0.5580339079842147,-0.563278244119186
b02c33fe254975bb5829dca0b953a65ff295384063f0072ec27f0e22651eb332,1,0.3828131506414291,-1.4465859655254272,0.8351466047638199,-0.8679618016368777,-0.8540636653891807,1.4622043729075715,1.724643436320335,1.5637829036845157,-0.1077937571786855,-0.44603568949066913,0.6609054960179042,0.4307754701032912,1.7683364767364098,-0.1359099086301085,-0.4733789589534876,0.7434290064620657,0.48178257285707915,1.3032363801499975,2.2353151570988588,-0.26357481536392213,-1.2496704705012542,-0.016489165200611985,1.4280831948492534,0.06557550007214785,-0.9620866219654771,2.5097145689275377,-0.3238254751962473,0.38443509519656144,1.1187550265249668,-1.355506583074788,0.2581525406293808,0.5865450977645735,1.5043092669362084,1.6485876354404714,2.578414809415596,0.7717680239858815,0.22290446489082394,-1.3097106604169022,1.323769769562917,1.4577747779439294,-0.25426290701427223,0.22281755684677151,2.1108298987627054,-0.00010588800999869474,-0.005955696765416629,2.2033300581699016,-0.5265907662515346,0.5912881420698729
f20d16951c4de51e9b687e086314910db2e13bbf5b8d113c580ad73bf23d6878,1,1.3695663304782832,2.9209002374287887,-0.7184593522045342,0.20410188366851434,-0.8792944970987817,0.6187551795698529,2.3296126886764936,0.8943619094191382,-0.6443936366262282,2.559863413506908,1.0584993206742648,0.47629482446345456,-0.3720112105212524,-1.61567711697261,1.2534226139930893,-0.7170081864236223,-1.023861431203105,-1.3791163798670105,-2.000495044830169,1.8373521851895145,-1.9966141269389297,0.10404319266434381,-0.6473487552685173,1.960271032392935,-0.5127159251603675,-1.5628749000853832,-1.0528962752271491,-2.1594059242589343,-1.3314522384003813,0.6064522627905431,0.42362958694060265,1.571132961791169,1.7613746714485505,2.516849920288796,0.29149319274529206,0.9814389982139201,1.5832065004451041,-0.04702351545504549,0.7971467576849949,-1.105200680968892,-0.9356295286272438,-0.5018500083608839,-1.158774913425157,-2.5072899914207545,0.7652190883792859,0.3835866885296817,-0.6029253798327668,-0.7926174571782255
249ebffe7b3a5e15638c95627316e43aa24d4f09b04d520a3d25c103e5168f82,1,-0.7002832275879232,-2.028431468730493,1.8525476502166844,-1.2938861125034533,0.7263487193008228,-1.0450435666018132,-0.002954821814560263,1.0742148784037036,-2.5131895056490454,-0.10207497052018782,0.287185810820371,0.005246812069237744,-1.5730416058458343,-0.3313117550223874,0.025591453603121872,0.9852656547536991,-1.232728762661912,-1.313488276218793,-1.0533683454208096,0.9969349870159883,2.5064180415301323,-0.37905224745415145,-0.5063633415156156,0.6348172686300483,0.604266200663275,-1.8286676128372015,1.7268645174328472,-1.2412195249076445,2.0854414665716328,0.01265772133082732,0.30992515229576856,1.3128311034537614,1.369171707362044,0.5825447828096466,-0.6890946424361565,-0.3113501605509571,1.56344687212004,0.4373689205754284,0.542917888267169,-0.7995256287520567,-1.3472457617137101,-0.22068692625174083,-0.37920213646793244,1.378763225498069,-0.024069345429370947,-0.951763653669254,1.7761904387441008,0.4955445646724679
2e4ea96a8fe1da2bdcf8d33b6f047f52da528f06a7c5607fbf2556f875ae5920,1,-0.7379680005357688,1.6536671444886284,-0.30353426568511255,0.6167204211562256,-0.5691813908630758,1.175792095678491,0.30008931619753043,-0.10743515347867857,1.2080408633366775,-0.004938360780126438,-0.09196047800484455,-1.0644394621143511,0.08382710124202197,1.06743485374285,0.14357238972562192,-1.3867444520429948,-0.8365782665608983,1.7785292375736772,0.646139686667639,-0.7234328455035131,-0.8769831366913861,1.7529535067378152,1.9297060772380243,-0.9951848647327618,-0.05307543299299733,2.0785984728021356,-1.515023137440321,1.315046469771161,-1.607628360363464,-0.06226069185469199,-0.1657021450480749,-0.1647544878976514,2.635333299870961,-1.2222614261516187,0.951661618573481,-0.4988358681003978,1.1189512291428911,1.050165532718248,0.41089859563225734,1.04526236841677,-0.8583241357302207,1.0271288379854893,-0.6602998655592915,-0.23001618267151508,0.2710784201660925,1.798991794351073,0.8396563563402774,-1.6810487042864568
96448a78292595053bef9466a320adfedf023012c0e97bf58784c9788b8216da,1,-0.8891278824806162,-2.3070373833596673,1.6861180836368805,1.8022447153114012,0.07868297304454175,-0.014940043235731282,-0.2775923292965525,1.346538466199752,1.6599777381675183,0.2118266185670361,0.04746252046068311,-0.3913638296450308,2.901805035751555,-0.7139425796751423,0.614606003821677,-0.33349048850397056,0.34772781579108447,-1.5808294498549635,0.2951724933711815,-0.18638169803250254,0.5649737616050635,2.7768940532971413,0.7578197793999968,0.8670026312433587,0.6976740635846843,0.9425557427480368,2.603524310853392,1.2314082374813602,1.6417503110332232,0.07164373107683719,2.040520122143367,-1.161522702793518,0.19975995824429282,-0.5138949090821331,-0.958898704180072,1.349813700364658,0.8426798692090247,-1.017156584324179,3.8191407080287476,0.6512806466583305,0.5510606654566553,-1.5397281817378374,-0.2255745252149035,-0.3129421723714407,-0.4014769545387852,1.2023668634249582,0.08247155995102717,-1.0433906128659665
23bf879effb670573dc4e0ce3f5b3240c2304d63cdfe6e5bfefbdace495842c0,1,1.5694761071308005,-0.08569584086861826,1.476631427891126,0.8280959084033319,0.2528170753614111,0.07717162970001412,1.5931910905306004,-1.550533540581502,2.5782397499357472,-0.38664076841082007,1.2528339935445112,-1.757489187662727,1.1047843728695441,-1.1077917477030732,1.932321205250512,-0.310833247298158,-0.0233445164733162,0.7619687142129219,-0.45893581915705817,1.3552910124430713,0.44732875764710145,0.8584007484942815,-0.5046301183021008,-0.6863208583280116,-1.554166338108916,-1.4504498590520283,1.7516120648813283,2.5381397169156,-0.0539778020452546,0.9415033504681096,-1.91435755812062,-0.031322675811971956,-1.4426390491725543,1.0528970666513264,1.5202947607543738,1.871720485893537,0.4305584230751902,1.1139895631215708,1.5119523351925275,1.0590151605780127,-1.9669319721248755,1.4001309901440546,0.9313377553082025,-0.19811572230393215,0.14764107610964922,-0.8159645498788681,-0.9854312442051048,-0.3561422668930913
041f1d16a2b247c99d391daf00570ab9b389d3df0b1a1b41221cb7d369206c52,1,-0.02893410480972053,1.4506495935549661,2.0017610899983174,0.9332613163630136,-1.4861858132625914,-0.18821650194354045,0.5342608118017642,0.2892993485822446,0.29447331267050975,-0.83063444321441,-0.40091708951627963,0.4691724562030195,-0.3534721011540741,0.8268351677522338,2.4692559485486205,-1.4659722161718804,-0.08670691461414412,0.15152330473952494,0.5882138445664781,-0.9541176063113816,-0.14979539194950958,-0.29159755572416923,2.2671917033768283,1.8263657223892413,0.45365557211148005,0.8874080132092256,1.5807542530886212,-0.7767206404973002,-0.24174704656993717,1.347499001444214,1.292468701829221,0.45419939586885116,0.47901371884688365,1.9641835545098654,0.884588749453478,-0.5839337431629031,-1.4262447200227126,0.5099232062526675,0.6243892387525363,-0.09098683375783956,1.0334858648137637,0.2930686422123552,-1.5018679341608518,1.1491208302502125,2.6071820174958225,0.2782950268438934,-0.6470054861099066,0.7765507186243079
d4feb844059de8fa0a7cab031b57fd4eb68f3384eb326ff947520f487992baa0,1,0.1318011261170316,-0.1082321698899561,-0.3330329247067656,0.23174241863307476,1.8976403709881167,-1.016307507915658,-0.9917619445424157,-0.7330431144402396,1.15734113075886,1.4116106190732074,-1.757514451885733,1.8859634022257898,1.68095587732892,0.09488762050844746,0.4814980560735245,0.5913981224093499,0.20146728763159286,0.07197401669926823,-1.2277589053012463,1.3714861122645585,-0.5081546320102095,0.5575278123920593,1.5797493991509248,-1.8781561968296465,-0.516594652487546,0.1472412589429697,1.5867197408975584,0.5521390105039297,1.458637741332113,-0.34288890418564244,0.8790422710462449,0.17807278420438416,0.37837985633060356,-0.9005934559450305,-0.11807003113312031,-1.4623861288970255,-0.614426563155688,-1.8718719739311451,1.616062894727299,0.8581571781274282,-0.2912540590639182,-0.2276893607883074,-0.4898257654752487,-0.9058595595235677,-0.007906091716777364,-0.7967192945950325,-1.2117414712725774,0.9208712833147511
6f06fa082e6f50d84cc645f4c7197f0642b250d970ea798928e4ee3ec82452dc,1,1.0412300934258578,-2.1713496573266755,1.2147803123097862,0.4900860054349722,1.025270081394713,-1.1052249051017566,-1.894511854325983,-1.2845671056682697,0.27696568929261944,-0.10894057609906405,1.6331037006195235,2.1105152658970026,0.3241072152536105,-0.20762162880708576,1.9055213766649275,1.5673626525852793,-0.6219387470352921,0.7841164163955916,-1.1945548057097177,0.8347527858712285,-0.40534292840566977,1.0619900532490467,0.09617568675164878,-1.506324450743421,-1.4199009636548694,2.7255676569565748,3.7939276380786993,-0.8842782392331991,1.5160428968065673,-1.72606062929334,-0.4277309793187342,-2.0930226278042103,-1.067793208900054,-1.1007430104479707,-1.727189485671325,1.858443276531837,0.22221368084727117,-0.6251840157097754,0.27026738868933936,0.8157946818183218,0.17331791659313947,-0.16383592009050196,0.2556749903377151,0.22397576464440078,0.05506295239728645,-0.34404448766780943,-0.24237973804892238,2.458920853102478
5bed181f64afa9790a28f29773b9c0bf3c030c8b999723635b0c31849ba6c855,1,-0.4009659018036036,0.17082066394972883,2.3874338898597727,0.7393948737132257,1.8179158132394015,-0.8692469514068705,-0.8511007914274265,-1.3638431732158898,-1.0601639338387163,0.3103511314400478,0.5158187760221693,1.0693264104159832,0.9901060759526177,0.9813191400164403,-0.26742004855923074,2.421028081317303,-1.7091484899689866,1.8944928559901082,1.115923388771663,-0.015882092745701903,-0.04695577138530338,-0.49950623082537193,0.654753219911651,1.8606679572020397,-1.2379958513014084,0.3271884083522293,-0.8644732903548205,0.06544710860096442,1.87512434728767,-0.400661413296437,1.7172443371622275,-0.49165350327638496,1.3475949350786904,-0.06555505542106806,0.34326572451396087,-0.34180817644991845,0.1273609345413031,0.30181098593374966,0.31913900132624856,0.34499652358142063,2.9360035361278927,1.0848485911948265,0.8614537596108639,-1.2274799914001386,-0.45175644534337883,-1.5511039678955065,0.9421613671116624,-2.2121775590278117
2e698dd936e6312e55823d5dcfc335123feca659cbec05dce4475e9cc11238a7,1,-0.39186302875603907,-0.677266907463248,0.8585930097682966,-2.2820959320141068,0.8586950300917491,0.5850165454916931,1.7912769641817863,0.7576834579032041,-1.6361470079396745,-0.05228229623906408,-0.619775336006529,0.33556930245525707,0.9622911069032136,-1.5948601648022918,-1.437903636266084,1.4078821156541874,-1.50934702802643,1.3359105376514755,0.6973031625970332,-0.74967009161928,-0.32082662055329547,-0.546184151860551,-0.31972437798341063,0.6022270585558073,1.386610300462979,2.1895746790485067,0.9823809680253431,-0.7717800686441618,-0.33896183311697714,0.4634123690644639,0.6808016252603292,1.2589039509028075,-1.158534143340596,1.7381488853395748,1.4006992646636824,-1.6187906343774168,-0.2932895754354226,0.46313065794513797,1.5559730777815521,0.14164009819545975,1.3856541492360663,1.2901718818169685,-1.1757508017521943,1.2051506951216895,0.3351891251404389,1.012488987289181,1.5248400625826783,-0.7612378913412474
57756cb0b46a8b6405b1195b303f6c9cd86c50c49c79a78de337b02430390a2c,1,1.6966506399657684,0.5731144642986029,1.7446460131927837,-0.5166131819177615,-0.12476954398743578,1.1812949170931455,-0.5788207632301516,1.446202670056591,-0.3142175917587499,-0.5492520299409386,0.19429002157992692,3.947691903558214,0.82542585994793,0.4722952623309609,-0.16380690399094,0.5739823766893402,0.9518142457344712,-0.22812755051865463,2.3519508625671137,1.3492536315501702,0.3174853878564807,-0.9145021117450842,1.579145484538219,0.8824283983571675,2.477151864607002,-0.836661762260382,-2.0796273153562073,1.9392394344530866,1.1165045346732574,-0.7719827570771837,1.9760454541122277,0.28117639416598605,0.7792459222642543,0.4351095836215362,1.7394320068070064,0.6691887427735014,3.2662715640466713,1.7661472804753808,0.6252785092139723,1.5036830230103022,1.0453527304901538,1.0197926212282455,0.17146505133568235,2.5318228778636085,-0.8868200631883428,0.36188633704226353,-0.13040983928183603,0.494274321615199
f466a65e30ac02db734c1475fe417710c96cb289217d4dbf608f1a3000ea6f5f,1,0.24914728102337252,-2.675458575583982,-1.735554610735842,-1.1089038021277653,-1.5603185694732042,-0.03667302450114285,-0.6064748482749537,0.7162184645125347,-0.6046695431940956,-0.89414175587334,0.6154205444877227,-0.0427202894789956,2.1592150434336514,-0.5990273712253059,-2.2629389736402477,0.0005309692260472287,1.4011868778419834,1.7769726148093614,-0.4767411080063098,0.3172113481254153,0.2603423327432133,1.0470976574933246,0.14801427189217023,-0.9104991156943815,-0.21323570594995986,-1.9374299000579511,0.5531629258180646,1.5329587820516886,-0.7850258136624931,0.3839538204690147,-1.2533399226840034,-0.5263714199263477,0.5637768007006057,0.832019715058074,0.7472903455772932,-0.06844822089034991,-0.8014430539533772,2.2923397973889927,0.3944913380719135,0.5601309261399519,-0.2786220489669997,2.7266563685494853,-1.9206749444617637,-3.0033732873164416,1.9986201569386506,-1.619366814391008,-3.396337900129785,1.5941154840140932
d5d10253e6d2b66117982758bfe39eec3e8f23396a011ea76f769ce27cc3cc53,1,1.2017503422716038,0.04892018374747731,1.5368088878449186,-1.050531481795569,-2.048791636029179,-0.9015665020485364,-0.25960760993700616,-0.3508559750624515,-1.2951026318578707,0.2069410989405094,1.8514191473908281,-0.5746348327052785,-0.4829036452167923,-0.8692851807216466,-0.8021123945132156,0.0469440400310594,0.6093322192914407,-0.5807932265213441,0.2921470265026992,0.2348098948916707,-1.0028394063630426,3.3245424409217517,-0.6967515683989159,1.216323445772891,-0.8161844212214857,-0.2941146002109339,1.0692200940507328,-0.05382499078587527,-0.6760694081385342,-0.5391124710665417,0.04381865956763781,-0.4117570446000542,-0.19989006760083938,1.809972736467412,0.6591966794195079,-0.35767087579702317,0.06511533283858006,-1.0483463160531583,1.326776251709732,1.622727307032995,1.6675249035846003,-0.1996169351553979,1.342406869193654,-0.4604834847107083,-0.4380435689173884,-0.8521029006315499,0.878558416501975,1.327097072510535
4a4065e3a0c06d9dcb2943ab1ba67c9f8894936c6aa34add255f7d30250a7118,1,0.5587878080959592,0.03154391341212287,2.704236307888472,-0.6817628418673453,2.197775065821114,1.750927552533549,0.6698778727183339,0.053632192241966026,-1.6396375436977162,0.3361745848830596,1.6795673073555295,-1.1421141749009942,-0.21851746097216765,0.8283887083447392,1.011711301184353,-2.691254228380289,0.4003404130016329,-0.06764190899383646,-0.2894373559401877,-0.08000324672298109,0.47457411788460613,0.16124225715104334,-1.1230498843939944,1.4817122444450233,0.4171902751684742,1.3450619308689,-0.8039525479816486,-0.2392168314395979,0.5492041983690201,1.502673975394242,1.9882008116091938,-2.95654322540922,-1.0391500831511624,0.5354013005562204,-0.9370334206490103,-0.0499430807575173,-0.3567395657377793,0.5373243142605131,2.5236969498197457,0.1777010305188485,0.557266928571224,1.4382725341738452,-1.0151868135164144,-1.1610059443562042,-0.3801045905656746,-1.3399111864773103,0.03697381381169783,1.4638637938090817
d525f9625222e5f86aed156c48cdeb3f1fd01749ff9192df3938e364c7247350,1,0.248170067703886,1.2613156222625468,1.1209238734785636,0.5801706420318253,-0.09588821007388024,-2.0235528180689397,-0.14200202326189168,0.7740980661831258,-2.568420168390641,-0.23518917556049096,-1.3691150755612052,-0.8173306161892087,-1.1162106663323155,2.0798051410642104,1.5043053669948396,-0.5961556318298913,-0.5703093729729075,-1.6870353517425525,0.7590773455280666,-0.9944567360396657,-1.9099555612738253,1.7611003213780836,-0.6292015995052456,-1.5465584855552534,1.360107941724571,0.8092042408836073,0.5110043420250621,1.0856352019245932,-0.17969920452212523,-0.9301115868701286,2.0041513064520453,1.1782681250663414,-2.116289533045055,2.3062594902376095,-1.3350112046436493,1.6557607739110372,0.6931020311721453,-1.0994325798278364,-1.1695637366659237,0.8832384606566299,1.168270025113472,-0.3504633760128287,1.9983125450010808,1.946355572357389,-0.14899643590466427,-1.2756966070298459,1.1743983746004065,-1.0015433386571921
ee566beca98845d526fde577f29ad36582ed1ff47dcc437cdf29f9afb19c0383,1,0.04140023282886762,1.8045437773328432,-1.23853119066608,-0.19606780555453462,0.35992116876032687,-0.04637788388258965,1.5145744712304265,-2.2035487749969223,-0.8369347568604633,-1.209574655232969,-0.8467739643057706,1.0063487871011465,-1.465030264695374,-1.8831020143103503,-1.7972211346331286,-1.1379253679740022,-0.9156672551334278,0.37716700237623507,-0.7589785766095564,0.1722590142490242,0.9007667506605511,1.0989117198906704,-0.11664110617360438,-2.05722492689997,2.465836372155863,2.3128266981740495,2.104115827460018,0.05535664763407424,-0.7213754601788109,-0.7693482470787246,-0.08350285741604278,1.0504076907158166,1.6367904583426522,-1.3433201616539638,0.06560675817811623,-0.13594717438776577,0.3046530528936296,-1.9580960633346685,-0.7208105853487067,-0.1305882922962706,-0.03930003832541029,0.19713669996360003,-0.6318057785501582,1.4631571434873214,1.3424887779374035,-0.5419874900979754,0.9440900220434806,-0.29690524368084475
79b8f959e61e758a830fc930be53e9f4db333360e3bba6a710616bf17f26b4f7,1,-0.3535188185006336,-0.8811879232234292,1.0317031279903806,0.7779886878574357,0.024975970622665933,-0.3869613059365627,-1.629394003340587,-0.611580210253069,-0.1930032300515081,1.4033272735224627,-1.0399379248450809,1.94847062340036,-1.6155973689933711,2.7751571611439076,-0.7239851538308284,0.7698194299498258,1.2858319250124108,-1.8198128499840056,1.5711606846463113,-0.7283996069701015,0.1760205078972527,-2.6159084786451756,1.5882068167390906,0.31983427153993604,0.0663438287526382,-0.24390990661861495,0.005639104052788446,-0.7475124725471047,0.11725949826808318,-0.7887809389220738,0.21467610967684475,0.1355162027246527,-0.8511861231714073,-0.052465678931576054,0.7363342211939362,-1.0628648872625432,-1.5289701621769693,0.22843860026509843,-0.28744585198618294,-1.4370347135559354,1.0181316940156147,0.563670061356418,-0.16891297358239515,1.0710943231579413,0.39802479710599464,2.3383842598005593,0.8678357997604489,1.207481635822535
16a0ea0910b90dd1eb76ff05d1e6851d21105de821f2246b64a5d8733cc4b81e,1,0.29335413827232487,0.5178910647324677,-0.7567156977186476,1.231207030622501,2.876366587635812,-0.22603750647097948,0.9995313191303035,0.24673119168021795,1.9673584383792673,0.7317486281136535,0.09115236786507758,-0.33196947575582136,1.1352130512196847,-1.5325670517297685,1.9574623572496692,1.3524572330106595,-1.6056356308909747,-0.689282404905984,-1.5147786077702776,1.2060273101098975,-0.11600157124601101,-0.1223505754596298,-0.31784210982703254,-0.020542797595633544,0.42039193817258047,2.2828749809829327,-1.207305964436443,3.5308441681659577,0.7271795856651145,-0.4001047979599832,1.1909430005567083,-2.7484968624030737,-0.7083930412972241,1.9993125813539034,2.996705338474378,1.5942438107576913,-0.2679165388502016,-0.11407199120175116,-0.6263061918591506,1.3720450375728617,-1.777193274059262,2.599795132259049,-0.4750942256351288,0.08159072809940915,0.5172640948461938,1.2890436093173097,0.7723282460263056,1.7507306240426441
3a748ea392a6dc4bcc11763535138597d92da2d60b908afa6df44a890665161d,1,1.4899592723400916,0.5422165065850835,-1.5526274726513372,-0.6922669307359094,0.1500391669340102,-2.9285767433068286,-0.9020974782161942,0.7512503830953433,-1.2933817043576963,0.15764402817300235,0.22932528453701415,1.2228016064416605,-0.513744625642129,0.8622648103203419,-0.6444611212955752,0.8783291126939534,-2.3370802149005874,-2.403803448811859,-2.320751150932419,0.37237218788189874,-0.32405153091739525,-1.657892908904671,-0.6000314254696631,0.2452528865025061,0.7000999430732557,-0.015024081317080829,0.9637763290893288,-0.9290379760835009,0.7148690682138128,1.840514616011563,-1.7354221985877045,0.5247145010436802,0.3951121851074396,1.2901685905253628,1.646564864543938,1.260830797415153,-0.9084023813505553,-1.7461620942183314,-0.2880569368187522,0.6243694904871412,1.1317052591415881,0.1717847969472125,0.40194790968710137,0.14414808018773584,-0.580411447498982,1.2385842682121753,0.06461130456468778,0.09215451365077376
fdca82c96af8eee9feb3414eae2321ff2d1e6e6d26a2de6a99953befc3079a46,1,-0.5148068182871022,1.4168418055196506,0.2515085512749326,-0.6698901036669573,-0.5916912833113674,0.37531735261667926,3.144214285851984,0.7691020630167991,0.783464105226086,0.567191671601422,1.7924718132088864,0.8048157455803294,-3.948995646210051,-1.470443821371788,0.22980690472549903,1.040552359388955,-0.6623121009087407,2.0673300582531597,1.6522713083408846,1.2436659430213535,1.6949648167522526,2.503884482638271,1.9521157843980728,-1.1112421794044849,1.1217620690771475,-1.6767258803597431,-2.264377114938787,-0.7703029035008521,0.8855240064304402,0.48035629000198826,2.193176470686277,1.278375761488923,1.9118698050034824,-1.338876480766773,-0.1160929977015216,0.8298840475770202,2.8034633260282344,1.1232555435811933,0.14177854000163648,0.10596554177856232,0.512388387656404,-0.8678466452115731,0.8870745647655547,2.0013117033109227,-0.1960830474932711,1.4143429823333225,-2.5889483968923814,2.1978163656122227
782538630a2b980bcdac841b3282490e68dc9723809f4c555d5c29a0f0da30ca,1,0.7977259006785797,-2.030846705257898,1.188468594917204,-0.24424261692652663,0.540787632748339,-0.7062365492058523,0.4328475045626812,-2.239539416592252,-2.2977207712880015,0.2311666329116723,1.5085417234847713,0.46623827668359324,0.13830575417786306,-0.9063226002395799,0.6737570071732687,-0.027813015594981477,1.8635123770063375,2.3194060175263624,-0.594968145209683,0.7494071715903876,-0.6639620775270085,0.1682749341372744,-0.9263987469661275,0.6441494697935645,-1.1899320752500395,1.4432455900553742,-0.17155688324878104,0.375447309961754,-0.15858876900266672,-1.841795380091778,-1.7295866192050644,0.10965480679273407,-1.6024203824604977,2.876510130429849,1.2230389316002768,0.12540747448021128,-0.5375843752568747,0.49312687189132987,1.5800672532103293,1.0648419884505338,-1.153316733001121,-0.027021165097498745,0.15805687089836273,0.8151711069366907,-0.5515496663912609,2.0220850525700924,-1.116977105685225,0.31411564746775034
d39eca93093beb05cf8f78f90594b9e85eb4fec93ad63dfa35cf3b857fa65d02,1,1.4253232080000373,-1.5470897227478366,0.852033930604412,1.9096518495338013,2.1632701327995916,1.975790785876998,-0.243836426025411,0.7776867985229159,1.7438261225871767,0.2795396911797441,-0.5533988312124893,0.6797681087673401,-0.07424549029528782,-0.9942396170247972,-0.11573676879138739,0.2990425833839913,-0.1285015560366769,-0.6480995986996818,-0.12767005564332579,0.47405085800171104,1.3951467432025622,0.7407031110986265,-0.0982880701597647,-1.0154440959251325,0.12152302031525572,-1.0979595758038632,0.8225717247666096,0.18131277345461927,-1.8081010524556183,-0.12211826187135122,1.9071812618436794,-0.3831630052601046,0.6860739234951347,0.22301151653798235,0.3053034023508792,-0.30152647975250935,2.7574142674788504,0.09779325699028757,-0.7438269174353412,-0.9257897463913662,-1.7477833562492262,-1.1719485399714535,-1.6074140667606658,-0.3714309640273906,-1.28483913215604,0.26934694197028186,1.8954220720414932,1.8736466104563934
56ac25423cfdb1116b4772fadd158fb4079efb8347f68d356020ac1a63a6d9c1,1,0.4795218413589697,0.533297362404563,0.5522216798393442,0.25996864335113645,-1.1101994998852625,0.5060421373870767,-0.10349733618252521,0.6599742641299466,0.23681086414121205,1.4545950989115477,-0.7852719789996531,1.4413204014451284,2.2241910729704846,-0.7727838232628919,-2.549204602425868,0.41129078221481485,0.5164081644407921,-0.1107215679563135,-1.4648671673449054,1.8874290514836771,2.2478442776401213,-1.471079064505278,0.273186878615209,-0.1539974182847772,1.0359286779557468,0.7759113404975174,-1.1963534295902818,0.39013261381244824,2.5230989295750277,-0.03750524745453909,0.5206244880778896,2.2683089834764467,-0.8009818382406999,2.5970243185121022,-0.37048710190016143,0.40697947344706453,0.9139683977859925,1.3594322018455085,0.17785149251637206,-0.02254504401773641,-0.6997909359650805,1.8739439061241123,1.3044428475309637,-0.5190277655060851,1.5050159817944182,2.152367968319571,-0.49031469437825603,1.526392474907099
ae0cb143d35ff0ed2d28bc073546cba64d868717b693ad0b8f30d93bfb9f691c,1,2.5801422656429174,0.9532598385937731,-1.9470358074920546,1.0842091722396112,0.16135432552012607,0.05754609943487177,-1.1639417318002585,-1.352976002607679,-0.9067195491181468,0.16202511836189726,2.4836297103522043,1.5454710558229454,0.9100378050652017,-2.902716026566782,0.12093710145678305,1.0460361040145445,-1.5602391303750558,0.5809756914432846,1.1782369142834441,-1.265045449356587,0.6175150586086202,0.4595438936315134,-1.4100910505564852,-0.2332727980228287,1.180125192884276,1.948589035664582,0.8011242191425691,0.8808548867158744,-0.5526578895677889,1.422095308300829,-0.042853727724913915,-0.004363064756872814,0.35716869464450435,1.4668785628464138,-0.3054204676990886,0.5676045570906665,0.4886579686993716,2.843635482534417,1.6733609603276223,-0.187272489172648,2.538838644002692,-0.9685685481239921,1.1005831604281715,1.0405254379742246,-0.9756469771414111,0.3244810622138031,0.5717187406386344,-0.7276945340835975
c48deb66da2a1c866b68b0aca9ef5f9d1ec05cb4992705dfb9466417ac1ea438,1,1.7499971202577118,0.6549995263214988,0.5148465057905798,-1.5685940924657378,0.9200870504949199,-0.04381426142073175,-0.8266289992521141,-1.5524204088503577,1.4066981572102635,-0.6662784928905713,1.5785271425939498,0.6725942232660216,0.0693076455682291,-0.8433438056793336,-1.9739461738674726,2.078974585675412,0.538045582418267,1.5005297177765136,0.033579528068776454,0.49725345039211144,-0.4732220557891249,0.06745346793897916,1.5044935540680375,-1.3730037830539417,1.9367749647425465,0.47837422829887766,1.2187920942518262,0.7186315812089872,2.0839082652869836,2.019086633848598,0.7909311691557406,-0.6725036762400297,-0.2466931778317336,0.8791648659869833,0.4637213690316613,-0.9141198423989023,0.5223998015764715,-1.2852767963667784,0.6561958338092825,3.2519371487288877,0.6560159447000875,-0.14226560318174597,-0.35510928375074596,1.3198223280340307,1.6021827524003278,-0.5353898648575854,-0.17340808795321927,1.6927068767068136
8240aec343b44a44ddcd1c2b2476c80a07ebad64f95f59a3fac27aca58661160,1,-0.3989424729277464,0.038039952679620015,-0.21823478922931705,-0.7883142359604246,0.4454050851728319,1.0570429353686006,2.1761952377230824,1.0311177805750247,0.9310195727216726,-0.3807654981517995,-0.4941909818183967,0.24410201113983482,-2.8495896201428375,-2.6757908279107525,-1.0460748598463288,2.3809052863284177,2.0520448223671606,-1.9217126987474296,-0.9060681720529575,-0.4865619165855365,-0.5334860280155209,1.0690320626930552,1.1595164240255749,0.7576098345899185,0.7233279216881374,-0.29960239821437384,1.1089941208272915,-1.1521847372770226,1.0026728204882707,1.0666527211771974,1.5447202850168504,-0.976659266567935,-0.5460631470774124,-1.41461777748024,0.4920271730886954,1.3825282954676037,-0.5790159665114837,-0.5744848153567768,0.46934367925190035,-0.19852835312433403,0.20893059864810826,1.2569587656662728,-0.02665668587418668,0.6953664322599545,-1.2972614750478357,1.3508852854433828,-1.108989271218154,-0.3277559574720793
932dbbcf4c965c27d49178d63338370bed4782aca2c9f35520a8e2739254505f,1,0.8877550880351228,0.46217567096497264,0.8974685515784387,-0.46618053623456285,1.5321247510791505,-0.9107201997560718,-0.21714920211781957,-0.5728368082140364,-1.2161758378199243,-0.8639433302477572,2.122849141750244,0.5756689569291701,0.7629564121308534,1.4095605941187226,-1.035515254334052,0.00598205158036802,-1.097433743401195,-1.0079853156037313,-1.0766947413524295,-0.5517428288931334,2.281272685524798,1.783187169669831,-0.36424784842182817,0.10302016201993613,-0.20085937278674093,-0.2589048500497243,-0.34665190724850425,-0.1969041934698038,0.6489072457128682,0.04191344559519605,0.6799222543076731,0.8791935511902845,1.1570964673011535,-0.8911079085782583,2.0431576415445343,-0.006562677824863361,0.22687589969875643,-1.3695033058225534,-2.539970287616862,1.0389191596604723,0.6212559598434216,1.3134952685503634,0.08789582764729331,0.09642617810864451,-0.029930290810206372,0.3859002832238,-0.24408656582658805,-1.4283004163284287
991016fc240a051593c50817be27d0cb6628b8efa2c9750d0336522b6434b736,1,0.49136860934502674,-0.5989875715957176,0.81645688857895,-0.4024387282485929,0.04926774783885858,-0.8308833909380418,0.7947799471516452,0.9387830771952189,0.3382799407770139,0.3780313660272066,-2.12553359102008,0.33722786906756075,-0.19504558953528994,-0.6445131827768116,-0.8605853058255187,-0.11359272371375678,0.5967651743255412,1.3459941076620023,-1.3267230305101252,1.4001133216103843,0.9172794168817162,-0.3545188460378722,0.7838277294661484,0.20077407771489889,-0.8188855597563346,-0.46505627848285086,-1.5358067380720155,-1.704703659606083,1.3661794048088152,-0.1455309800033317,-0.3984947119144321,0.042384634945272365,0.6996041348453412,-0.8891464255041964,1.6640567124007988,-1.123142316059477,1.5398835331300493,0.7637544691939468,-0.672103399277542,-2.236802190418905,1.1821358662859696,-1.2646686572503587,-1.9968719435112776,0.7541128490377634,0.6540534525610954,1.438927759898211,1.9733334369134399,1.221449089493393
3e7ea5c39fb573df813b3d7db10d840647cfede8cb6df14390d574e90d25d982,1,0.22309378704748228,0.10712136199909977,2.1946890595374446,0.6442052238371037,1.38006023028546,0.8486979453213118,0.6907720567675186,-0.5111937386473298,-2.0699303087290697,1.3472744796254537,-2.8683595817530247,-0.8783811452214216,-1.869862400337433,0.9025132926356212,-0.18118580378191607,2.318441849831983,-0.8501101948625484,-1.0404101619166874,0.5737129764288287,0.8242391048242257,1.098178375259164,-0.28497033398257454,-0.14212161293602843,-2.1766601615202745,-0.6831359869949776,-0.08612195829531405,0.21355341924545695,-0.5719766284618606,-0.12634235451537923,-0.62909256073594,-0.14477671341019505,-1.6038489749763336,0.41068365755650027,-0.725166131845874,1.575858416480242,-1.2307679149487243,0.2697251840235786,-0.5567809366472738,0.9318587429945998,0.5549919192543478,-0.2273702608696438,1.1035851209469283,2.060769476668941,0.7483769948117557,-2.6848519694256847,0.08401881290062785,0.003181248633532613,0.948913477647617
e9e45c548e3203e45ef89e1fc6f88c81507fa31cb71cecc413f39f9ec7168482,1,1.2928407000195667,-0.7226536717301737,0.5851288785707613,-0.7071887509758641,2.0730988885698,0.9376304048771814,1.8192579204224975,0.827564910809713,0.962993325672016,-0.09539427000703476,-0.8017923658900474,0.2986177135844208,1.839686508516076,-2.182622001593646,-0.46477104863225827,1.2790880052075162,0.856398399701206,-0.08951359314848178,0.02015003504895624,0.06186411648235507,1.9533230465771236,-0.4722615249662709,-0.2814696485849483,-0.6216344258179354,0.0001609689083839072,-0.0040771236333879135,-1.2361182717019596,0.4816588393673985,2.131134430788749,-0.08714799135355605,0.039033196042358886,1.4261534466106314,1.4983683057446449,1.6973894406409051,2.0200060902998014,-0.13015961735567555,1.4365459149040087,-0.2940846742660167,-1.5562317232331342,-0.41312351750035986,1.5487181981758111,0.17129597649820227,0.13894482965697796,0.3124519882171346,0.9853081082281967,-0.3613096897527849,-0.0847756908423433,0.4035438561208999
d20e704165d278ec151a090819d815ef9f2ff3b65e4f9c648be786189d78f055,1,-1.6866490215171228,-0.5086317603865794,-0.8772257033147408,-2.835811421285009,-1.7687628734167755,0.6134591068365793,-0.31284818670099596,0.630993403862871,-0.17183814377703294,-1.4329085287877295,-0.30005551708806233,-0.9311921530767042,-0.9237310581401078,0.9675830105844766,-1.0299120893962392,-0.7204698354539785,-0.34050253570814526,-1.1326603982257941,0.3730401697039986,1.8634189587017354,-0.1958755429597765,2.863563432460167,0.4282057157345746,-3.2916804957068106,-0.8556483690658045,-2.3941302659745296,-0.0630497547818738,-0.5007089450707835,0.16997239277924547,-0.14548478269326118,-1.4310032416742855,-2.4410057697947636,-1.436429662134303,0.16872930080654963,-0.7062028741931907,0.6993612022972104,-1.4824644931260842,0.5655116799305061,1.628619317743075,-1.6577769218288323,-0.00970379738645294,-1.853313494405119,0.8565678860696784,-1.0428583369738778,1.692183544452036,1.6360102982195401,0.06223751534891708,-0.908824125360251
9b48c5e1701ca74fa85417ca83e25d10305c8daee1d91087f7b70459bae08433,1,2.129892869257425,0.16252181551697376,1.7032950769290036,2.4530610013055147,-0.46064262010612467,1.6582022286013336,0.985201571016693,2.2506872539105007,-0.3319211840236121,0.791759326418314,-0.938865344301498,-0.31020097278555114,-0.580925271479217,-0.47691234363534185,0.24873856449564696,0.9070415374439509,0.08720948146790203,-0.20158991655401742,-0.5660583336121189,-0.6202690296056977,1.9823532428118193,-0.5544712995428136,-0.2034935384177412,0.8185434699202326,1.1614118332812255,0.17538825063523888,-0.2665267035982076,-0.6083416341638495,-0.8049325681455359,0.8447776707082382,0.6427787190370076,-0.0899583485008495,1.1331176816071955,0.4568861485933444,-0.8174484386265267,1.6454902313226767,0.5506159918475184,-0.059480542144941806,1.2172120370927078,0.806858284901966,0.8296217038062355,1.2540977501251611,1.2961040428038058,0.3559104528389361,-1.0054238063569043,-1.2761760949211323,0.6400476680241605,-0.3724659184473429
61a5d89cb79a97aa21fd5dafc4662120a15b3dc9dab3206d07a6bbb76078a2e3,1,-0.9094697076233991,1.3167068374872073,0.29341513626452914,-1.2754759610418913,-0.8830496723804828,-1.8402125491156445,-0.6450018923785577,2.612221854647927,2.7361049488019273,-1.511068958521123,0.268997276808513,-0.2910592396706849,2.0319240627313935,-1.4688167411114457,2.0905413297510553,-1.2585758367792614,-0.20146570029761485,-1.2923940033975123,0.8561698406961795,0.8733992530345676,1.1782711511691775,1.8129418959224095,2.9350695217036264,1.154897175240226,0.13788306816689397,-0.09469148772553687,0.42423421067167455,2.2327028087597993,0.29746341250431,-0.7260237179513573,-1.054441916207018,1.7866363396269724,-1.7252674370879282,-1.4398535650914803,0.9999392032482723,0.425257227547405,0.2285287164867216,0.6601828970234898,0.5173725731353962,-1.477189576649216,0.603297685435428,-1.791066565416119,-1.319808327113507,1.8481582777536796,-0.2799986893199873,-1.9698043377132475,-2.468073749662306,-0.01110552659992492
e0220d07a97da0495ea5bacb2a9040bec9fee48944bb7a40f3f69460ab1005c8,1,-0.6055588603319952,0.36574139046260445,0.3651082780123788,-0.3705575747169867,-0.4332765659930927,0.7163376496354628,0.45890780638797046,-0.44921601384249477,-0.2514871367329939,0.10798919604854912,-0.7443040471995306,2.0581947106743703,-0.7347886788622843,-0.19711323297623073,0.35722394701044213,0.5136479120833772,2.1931949850785477,2.756282148711635,-1.0338017472847096,0.5456620977516364,2.9082784542804427,1.1605597997987647,1.3470884902478861,0.33255983287285357,-1.287491369143975,-0.4203224233769747,-0.679315417808102,-0.23609714130899373,-1.3427343648526195,1.0202870670098059,1.2214210375433847,-3.3796943939751136,-0.4542260050772209,-1.4467184979896106,-0.9947754187427924,-2.0043971314530222,0.5258886006095514,-0.9489133577168154,1.6614967805322667,0.8542531483994401,0.4851175862668155,0.8925221896418275,-1.4094246154046854,-0.009008330125581554,0.4469740606415503,0.6410083573594527,1.3334905271990358,0.28646078937756647
dfded1407ed5ff5f7626a04e761131089fed9680348725a173f3c91e7b3aadb4,1,-2.652361416471329,0.16801387859637656,1.2591509531653426,-0.02611764805821526,0.9210001418946328,-2.130931103831201,0.09758382512630187,-0.6609713389687186,1.2372049138383086,0.6359328392736017,1.260291508845289,1.074502290120805,-0.6349789515471845,0.7971594639301416,-2.744543589577705,-2.5881175517114823,-2.154435678445391,0.76738087559673,0.6758417686686057,0.9741653824043226,-1.5578333143893324,2.3852158167464377,-0.44875041735104476,1.3848772192894419,1.2686998737854385,0.401371991673924,1.7390816356746888,-0.7603198134288646,1.8922863790072884,2.8827447579883287,-0.6721492635616672,2.3584272976355427,1.5946291076847963,-1.4526639348672772,-0.054359243581531554,-0.3118865982083241,0.31705608312757283,-1.5733264685544746,-0.5466954031780885,-1.2423049012830218,-1.2671061334166167,-0.5212084683351459,-2.1919117024598007,1.0289562868668156,0.006812995480166992,0.7342771165912491,-0.0535868266757864,-0.03159927970898968
7868d1b9ea96f0d78b1f9745d68a73878f7973eb356e8f82cc280566aa26d7db,1,-3.3117753890381563,-2.183249737425238,1.1237438280226038,-0.7771816693885967,-0.45192823232720114,0.9771223049449417,-0.12433500368866207,2.060528195889293,-0.8402903707862976,0.09570400136806134,2.3696897735122215,0.8038267750189029,-1.0851405897242692,0.870336448667222,-1.0033223153758195,0.12623374712784013,0.888876214392412,2.170891453545682,2.949086947591402,0.9251693736466768,-2.6368903197830744,-0.0035493902914445763,-0.6531148166647158,1.951126431146883,-0.7988715771014765,0.2698649630456731,1.5483140085458549,-2.2333499988746968,-1.2107796865019405,0.5844361375048692,-0.39771487113292214,-0.16570218513900659,0.49725065680502084,0.9220804967493509,0.3915472518968753,0.1485475399067392,1.8999050573893295,0.0027039777002104692,0.5912043429271682,-1.0091087688958584,1.0151083778204986,1.9725510176646206,2.2391979818845655,-0.04643449535558067,1.11268332692957,-0.6680445393317187,-0.3460076917138017,1.5862331583168106
de91c2723610692bd0f4e5b615f67b734a3a1a42f1729cc7a18417abad852a98,1,0.5343653385557927,-0.08066928743560875,0.5431653733798114,2.568004747733938,1.028629666730007,0.6961971645865644,-0.14129152686370783,0.9394354585432033,2.1578351816261216,2.7287762412017704,0.8033943948696664,0.48726759043892637,0.8613202746063543,-0.012392178625132644,-0.8110335404421225,-0.11343186793204918,0.02582116484549657,1.5252084054858237,1.974884310067818,0.5127021199449282,2.682540811176726,0.43180932657360654,1.1320506785468667,-0.6840194081456209,-0.9434761076017562,-0.651218149679408,0.3094570901399175,1.0357026771702946,-1.8153482394999585,0.361079438553391,2.0745466361133738,1.4059117770433802,-1.6809192227516336,1.0151334291443914,-0.2569791603356296,-1.057131808978197,-0.7158141798759534,0.4864904215860563,0.4581785131527501,0.57647923401033,0.281738560150149,-0.03870983635369606,0.48619864312295225,0.09598415128103702,2.6672717399464165,0.6951833109746115,1.5197587171610918,-0.1263229809834776
7c0ccab90410644ae15fa42827dba262ac2706bd834e51f6f273ef1971916b3a,1,1.7874452714192008,-0.41958937313792827,-0.3375682879402826,-0.597359629281472,0.4062854099887746,-0.2243200405597778,0.8131410505854273,1.7195151877184531,-0.7159490740357164,-0.5063834427763094,0.9767137059396584,0.3670315210505729,0.8053847531720046,1.4618665238005621,-0.30882258195231094,-2.226992698047396,-0.2827734502746509,0.35817552205528913,-0.7562572163812213,1.0562278568843682,0.6894130755594282,0.7967534275627841,0.801010164663537,-0.2806028359677109,-0.43529145723976714,0.631763319846077,0.8693291279563424,1.58170206663172,-0.05068805818790045,-0.17218123820079034,-1.5247561991027636,-0.3556632265559003,0.42201829682508074,2.0443456045233255,0.8713842434327849,0.819665450746135,1.7792833265092758,0.20018918483073,1.1500770402996017,-0.34319424195517234,0.09430640748916126,-1.066438037141239,-0.7791517721453347,-0.03497653281184665,-1.376058633777542,0.675834528403741,1.4303674836183826,0.4209944882766487
f315dca0f7de73612c1b53e84bcfeda61a7061333ed933bd3ea6dad0b56cd8a6,1,-3.4114173811142003,2.0974226618400293,1.135656113603624,1.131044332598249,-1.2640383198165113,-0.17965673929524706,-3.0583035486232824,0.6255355371619533,-1.148350620136866,0.8297397579554087,-1.0404790286243928,-1.5199254497011412,0.997478815715596,0.527375751655214,0.42343126380857266,-0.6105405913388237,1.9045807612661423,-1.8302212690491548,1.479437411029167,-0.5627835059111153,-1.3119998348889819,3.17459254441251,0.9179397399086124,-1.225688605790356,-0.9729022166909229,-0.3875303085672861,1.1709702465142746,0.644330374236168,0.5430446397643561,-0.9459397608242941,-0.21404540664616897,-1.9700302387101987,-0.6102879416731154,-0.05502057023496265,-1.0039564131708936,0.5159537709196167,1.1002207250791223,1.149096892678486,0.4339151809509646,-1.1662105789823345,0.38405749848067755,1.1561506503019374,1.9827551663059744,0.5832989502336434,-1.6426083347023779,2.7741993926914117,0.7149772765948987,1.1738469015487536
d21cce55ebe09a00d507f7d99033b7bca6c262f01fec2902f1c28a48d90caf74,1,1.791458930024142,0.6779343777561828,-1.2479333784125828,0.7722722213432563,0.52999495033915,2.445789477972572,1.5508162804921044,0.32760351132475224,-2.437576101441518,0.4439174975754633,0.8590631617983452,-0.37382102685671853,1.0684121432166191,0.37733960348175466,1.7217368663654722,1.5207520265607937,-0.12418799431173533,0.11776032169179612,1.0081518997936723,0.3460687692843889,1.4329450930548724,1.7845746940510028,-1.2468613800330046,-2.01517402055565,0.44747765858250366,-0.22478097770994573,1.7639316653298693,-1.2357007673810425,1.0224605136884097,-2.108884062497577,0.8241301006131697,1.224414639919508,1.330433413579318,2.4153326804550193,-0.5892644909134317,0.27672324051558816,-0.861093837675915,0.2571840752130378,0.03084909249447168,0.21367531550304739,-0.6181555070224594,-0.026105368400070494,-0.08436638979670813,1.5209346827921553,1.3240597264506606,2.0293389644580238,-1.3524954200253085,-0.9668582445115376
63cf9b7a2db7d89f0d8453addc96970382a91f6a796e386062976e9c845efdaf,1,0.19763065893883386,1.9819743700374874,1.2484683631143803,0.9925611760633417,0.5109461870621512,-0.013756829115991465,0.9084859357774012,3.636441137868727,-0.16295563847080224,0.6018683101070146,0.44642311892159325,0.26695801799012353,0.2411959537676539,-1.9059730108757253,0.6178728847662013,1.755284404585745,0.5649926737360262,0.01620315121520436,-1.0006411599364777,-1.3666570132985583,-1.0139792724003742,0.7936144021766902,0.3200787629512868,1.6155970950670369,0.8866613046450411,0.6500864419378032,0.7087284298226953,-0.05676018296183355,0.07462926323526606,1.091702037796222,1.185391705852418,2.2998499080386914,-1.2245907081244378,-0.16163483187620575,0.4205305849441771,0.640765855094238,-0.765662691811616,0.40594012058744816,0.5292600725427642,-0.3174551984370021,-0.8178304392156351,-3.0092324422183063,0.0930073237386635,-1.1922735004201654,1.9632067147373167,-0.11038058014184932,-1.3702842875967125,0.7168425506193496
41fe533df4fa1b69525106d078607b97e52bdcb796567439238e06863e42bc86,1,0.5611515946926563,1.368796143192083,-0.4063391688817537,0.9574937971331007,1.0312728535387252,0.5971960707886694,0.5268960928052524,-0.7178678167982538,0.4924781310725762,1.8946358629041284,1.2899989673006749,1.0034026726247194,1.39170550555054,-0.8529755094969438,0.8242614430868169,0.8917052677562536,-2.656556526654973,-0.2781192097529419,-1.4983457866924677,1.1316030987275019,0.9212534164725461,-1.0885306967848372,-1.6600135081378644,-0.4431707482257583,-0.9002010522568836,0.0906436385190823,-0.34976819497676087,0.6648028353199364,1.2664784195569452,0.34585052153117957,0.5500468479847116,-0.012019958889611937,-0.3890693126241612,0.07367723730560727,-1.889870463444243,0.6150984632162235,-0.11742736630696193,1.0909540843381893,1.2562989708401189,0.48736974052154275,1.2588115700761735,0.6678833857563083,0.461204709822746,0.40380088745354137,0.8367066059055802,0.4561011280084504,-0.9307945125636667,0.9138791887386102
188a46010a71aafa203f2638af480193ad68c8a16ecd1ddf675667434310d01e,1,-1.9459557754956198,1.7350555820324627,-0.6554037984936846,1.6505703119623423,-1.6719042461439726,1.8355456033570845,-1.087084769147121,1.5449974384536715,-0.15589734795669544,-2.57692623413372,-0.007277992124676391,1.3078161355241114,1.8242109570023413,-0.9451595098358201,0.26164458619450204,-1.018454463868027,-0.11008849317070585,1.0827276489931212,0.40958078451260466,0.10726357838318334,1.6899108582617695,1.5797662741978047,1.677822431614819,0.9867728537763609,0.29937053976758865,-0.07421827038803225,-0.16893302277607836,1.6821026815904994,1.1123720777257873,-0.04906203107445581,3.0146721863167896,-1.1711665915019438,0.7304072111699291,0.2872070706440744,-1.3757981282983787,-0.6279932361501049,0.6589773402248186,-0.01036924138078854,-0.07911281958788108,0.1000782813057911,0.516083762597604,-1.4825367805597571,-0.900290123958405,1.1223280761298384,1.5338002527203776,-1.2635986446096157,1.467475749805534,1.5060564098404474
9c710adf7edf079cdf22fbb8b983f6283daddbc2db0fe1b36c632f9b6da9a4c9,1,-2.051347694616707,0.9518633569907734,-0.21972169202023917,0.19533066252176412,0.1944261832284292,1.5639020060308002,0.35676222901070553,1.7631049509150427,1.4107220631169144,1.9134249062500575,-1.5216203508557942,-0.9067222340406595,-0.8438416686462231,-0.47485239594610684,-0.9085947693914225,-0.1293562840257455,0.5642790751194663,-1.7800579594426424,-1.1020470620910416,-0.35096625730935604,1.197830899295346,-0.18979332695075202,0.03346098962901667,-0.6292078331987847,0.8569563248794845,0.9012236566862395,0.12034289050765268,-0.004864875000129609,-1.5654262521832891,-0.3695900654173837,-0.37564842435028223,-1.5427060532717851,-0.1263119609550416,-0.15467860906098518,0.2697676803088684,-0.3069386522714965,-1.3488373225845902,-0.7138199110569419,0.9701753335179385,-0.3936160372800518,1.283530428719418,0.8561183598119622,2.546130434515735,2.5125616842276157,1.1238619261639728,0.10778823502461099,-0.47250938230176953,1.1545417032573764
1344231199058368ffb4afbdabd50c996899c550afe557e801ff000b7e81cc79,1,-0.4055307496658592,0.3168979773821715,-0.8595288311349703,-0.1608425345934587,-1.4295423794456874,-2.975507520775169,-0.2589744136299088,-0.6023124543277454,0.6088998329316648,-1.8470397377172918,-0.5430185902137581,0.9205176369065275,-0.18083262501561317,-0.5835930474915711,0.5622881601347222,0.45376591994647286,-1.0342593241266487,0.018888893216218477,-0.854762752211023,-0.5588902042136947,-0.5453672461405275,0.6470339457781298,0.2788698142496135,-0.31432824144137234,-0.24851219955361642,-1.164929059734156,-1.1119797956066422,-0.05425490579145918,2.536169876330906,-0.0732973830722965,-0.004073124737039968,1.6716971403935066,-0.29841819478796583,-1.3464189247216907,0.525522684128145,-1.2342561134572625,2.186929476116916,-0.0501297997229313,1.7707351731084122,-1.8256631644180976,-0.8205028520248557,-0.8157788422444535,1.9737008940504648,-1.3450672910933177,1.2207233633034673,-1.5225063770274567,0.9820803976292553,-2.314794972514571
3b408c59a3a5658f69474b4ffde0cd9cf043078d0f04fa45880e48049767d7f9,1,-0.03038701460165849,1.0148184628515604,-0.038863260905345025,0.6144395618953327,0.40614485690881,1.1696718437741853,1.1256279564765073,1.0351602788243766,1.0122351019822198,-0.42632000730340175,-0.16528603379600676,1.0477330464028975,1.278908583298623,0.6142478521771046,1.0113769183410932,-0.9518844972920618,-1.9746817474876566,-0.040596406388694106,0.1400295026397334,0.47379027591125145,1.2065015396201444,-0.37714618517434495,2.394529585000188,-0.8054524536257353,-0.3258292945660335,0.4129252144050564,0.41046831497034053,-2.3239127372940573,0.754905034189463,0.43491100656453097,0.9155792549061721,-1.7038221794539214,0.012758175836958263,-0.6930564730025528,3.2324529832815294,1.4663750753129108,-0.495102758416366,-0.3643184427838768,1.2081613180060295,0.9145115939618198,-0.18601110391548642,-0.0673245969504026,-1.312982978591856,3.2763879297703085,1.0795232377209463,-0.807291408235523,-2.9479906034920274,0.9060541179121563
42634c95eaf4df6544f3119ba96efb9e65801d8d37bdc2e321b282d4d264861e,1,3.3943341217048877,1.553869358651987,2.1463858505194717,-1.1699412237372258,-0.5261253159240971,-0.5819411770470064,-1.0300581711997343,0.7896889048670068,-1.2281135544653436,-1.3861806531535215,-1.2850982421184678,-0.7690161433451581,-1.1904854319880318,0.08730450357959385,2.961347769493286,-1.5883665312853184,2.0866491779113723,2.386812329225908,-2.7281281661544443,0.39462987898580704,-1.521845298046005,-0.17242360821228803,-0.20679169561786004,1.6589628693570053,1.913670763428249,-0.1272086369129552,-1.1586065241720407,1.5169011664009624,1.9058293820401633,-1.0936553280977288,3.0815338415943057,1.2136459759478688,-0.6315872121669656,-0.5278974756126709,-1.0697660241058742,-0.9762883546871568,0.09736690294348928,0.9254711404122204,1.2928487361731353,-0.108519717290265,-1.8532038463915486,0.20856562141140356,-0.5807371972667106,-0.5643996020475068,-0.660179553361143,-0.6147369620230959,-0.6164443311318499,0.09894963516604882
03b82ba84ff15b4469e270e8c7335d6a0f0c8a91b2b22a6a18993d8a24ca3701,1,-0.06525847709712104,-0.3662061399949349,0.5410024103039833,0.8498357765477763,1.11860146034801,-1.9485530330005743,1.3675892575484156,0.6160445489681053,0.26654618148646014,-0.39892787554560627,-0.3340614274055447,-0.7270635641068717,-0.25835775562433616,-0.11993399906947566,-1.1091524751688235,-0.7072159961221164,2.4050103127992983,-2.9413306376813697,-0.4831542555827825,0.27631179224088026,0.8313691400829875,2.0345476957798203,-1.8377207490402903,0.05565882347722091,-0.1429150368700809,-4.238639305689119,-2.1134113940419708,0.8704129142258324,1.8025032778880954,-0.5827583648404999,0.7682335369769229,0.9590186101569418,1.0744760191174445,-1.0058563263377995,0.8345971799938708,0.6703389968745777,0.7407000609855425,0.280033496243142,-0.0883601597102814,-0.36178603379369556,0.4552475413892165,2.110962475176244,0.39069801448376884,0.6920280602436502,0.8422452653974442,1.1146118123325595,1.3941139326375862,-1.106050848097236
303f732947f1b3e417e8467259c3715adfbfb4f4646baab46627fb193a22da4b,0,-0.8316573088618269,-0.8081661673346987,-0.049150696647712544,-0.5786174798647532,-1.131975188087989,0.28247352985063234,-1.5030439586179087,-1.7848082582118163,0.06093206268676474,-0.7426747794538333,-1.2223243243474613,1.2809387298143855,-0.6403119446837662,-1.7555113811313914,0.7794452966251786,-0.16281245167537206,-1.2200790679702525,-0.9337631798026651,0.021937571819858476,-0.4159667332051456,0.8782107216725984,0.991625260177882,-0.3354249496757258,-0.25740511771641605,2.7246594513542473,-1.5620295893831646,-1.4564734670455084,1.9801944962802915,0.6231126394161858,-0.5032316135568051,-0.7028683911355948,1.1122007674412662,0.3682638084692781,-0.20967101933514593,-1.6419114415907665,-0.6454863767454764,1.9461275313506807,0.8839608326314803,-1.1532777183431262,-0.7276003508898834,-0.26866499873793526,0.7035083523467447,-1.1051132228832588,-0.835767963447818,-0.17716701086287862,-0.2742486440729849,-2.310492688196798,-0.928983221948559
d8598a27ff52475d2a0cc58c7720a537bd19e67c8e9d651c6efe699c41dd0f6f,0,-2.868948547984725,0.33576791143496126,-0.6121223149221712,0.09165236426096154,1.0846041433167404,-0.43302073609894876,-2.6486186234982165,1.7357077862328256,-1.1872944150916436,-0.3239815806739531,-1.8434287344235871,-1.5479134884294168,-0.24001247501506268,-0.4324294933613894,0.4766678772110303,-1.9514476944186636,-0.19970206423809334,-1.7507325968491831,0.35593285089349913,-1.1208573571747245,0.10178767811903766,-2.34314124924243,0.3298859785914649,-2.966576689774708,-1.2182384195308762,0.3693575511101356,-2.2292386325386673,-0.22699481645706765,-0.5794015710214009,0.11530198641774891,-1.6392107635493172,0.40239868420874864,-1.108903971366064,1.9609605569295516,-0.027696137639754648,-0.6179278774057776,-0.2552840233601149,-0.9518538216929986,1.423357793999291,-1.1400972394851956,-0.38380632202242604,-1.9723963534191875,-2.657523858640265,0.8461404721861734,0.18790997351976768,-1.335908698945373,-2.1762035359595178,0.08101504691619965
4e8521e8adeb7005536797f0add3f5c7cb97f95fe805bcf2bd42470b4501c9ba,0,1.0034886696962073,0.3165223287720532,-0.46234870056869304,0.7366920066565703,-1.6548530419519487,-0.40030207785256355,-0.6787051856059871,-0.40475487175942315,0.10633237980398459,0.5759345706220186,-1.8663153935829069,-0.4609852139506003,1.0910811183456555,-0.17736304372423017,-1.3750480016692959,-1.5712323827484456,2.4547511411043805,-1.4561898099047352,-0.7868643711310422,-0.29867685873864425,2.069709474411085,-1.0150771235746707,0.0701477163491585,-0.747950361969765,0.03346540172757939,-0.9283984084369861,0.2784626265832143,-1.4627419660951668,0.013560965097335065,0.3851775238058566,-1.366664841835237,-0.4143167148846021,-0.010642112308321364,-1.946923293915241,-1.2812217946812496,-0.4803202474349814,-2.176932192890647,-0.13214289563681117,0.18105606110918188,1.5554873681106487,-0.5478382054013646,-0.08218785209515489,1.078561250049812,-0.43029551832750407,-0.10912347699199945,-1.5287413228946307,-1.7614990009635825,-1.158372058660518
b341a7af49bc4e8fbfccd6023f98083bda14aac54171b18359b7806857b79f55,0,0.8228715577578751,-1.7998306090285976,0.46294022436955934,-2.2580285331252963,-1.3824617295447954,0.5269724996500302,0.2289249957557316,2.523210110033851,-1.8703748772773316,0.5966399506505935,-1.5302914468738529,0.09868515270437378,0.30191272954107173,0.6708095991763333,0.5322417199492873,0.8216978695891706,-1.5693446529576704,-1.7866451135527508,-0.9014907542124542,0.6605659271523686,0.4931235087776292,0.3871566643672414,0.7893590654402249,1.0736275350724744,0.9218340270619702,-0.4247749054693357,-0.30565161378863737,0.48989487533155357,-0.5714221098171899,-0.003798336533245905,-2.6446625028859074,1.0122293128811237,-0.5688115000224334,-1.5257575217982384,-0.005084798176162031,2.206932022470024,1.8279875611897947,-0.6522320056462865,-1.2710236488529432,-1.818877121939995,0.11477839046370353,-2.9519628618549634,1.4351467989115585,-2.0872611208559837,-0.918242952783342,-0.27545198628735623,-0.5846284067462484,-1.8723456624614676
042731dd9d47f5636a89ade94e13afca0a0ada58802a46f3c0f517272938334a,0,3.0852162614231275,0.05562575238337519,-1.2991877373217948,1.812364931362291,-0.943266152972422,-0.36687746976175084,-1.514435089594351,-0.5483628832549441,1.879225150451397,-2.5824640727071113,-1.1116269240485033,0.45156293922981233,0.17935381317570076,1.0995048121692168,0.1574759906168585,1.1507987373012785,-0.5379905229537683,0.5229354297530989,-0.07499390232824343,2.8041835777265414,0.3621495432710806,0.7033362492902266,-2.1766071922187997,1.6460894300571336,-1.7129999164751584,-4.026327474783911,1.295073640697991,1.1106697001795154,-2.5016117310532184,2.0479038039627118,0.057755301519054045,1.4503030756262154,0.7049352875561772,0.18219670740769467,-0.5429220586123411,-1.118472853649266,-0.07953778455328014,0.2625627190410029,-1.3803364127032323,-0.9139516849868876,0.22047176796541645,0.3566409916780796,0.9511511264056653,1.7417603721001642,-0.5880173113289544,0.2623690384922003,0.14454601812044152,-0.9034136577651898
7ad261c293707541044c79505e74a3c7b82ec31f321d20f0fd892bf46c3935a6,0,-0.5726224883687747,2.277305150696693,-3.2517164392067714,1.2802853591459589,-1.1083328009267175,0.9796504115557698,-2.271132141560218,-1.6509002979555263,-2.6328096744333154,0.023509934529530152,0.12872651331600693,0.5538549388806219,1.4689480876287064,-0.8904779875124507,-0.9517959249570127,-0.7373010227124344,2.807365541166314,-0.3631066042097525,1.4573371772410715,1.5866001971992505,0.12494052721947568,0.2612681787079342,0.6006689021986478,-0.26447107673608516,0.3407986842561418,0.18062170557327567,-1.2452699926468087,-1.6557032648987333,-0.5065803363625252,-0.4956644309103213,0.18368173220573536,-1.124829653416758,0.8013721575750565,-0.42295127869240723,-0.18665260390955285,-0.4285797587774212,-3.1432053316231596,0.2285877017894976,-1.558676751865791,1.4482846844757196,-0.10267127943108767,-2.359951521853645,0.7707411657762067,-2.270000417780575,0.0775428060326453,-2.6579680499188174,0.4441804536698392,0.5662829680542463
71513a9e22dcbb66b093de6ccda9d13a02c5eb2176c91bea4f2d121a44a48910,0,-0.7752517108099267,-1.4186043681009997,-0.4613698749859787,1.407217341266993,0.896334380589958,0.3424483250027278,-0.8277402677114635,-1.385238996448359,-0.37097030378719903,0.6341226338434616,-2.501328011622137,0.0879611087329541,-0.3771676732878939,-1.7900029991553748,0.8168079867922113,-0.27711926157540995,-0.9883089901278119,0.21319004671340724,1.7427176337661934,-0.767232814733164,0.2916406095344361,-1.0874917120025036,0.4893586037923161,2.2238167035460426,-0.8516786491000408,-0.5016478518469596,-1.2757645570179799,1.7642823530923035,-0.20266066398933147,-1.7669835760573251,1.0365184055991954,-1.396176275259854,-0.12219613001814719,0.5462629994193017,0.5828126178186757,1.2570972945844345,0.6785743506424073,-2.0698648384194698,-0.8851286625837893,-0.3521045698276025,1.3673536924715888,-1.192582474507373,-0.7319223998009351,-0.6007506394816875,1.3799794210820147,0.7822358090377199,-1.6061446024750952,0.4476327245935322
c18b3dc24dff4f3279910fc73cac8eb35f04d0a48807d92186de4a37fcf5cec1,0,-1.4971470522657984,0.8647181126652098,0.43610571707150414,1.3760387487999697,0.01288491488446697,-0.05857683992634599,-1.4508456554580653,0.477116228605049,1.2584381982197221,-0.284451434071885,-0.5828961006330076,0.1217792229254625,0.9489455007479957,-0.5253200272613625,-3.357079527056279,1.0744248173761792,-0.7098293445737858,-2.231504549835183,-0.9782929459888869,0.620885400247624,-0.8854127400554122,0.8619794488018941,-0.23738309645696962,-0.34883333972252395,-0.6967517869109118,-0.811330816291788,1.4986222174012485,0.8444833640981444,-1.2041403968337794,2.4611948607035528,-2.541900864730113,-0.8837011651530031,0.6771173981730756,-2.724844107000292,1.2030198443333662,0.45112102176030056,-0.025497173830131614,-1.0077353179688127,0.43509507775691,2.2400086505800427,0.21120831688832464,-2.5322192180742285,-0.0076368303719817066,-0.05411711339223905,-1.3347357119322607,1.172939834443222,-0.4912787884773059,-1.1028115811387438
6c2ed91b8f53686dc6f4165b0fb19bf0df01b7612e2e2b2d9f7ad6313fba9a92,0,-1.9613312394085205,-4.343877279104474,0.42691814995791844,-2.0950237072244358,-1.0739397414990905,-0.9403122334186238,0.19556284936840485,1.1913941764371352,0.4412390086745711,1.5184422030717717,0.04614805189736107,-1.6487345996444405,2.133010331342174,-0.5558460934405287,1.2941427410922017,-0.046233884666951997,0.6318211281480328,-1.0741341015124972,0.281089293403202,-1.189387802551766,-0.42770193575600357,-0.6564726637828691,1.1973332414817142,-0.4259995128480635,1.3691592474859229,2.7088022746552083,-0.829530180455234,-1.3770536210208069,-1.2932351345329685,0.3210166555493093,1.6240352940490772,-0.07493908662089144,1.8059777706129483,1.4034433247328875,-0.29547106140176205,-0.25769311817622664,-0.4953216565527323,-0.23063685373005266,-2.7877693202447404,0.3276612603153337,-1.214201587948904,0.82943899457298,2.2735728387716954,-0.32690922052871735,1.852573675061132,-0.5765641572672077,-1.9905321110050433,-0.557858408194953
6fe62eef131f7febbab6ac63b752366aba7c95b8b67f634bd48f5459a89ce7cc,0,0.5478634764635334,-0.21291827840207134,-1.2065000340480565,-2.276214055344562,0.0735317258732458,-4.789090519120166,0.7805367641468712,-0.1373592314718231,-2.193656593710382,-0.240085907973885,-2.2035043675339643,-0.7995065693825321,0.8079895887806119,1.1560576376916183,-3.1143853503595302,-0.9906223349206869,1.176048592705851,-0.6424643227709983,0.9315479449367662,0.06586314147573069,-0.6000602405779836,0.32821282049818506,-0.4178808999696856,0.203611026493156,0.4417169848355712,1.2629228394101197,-0.7588625919908638,2.0233542589416755,-2.031115693629576,1.172892477073891,-1.2861325498204121,0.2656041333385122,0.5082207354916468,0.46321669292694334,1.6106183180798084,2.3691796089518937,-1.1589376194162966,-0.13630516178632224,-2.443305227290405,-0.27401171872025704,-0.7119673112667976,0.6606479326983468,0.19324231416936366,-3.1223292147035404,-3.0487652471330375,-0.5346101181863401,-0.6186023215385301,2.261258367453878
02f282f4aefe7e76b17cfc7798e7c8587997878da248112fbe33c9c7822b7b2b,0,0.2515043110403097,-2.1619981441968203,0.7085505485718284,-1.7234451214047353,0.30486347518567447,-0.9625191564335689,-0.15196410391696075,-0.7949120117159482,0.8545928461878282,-0.5901675672305862,0.5954670842076968,-0.5033872693143997,-0.681084547424375,0.34657364394631335,1.3582840885529663,-0.6718582134018972,0.7329041489277651,-1.8534047135800609,-0.49878208104241206,-1.187625873194467,-0.3122303032188719,-0.5101153819788056,-0.6318230116220105,-0.4291046648793355,0.745457467924054,2.1052653167724285,0.7866453105080164,-1.3022323970431737,-2.10224524844723,0.3747169979684388,-0.1575633546903168,1.4403805867767239,-1.7488901682688438,0.42202258500387446,0.008047649824617975,-0.9284268449473163,1.3848598018640939,-0.29480203234856034,0.37476723461369255,-0.22961831244768982,-1.1122052009075765,0.4422706621439576,1.665454627366582,0.061255454783019504,-0.6642439619658081,0.6512614017225689,0.5518891195449892,1.685156968039152
b5b364632083bafa59a083ef917e49967a791ad8c5ae3993794eda15ecb9f89f,0,-0.5358190295736498,0.486558361241504,-1.7751760697742882,1.350669200681931,-0.4173914542004464,-1.5925774916631554,-1.1152076302399867,-0.0002378382199520468,-1.3600033832066243,0.29920169970147836,0.5162308027549666,-0.7620160761493734,0.32811729123935995,-0.956803096012788,-0.6061690294366805,-0.964199938256165,1.0769612992674524,-0.2617783414708368,0.3377928700088761,-1.8268066279410538,0.6216945660559673,0.5647285459031902,1.9553815056320452,-0.39064392431448086,0.3101019364652755,-0.5667608622828,-1.4947729468439874,-0.47915228675316335,0.7726120142808917,-0.13429471000856186,0.3839638492116002,1.009950894025741,0.49538332731201307,1.210391305746013,-1.9105388251434454,0.003730674427683711,-0.48505812422423233,0.029907955191223135,0.5189178703461668,1.9401442960368596,-1.0451001238185298,1.304127156988321,-1.8344673335600543,-0.5119874594581628,-1.2028785015547807,-1.3606997027580996,-0.8691746672479764,0.7330160694332926
c1d489845e3f6bf7dd9b0f397ed555d6cfbe9ddfff983af569c6904ec4269245,0,-0.574614205460461,-0.14243819863329304,-0.4232417899954113,-0.37573372763877305,-0.4362463101483394,1.9264275484537454,0.7130522742610911,-1.4418806543936267,-1.0649025202162938,0.6650982446650788,-0.2476509462892001,-1.2317287399236803,2.5788814507590487,1.9479648548535382,-1.8227947436826972,-2.3553387172366564,-1.5963943924307404,-0.26081889925220697,-0.009829666976956086,-2.6329534338311213,0.5237033890374284,1.4983578783442415,0.8212582998920478,-1.3191094473275466,-2.24974040692176,0.6884035122593944,-0.25772792934730876,0.6534979018080787,2.0342275676279504,-1.7991341130187,2.0611056384487703,-0.4033921576411018,0.6293822708734504,0.1305335055540771,-1.4584948973199707,-0.41496330170756546,-1.4917490917521294,-1.1122756850506001,1.3706209270762804,1.4081674496589822,-0.9894212633869678,-1.607770044478619,0.21296164676739088,1.1325637851952295,-2.780686808420317,0.0970538043168167,-1.8608856433034382,0.20083646011528888
953dd0313901bb19d674df5ed69d8af1f2208e759b046afcf09b985130679ffb,0,0.4945586612640069,-2.4400824045375114,-0.316789788403947,-0.27909504496077,0.5383527175519153,-2.025415131629818,1.119026470592195,-3.5886142550535642,0.9976560079685048,0.7711013593127201,-0.4169576354697827,-1.317980291066453,1.3683387989951556,-0.7842952515910376,-1.4041059952052168,2.13414529143637,-2.040423655128336,0.13846989053601944,-3.007067164343971,-2.858516197419518,-1.5073804184790607,-0.6060992289652493,2.1551017850805994,0.7561091739272163,-2.3545938190055757,-0.6529852880808302,-2.367121070357942,0.030681935741420807,0.7897318050077308,-0.7911810686667994,-1.6831215911501016,2.531883420970357,-0.08573208328029225,-1.3059698478740902,-1.934866191493753,-2.139427178062623,0.19183171284526962,-1.5267520089443456,-0.8026120080763515,-0.9179357940759624,-1.0567262409961833,-0.9558813910048986,-2.2859351433519075,-2.3462585304804087,0.06636126919820867,-1.7565564701629106,-1.6306778729702174,-0.5705068270582409
290455025ad553b6adc456ca8fc6f54a66b2b7d6b827bdef106c06f9a371689e,0,2.3243371627725384,0.2777391075997804,-1.7381279556546816,1.1270505494196226,-0.9502081474163512,1.8447233960463305,-2.3267041392332324,0.46709830412116105,-0.42568871482127624,-0.6269056200655303,-0.05620671746114678,-0.8552667340573705,-0.5300403479986006,0.3099299105688277,-1.8906616851733258,-0.26543746395993645,-0.23711604306159728,-0.413750304680359,0.7696681969605147,-0.4082194348081295,-0.31440242374827426,-1.821034643486555,-1.1731367740432335,-0.6528901104256077,-0.27403209007844026,0.8522748326461004,1.0857766190684135,1.1941306008959476,1.5774612019649865,1.9960315936082762,-0.29472524928822263,-1.5150257355222045,0.2568644418200366,-1.2724678003228012,-1.6258023863201982,-1.150837805636368,1.180428189225898,-0.7208361368106813,-1.5370477590676976,-0.6977665235967289,-1.3159934912715332,-0.799843563079564,0.5606903736977631,0.88013224131177,1.4903495006336034,0.21181733620539434,0.051654684953150724,-2.711795248995771
3e0525b0174d0a74aa067048e838ded64c6cc7dfcd980f4339120a34e1637c9b,0,-0.14185669054790123,-0.5119789311465548,-0.6308517941974858,0.5439355685256574,-0.8221586773527916,-1.775355454328448,1.7378239902899397,-1.7072134440683924,0.5360938186434618,-1.9930902814018432,-0.1154903675419772,-0.06252596144311359,-0.5292276416957774,-1.3682574401828589,-3.5101150637599092,0.5209675540017041,-2.913995368518712,0.3958225169040555,0.2579278324848232,0.37320840255789356,-0.2380137053071313,0.8351120223915213,-0.7032235043153803,-1.7787439868890123,1.9130069896135768,-1.0129332551020613,-0.0729735382669714,-1.7328181006451742,-1.6573389513059584,2.1408637480673054,-1.276941758440629,-1.0936277323045445,-0.16280884135130658,-0.5332586971712451,-0.7504406457742405,1.0676869657853951,-1.9314139694886274,-0.8890293940907249,-1.8597047796029802,1.005526088627601,-0.77934053107057,-0.6839685606348467,-0.9285271752221433,-1.1082899877117731,1.4194652488022867,-0.0360348127450395,-0.30865334819018536,-2.0113837193769633
235b2331ebc5b62c5f69846e3fab61dda3712ed7615e5f657adb480dc961b640,0,-0.014221605503978746,-0.31816024935824627,-1.8288462018565759,-0.7514337482503359,1.1804821029101982,0.8968674556258704,1.5088576804475335,1.9257752659387652,-1.1748836254945654,0.2594681214582086,0.5538420389796845,-0.2630468300587467,1.479771497421938,-0.8173753969549833,1.2945928268767684,0.27474856183263563,1.0768903444053592,2.3733361517539917,-2.0285474637154635,-2.2572996928636346,0.8175069258545378,-0.6993223651511796,-1.0447116390797033,-1.1560919355578243,-2.243021296554586,0.06386577960511775,2.0032176486054496,-0.9955178170903496,-0.26819108889852983,-0.9198759821364124,-0.10136481812501275,-2.636425615368446,0.5611185004488594,0.8806313979530169,0.6940465957290909,0.6683235547508072,0.3378072282462711,0.6774940375168863,-1.0457984956416992,1.5395333288528907,-1.4432477454916017,1.024467751304084,0.1037841294800661,0.5040700446017088,-0.43245704501358806,0.03664681664925812,0.8510799601619057,-1.2278974346288485
5ee52ebb3c6b0f376ecc258432cfa7cfa38132a145999dc02eb40383bf23a263,0,-1.1527693625434743,-1.8445737023627296,0.9067665685309299,0.7697653144527343,-1.0062665531777353,-1.8413340650486587,-0.6313018556633745,-0.6717280234357551,-0.260219351506988,1.6898085294289908,-1.5950026593552984,-0.1408268624513851,-3.056265140263268,-1.1855044838362099,0.012814630781708525,-0.6920933378044214,-2.2646079094889844,-1.9499314369279652,-1.7468389438265985,0.02211378225355809,-1.250863632243088,0.7921062495988735,-0.6878145932993807,1.0898739536977315,0.6050941092551285,-1.0461269048868334,0.9178422187157194,-2.4340705734412245,-0.025134660144344678,-0.09718576814643459,-0.21509419467756813,-3.061990681680965,-1.4598407699835878,0.05992466555013509,-3.2254090289453536,0.302457254718124,-1.7936816446697303,1.5160923387892966,-1.9411821743328572,-0.5663524320417797,1.2252096711809184,0.5633070649799475,0.7306515701875061,-1.4481575083326617,-0.6920493113924358,-0.43300677167246954,0.9663229125203354,-1.2560478965679613
8e7b7ed570b34aafa99aad21843ac62234f9b2efe3c5874cb13361d0ee53d4de,0,0.760947703473768,-2.473304447799176,0.40247180358662427,-0.05127742708133065,-1.004750588839204,-1.6874759809938191,-0.09859334651888019,-0.46761756267246746,-0.6649547524876793,-2.0783430604136237,-1.6152028235251863,0.8756349708177222,0.735758759823173,-2.0940898286388365,0.3878325560338156,0.6395993304071166,-0.3723175445755959,0.019007051899865512,0.5684886307905881,-1.6672887508559258,-0.786752899268047,-1.1694561427116228,0.7372747432104441,1.0287326924728584,-2.908942356188933,-2.4353413576802807,1.4804120069554145,-1.3951372076588768,-0.17763052685636083,-0.7672127795140078,2.062343494549933,1.6391837706205052,-0.6111833004801315,1.1849321718614585,-1.1494919991773906,-0.4158194941129233,-0.13231733748856733,-0.31830867489324355,1.6054878482103985,-0.08316607902260365,0.05440965403661094,0.423026058046475,-1.4823229339366,1.8626281494651917,1.1371021724509927,0.09457121166822952,-2.2378638923155574,-1.6416498404693223
78a388ec8750ce1d307967b2b9256da38f820f6ffde03751d9c0f57a32713c4d,0,0.16322043013609544,0.1793570577178055,1.5602352080664517,0.007564524057805791,-0.12024042901327892,-0.808365029235318,-1.0517658709215096,0.13872883141865772,-1.1944679258271573,-0.41088603545290203,0.46733212286004383,-0.3359246168489843,-1.1805847086006087,0.3167863135182891,-0.2748694774067192,0.43958669763847746,0.6130779390079749,-0.4386004480168283,-0.7068058982986931,-1.163557282831878,-0.5618024872517091,0.2106013140089808,1.4639175725801543,-0.38416247693675076,1.579662063649981,1.6053236395281714,1.5327337652750408,0.7048283322469486,-0.26479155717566594,-2.1004658699231302,-0.7719568445119634,0.019062345925651702,-0.20292286875552362,0.13976544609299169,-1.5293647883500254,-0.6087490335573915,-1.1620434567844917,-2.181013539805662,-1.6646418137969825,-0.12473963638276417,-0.3315656161857795,1.4243765068056544,-1.2851011836427033,-1.314462283694331,1.0176478303765129,-1.5204541559121543,0.9136625635305367,-1.3060693469979614
4fd9801c8e809e2abab7cd8c632c8dd709357cf75fb50ea0a2d944a264ba8417,0,0.4076085489095058,-0.7359664470368597,-0.4172196758699841,0.5071272027443248,-1.7689853441314538,-0.39411458058346965,-2.3771314540316535,1.7764200561723267,0.5118874346436201,-1.910996576670507,0.7297678646602147,-2.0845309233589773,-0.27391956649586513,-0.9173430203207444,0.151918319604803,0.5148256498232759,1.9414641197946076,0.19339145069392194,0.4501721165119523,1.7955601541940296,0.9218268540690928,1.3175420809501202,-1.2555821780812062,-1.8903610168736729,0.2432777554536019,3.1910864787849604,2.151253835838386,-1.1838659982018878,-1.2016602222098425,-0.8036858133031866,0.28480974585208285,-0.6446631213584324,0.7232156565027033,-2.0061304998748564,3.332835075957531,-0.6448240870725914,-2.569174361297374,0.34922785284499497,-1.3104643687732822,0.520318738518064,-0.9586283460041574,-1.0447014282515952,-0.005910833938003512,1.0398075925145192,-0.00491160209901087,1.7617103091873956,-0.5000172176205688,0.2266470049977563
34fda082876c31fdd277b1f49cf469da9431e4d0d30c30928851653c9010a3fa,0,-1.4873675417708663,-0.9427576937574511,0.3849137422751305,0.4769197000661156,-0.6614856925347581,-0.6992260961376804,-0.9469045506022974,0.4895396255411415,-1.0111876381824194,0.5131274499762893,0.828138844952853,-0.29214569386196654,-0.6876151414753126,0.8393362754579925,1.4223832203192617,1.300522192111784,0.4905903359370911,-2.400814639004933,-0.7157270291998966,-0.3766320832982508,-1.8145183747832603,0.2688546837317177,-3.071299363637004,1.5204314606671558,0.7712146318937079,1.1689394834436155,-0.23497271597207997,0.9077627753499993,-0.23067544201465917,-0.302134447753309,-1.0450123094871406,-1.5491150200523207,0.12610855398521092,0.6532801552915479,0.8707927053731478,-0.25433886607343903,-0.9572804246656033,1.6640136497796074,-1.9892797153354809,2.582778475073421,-1.1773911078367736,-0.8026846867837213,1.5674856189188984,-0.7179442309834614,1.7190902346414048,0.4356396876610096,1.4308333558353608,-0.5207103943182986
f779bbfec90d43f4f872c9221726e6de2104fd42ed1d6caf686693ba61091cea,0,-0.8005896639325204,-0.6754802210519115,1.1097685149066703,-0.5344845976347188,0.5372466313517521,0.4295594004175884,-1.8901036389144823,-0.8566584851353047,-0.6347508217478989,0.8108573805878518,0.07677583094910645,-0.6345019319341303,-0.9286492235972772,-0.4279920737824555,2.37730843400455,1.765603995953281,0.34713766851262196,1.0198112439003777,-1.366745139626757,0.7238673340134205,-1.2482998647089798,1.4614573886221465,-2.391501269113064,-0.2860352542034233,1.6394968015252152,-4.21553441991027,0.3442824939347252,-0.9982026545495126,1.7104389916908405,0.6760068883749568,0.46407248963554965,0.6803000412923598,0.29233977706225195,-2.9486022588023095,-2.307956210354313,0.12144396500865284,1.4827688019721288,-0.39532107820833884,0.10875142034565422,-0.12678240011007164,0.10631449775383364,-1.1798189764534892,0.044131518671053804,-0.045517052402053726,0.23865740338142113,0.3147614595495618,2.7566680545450617,1.8072740878373228
3f8ac3c8bfda5b4ebfa5e7b5eccdf2ee9f4dd9a59f9a0544ad2562ef1d7dfb04,0,-1.6335774767345883,-0.2007494857079999,-0.6056458867038523,-2.5011692924262925,-1.015419271519964,0.23022154511327075,1.7181512645107693,-0.019575366326519295,0.8750254193426008,-2.014487805260719,1.3109234792195734,0.5303794405509723,-1.0224161784682744,0.19069997402643302,1.4615093515376587,0.32286685962668105,0.7070661624503661,-0.06530899673981333,1.9494640361407058,-0.15518342535668572,0.32930316137574145,-0.2589914435997811,-0.9409626444804691,-0.692730438919107,1.1884020175931405,0.42103883380747364,-1.5260227410566334,-0.14525339281314462,-0.29754406240120335,-1.4277202962460716,-0.9791474389340239,-2.586389689585815,-0.8200503514784805,-1.308306437850189,0.3710106030927758,0.4172689902988298,1.6231222600027455,0.24717702636942002,-1.0883123333295335,0.3792570455593307,1.1465321816843317,0.6868913958003815,-0.9331093841549853,1.7090593485228431,-1.6588352039216774,-0.9994535553892476,-1.3837153818255645,-1.0342848787442427
9f4fd1247e717081f6ba7ed008fcd2e4b952b16f82c2394900431ea738bacb5f,0,-0.3615402255291933,0.602760509543703,-0.19279876989739875,0.11010170256462146,0.08038194311324007,0.5213537791287354,-2.0103539856690675,-0.06470507254266766,0.7453299830093187,0.6279870001709309,0.9126707424793362,1.658185176040158,2.580649844408182,-2.1480140657411146,-1.5242109629632834,-2.074656317218947,-1.0456586309153666,0.7006603410244758,-0.20881069945754854,-0.2412948616527909,0.336551784864828,0.8378530244746532,-1.5212297933442969,0.7610596286882545,-0.338494734202877,0.3214009098038927,-1.2943244122535424,-0.41889238786664545,0.07426187316392324,-0.45112091284826117,0.1641064436943902,-2.467589815565378,0.5149218633562259,-2.424212308556723,-1.1113722838190971,1.0166197430630513,0.03890261809855833,-0.31102369962627674,-0.47293532705739283,0.5914304397738286,-1.9376293479384832,-0.17644464210613786,-1.1698761991795696,0.42444746252042953,-0.24413599735961544,-0.32213581694646765,0.5655829253985984,0.5725834147343969
2f86d51db2f4394de0f4532e5ae274c540d1720d9e8500e32435d863031affee,0,1.357335689118561,0.7687364211501411,-0.5912277141944595,0.4451861545193735,0.34536770323392707,0.9542751418316757,1.6971725916055607,0.1613566853251112,-0.42739417805061797,1.6763681614882902,0.13850677684339266,0.2160353524841201,0.003124296787790082,-0.36982036836330345,-0.4160323045960015,0.5576078365047185,-1.1571011216372225,-0.40714735049185924,-1.4843232929658967,1.2069502240914938,0.07774848209137608,-1.4777675907859904,0.6522974483704215,1.792667332831086,1.404337039723336,-0.9876423489364017,-0.9894361567705456,-1.9874082450945516,-0.5392345524434266,0.25001667240720304,2.3066594049109765,0.18452220571644254,1.0691423719028899,0.18524635143572743,2.589675832486826,0.5719091593276309,1.04685155068334,-0.9538290349457702,1.85098336222294,-1.9852283518828664,-0.21566520458229954,-0.05457803750627349,0.1434242129488032,-0.05814264644910713,-1.307982841472319,-1.395151346489319,-0.09033142745770331,-0.3891566951994071
5924876f8e7ec59834254d270ccf01476d04fdd8df2e0120848506e727d51377,0,0.904102193759313,-0.1076110517748127,-0.7837420025613795,0.208137675626338,-2.0994896578040554,-1.143712410626235,0.2514456413069042,-0.34024900515173356,-1.4384674687973864,-2.20954418438797,0.89178322712654,-0.23703480215697176,-1.4257787047161083,1.9510913615332084,-1.7470594434622049,2.1333505943604454,-0.7851787181406009,0.8150989752019047,-1.6812274008672576,0.5089961165974983,-0.20125965207595736,0.3510007012227023,-0.671479369915185,-0.6348056744138897,-2.1931797495225633,1.001625375081923,-1.430526446444046,0.011479939033057857,-0.9466587454094398,-0.8127361273803729,-2.777565627732638,1.7688631941310118,-1.267492672684453,1.9484299087874097,2.499120581914154,-0.8966367527474315,-1.0184371986504577,1.2660653618129127,-1.1050238998630666,-2.023240578884301,2.515056510749656,1.6642454034395189,-2.180066614633975,-0.09350801006006709,0.335993904258799,-0.3580815669763733,3.0344870484874584,-0.1252340541604648
4fadbadfb531a4692fe3eb8ded975eda7cf616fef4972a1d57f0668c931bf351,0,-0.007748152291458699,0.8843746983060305,-0.6987520372706473,0.7058526077286045,-1.4759695578482193,0.829464922823228,-0.03833165916796266,-0.4653070088307326,-0.7601561510806337,0.6007959756320536,2.0615736440030905,-0.24280162136087013,-0.3769233300297527,0.1914509130877844,0.4404889473519368,0.12334182727548773,-0.4172510700213603,-0.4099466661639043,0.006219779146666354,1.4471063915586935,-0.2619483413018491,0.9908173092104845,-0.7199597579424486,0.876681893139083,0.14907671691406388,-0.27276648067685794,-3.113356570256297,0.8760907173948604,-0.39408195963857195,-1.5338825908886111,0.12874989185688168,0.35516229861358173,1.8373865657805037,0.9971564823168098,-2.1062230041825947,0.1851844629220486,-0.40144350070659796,-0.18884679397813203,-0.6980823146873122,-0.349119947281511,-1.4050634240411761,-0.31565980305412744,-0.5482648994770611,-2.251817193113324,-1.6343907315131667,-0.20161314897405214,-2.0865662426014397,0.21566095351995074
09755b7ec64cb684aac80356873a541c9d914f9923cf6a5b8191a95aacff4f4c,0,0.6665829333495105,-1.58987537431326,-0.009252223233723794,1.752184026859573,-0.6968149043859446,-1.023347233848806,-0.20451742720386157,1.0292821559410812,-1.3360694720154909,-2.091550087478112,-1.0530768898352998,-0.319244225950074,-0.8353288313896094,-1.0750045441237273,0.033968200653792135,-0.8043846257637471,-1.3769190833264862,-0.15050132931969248,0.1359911050077645,1.1536711283769314,-1.063080623480457,1.058532984913966,-0.4022626664479496,-1.165858603355845,-2.4150481021192647,-1.7312721867950847,2.1358919910854097,0.9934031871920971,-0.32157722744809253,0.45267875338121244,-2.537756172278404,0.0370030958857957,0.3263615272801379,0.27301298431369814,1.158709247538836,-0.004234863117055898,0.5464937615087228,-0.7840715028594112,0.6870035779901037,-0.2855749760833729,-1.630684039948378,-0.2343229772492209,-0.5679215670986186,-0.02178638190018173,0.5166300815194814,-2.9207841179625333,-2.114025874387344,-0.5648009899476376
3d7dbe04ce045e1f7f5d81e2cdc52f4b2becddc476802930df035976b82c42ae,0,-1.347782792892187,-1.7175750831403391,-2.150869629235709,-0.16522892879047663,-1.1090921003511038,-1.0959302721822342,-1.1682903941422151,-0.549668085358935,-2.109932250383244,0.6861919886166833,0.21742078548812316,-1.472607610979063,0.11025707086603387,-1.508713957054776,0.13334184348792644,0.4754067094141117,1.3002110727187457,-0.6468807421928513,0.7373510478256979,-0.3767321143359876,1.2362978879757038,-0.40142257684110527,-2.0497311656492165,-1.6341335145944964,0.6833573149963845,-1.3532495355106147,-0.037126801907824886,-1.5831356494968039,1.9909233715024381,-0.7243238245546597,0.14859810718817273,-0.25296709643723897,-0.339350744136399,-0.3728191878128795,-0.24754611820300776,-1.5190178638689518,0.15872633560771554,-0.0883103984890386,-0.8021268361947257,-0.9588123677115468,0.356563240644697,0.1688947058775393,-0.5624808997453498,-1.4824070385141943,1.5168908554904847,0.8419867384360962,0.2985085956580775,-2.1352319045259347
c1665c272f4ead8f0d86e631269c9bc9bbbb55ca01fd7faa894fce01c823722e,0,-0.08363846077854911,-0.881940267329303,-0.16320051965272453,0.06645311302017376,-0.8494702258448996,-0.9373729264088855,-0.3881330988860305,-0.6916145797317055,0.9183790723057543,-0.603125860355766,-1.5616256136369406,-0.08183780282846678,1.177617623583654,0.15950086320676274,1.1565586099768894,-1.1322985375443957,-0.5453434813577789,0.1274062450006344,-0.2853278042877144,-3.780771584348389,0.8823570858975007,-0.11490085189119689,0.6251476727764975,-0.6872994106502662,1.1174731904168593,1.0972280214676007,1.0890838377632257,1.2391431315891586,-0.8877135059081925,-0.47811202560640065,-1.2275660791459093,-0.14539996688039622,-0.7202308817553957,-1.4311238022147048,-0.4149130111775573,-1.648090156529911,0.652657228017056,-1.3238195674336253,0.015778701485023194,-0.4729665426432311,-0.8191313843415218,-1.080758466753409,-1.1197864103159685,-0.8059779977158016,0.7468514264541438,-0.019113208760819678,-0.25960613515755915,-0.5016515149102814
c30975b5714c7a386358454f452f0d1f1a150aa655d0154a43fde135db3fe1ac,0,2.2679811855325323,-0.1416750415846914,-0.5280756272551506,-0.6049729934008342,0.8741091101708329,1.2994699538839967,0.7167131676065739,-0.7722723721359858,1.1907827952937153,0.7787711600731085,0.8091404796729921,-0.9567069007595105,-1.3939489634010584,-3.0722314944169447,-1.7669971063399683,-1.8790467827455244,0.862128659630574,0.10037962541879819,0.42905172006386944,0.4861899120526427,-1.0296022381103698,0.09119177575099735,2.372672722573896,-0.08835397482017213,2.050116184762951,-0.08363049474664075,-1.3427770958804615,0.22135320593532642,1.9433165215475234,1.2004765254432255,0.33977011823828407,-0.7151198714687813,-1.5803585289484476,-0.983778049603884,1.5076175719220684,0.9353405694674592,0.5086748147986168,1.6591537664765648,0.3972108728053719,0.043435874382724116,-0.4554044824795299,-0.044085584082789064,-0.393512720550121,0.5298114780810687,0.1345879498032096,-1.054534510434558,0.9797869254884807,0.13857872027801324
ee40e1fd06b548dafdbc4d9ef179f00467df8d9dcb7ad8cdfdfb6cd54a4b592d,0,-1.0067916949489262,-1.8275230024585727,0.0748852585340814,-1.887166395547259,-0.042134877104206214,-1.165485613186172,-0.49193405066923157,1.5976128198881534,0.30749141490568044,-0.4834695627009807,-2.190726149650284,-1.4872660686635093,-0.010752955724383062,0.7234788066022158,1.0672405043470645,-1.1097679625767864,-0.4867499161251698,0.31798813198633136,-0.16156970915248237,1.1489150694707055,-1.0742857106526154,-2.02372382358571,0.764523435873196,1.0006269756156496,-0.9208393079573951,0.7935968919681576,-0.7420462915217076,-1.3023366163353076,-2.11935818651867,0.19463647644324833,-0.26742510984863577,0.20046968406368976,1.956314029589933,-1.1446437979980226,-1.510198753351404,-2.078724152805074,0.21062037069441153,0.21041744813760058,-1.701293397178424,0.11217846054399894,-1.0231235981216629,2.284464337132456,-2.0292325501943176,-0.41461565158492264,0.280795127188262,-0.9786908196297419,-0.2974569718636954,0.16461309690105452
23f40094c2e2b33b3c5a0c1575a7625686d48d354718838df6d25c2befefb548,0,0.33777735852730745,-0.12814649198024564,1.4631787520717001,0.1857234532093961,-2.380977769132695,0.960370535343563,-0.25344123693413817,1.4534639444791069,1.8724265712393873,0.0339087356801584,-1.1042910872220069,-0.8582898990862691,-0.7826286688083163,0.33236276025861217,1.397401735964023,0.4580899998248309,-0.4710835146499192,-1.2605446636126596,0.5300719788858669,-1.0015464898724933,0.3885007643892589,-1.9771606243023196,0.4667278209511635,-2.00766443707697,0.6426243675022068,-1.08012658961689,-1.139914317570921,-0.8366794610562722,-3.8777107004791422,1.0561915912881836,1.0168384790580816,-0.8369857411775017,0.07558374447596158,2.059797255400901,-2.1371690743970353,-0.28917821239419145,0.6918929401285363,0.46813316825801227,1.053637250229661,-0.9105416164702901,0.4667819178515826,-0.9866452833581861,-0.12451613998072397,0.3141473728735547,-1.1754683746823742,0.07909268166946029,0.4637423980811576,-0.19023931538313493
aae8ec7f423ee1840ea1004d2e3f99227684b7f47ef2229d192d7850852aebc4,0,-0.17767218958467434,1.1684012475043066,-2.395731315858251,1.8833991295700538,-0.32900618383664965,0.9743344279402839,-1.582897478568879,-0.12100735924378225,-0.6035567389743711,-0.5668762727707293,-0.8643013653523836,-0.5904993584630569,0.2464449869765481,0.03715815036713144,0.02742426494432293,0.18227429043328555,1.9316146935688183,-0.025962468461582844,0.6641579215660927,1.5180854411679423,1.7846711221548714,-1.407614685060591,1.0113040985880968,-0.3898098748895368,1.3204145914649346,1.0218747219107653,-1.019770025419068,-0.1280895054828599,-3.0160961479548796,-0.49616335001923684,2.071590212988342,-2.8591201117817615,-2.1745671619871265,2.4392765364560365,0.04323231383427495,-0.6155463925811632,0.05521552690469472,-0.01287317661918349,-0.9556919265601227,0.3952890970812599,-3.0476088278119313,-0.36380502719560626,1.4401400152377701,0.15191029875442985,0.8002467376957375,0.7346785164056622,-2.6789571430913792,0.2503538827790416
7e61cafa3638afa20296a06ffbaf54c587671e5ee26dbc9554bd696fbe82c5c8,0,-1.801024003734571,2.019890287000162,1.1037164432456816,0.5635680373511962,1.294104583067557,-0.23966071593972704,-0.11290885523985617,0.13552602856775509,1.155414101155409,-0.9178344863987382,0.725054499472785,-0.22656711027444387,-1.4110984373432642,0.007446759676517201,-0.6643750222152168,0.23300924365831627,0.22112246452451656,1.5428563690970167,-0.7627056889711358,-0.45808363145280506,-1.8819278601705056,0.5612455224405124,-0.2311556162912994,-2.2758282740052755,-0.8166942340946708,1.5398221238634102,1.7835307590210012,-1.1090466348698096,-0.13282815271222087,-1.4662867952980574,1.0108898292560393,0.603772563346864,-2.170880530286491,1.8613690819307895,0.4600993990236944,0.65163348949395,-1.171829429430272,0.778060039648224,0.8196320225621958,-0.24736643285325782,-0.32691458831591935,-1.467585774685016,-1.2996377037051399,-1.0109949784319165,-0.5262959457581564,1.1261571949735485,0.7726229648808858,-1.1951504269782163
a0563ff3c33bc6051f18d27657ca69115781afe8a1ecb4fdaeb702e61fd9c1d1,0,1.5929382483538292,-2.6337016468096546,-0.8393718190237639,0.8603124656407224,-0.2698555613266229,-1.086873515732866,-0.6714729053698529,0.40103127225276214,1.753186996493874,-1.6366621028023545,0.6651489828060014,-0.6971477713027303,-0.01624163640559767,-1.4695175330780261,2.33865481719313,-3.251683074196702,0.8887513287268334,0.4845197163693933,1.3040285110041738,-1.775406093941493,-0.8641920899191405,1.4267720112910203,0.425996431211194,1.912946612067095,-0.7908134601733849,0.088294549445528,0.846198426698395,-0.7397651893936359,-0.37814167990664366,-0.8390384071421528,-0.8612914865762205,-0.7209507145132761,1.9048444443550525,0.6601119470713014,-1.9344159915331551,-0.6000713189256882,-0.9282459694007673,-0.9444141464356756,-1.2673324164245439,0.17476475504779,-2.312073433191169,-1.8774518512522076,-0.27226412026057956,0.7245513603357261,0.20881135663084338,1.266712984665199,2.567526263362792,0.894409002330181
61ece4cd8b6fa71796df1fbd88edb0b8c387033d3b128c52d0e6c741816f96df,0,-1.8063780198756083,0.7396167243787801,-0.2587144445796121,0.024948075863700403,-3.012194948095954,-1.1681358575135512,-1.7041253893698867,0.3270801725206647,2.6585642378686547,-1.5064796491298336,2.46847345134405,0.2580071640510359,-0.6651791901451116,-1.3752316011750776,0.6496176648486607,-2.4628819338217536,-1.4957620553975777,-0.18065019326062798,0.2712316011748541,0.11187407313761,1.2710955794907992,1.0286651826525466,-1.8371994297512277,0.3020742204363361,-2.017026781533614,-0.8189379145633323,1.4790822278574218,-2.386293814019668,4.09924044194576,1.1012538880374787,1.3922396267298573,0.5216639309038911,0.6878162376604391,-2.683066442059424,1.3682077738320984,-0.8812257649764782,-0.6730462373449451,0.7214196079549449,0.19178055414652923,-1.3019379572850647,1.6105780284903124,0.549165901004608,-0.17712348977769646,0.08220772609851859,1.3587502092695953,-1.4505916209766319,-0.03344381618810577,-0.40872896925346636
3df5300b75052580a0245bad9feccf60f391f3a690cce86b73b3c9da0f0f0856,0,-0.9055508985299993,-1.773891972095957,-1.339670027475758,-0.8495157572621399,-0.34496759340032257,-1.6323465144005376,1.5934213125245877,-0.5204821422511164,0.26448917631965874,0.0339130240145919,0.7892200959234652,-0.806198376684214,-0.9236764450957886,-3.211699598638213,0.04648192038739252,-1.3115481504679454,-0.6394793364318764,2.0195801786898286,-0.3746496523051689,-0.032328659449894825,1.7287792507269133,0.4166346846838937,-0.09527266100178167,-0.1757378356267294,-2.4754517238317484,-0.0681964569914264,-0.46117458522977806,-1.6084706522213588,-0.06440730605095413,1.3137548442206826,-0.17570013264488732,-1.2114157778789463,-1.6715877899186289,-0.5204251600875529,0.23852774925435458,-0.31191251702194767,-2.587708321994372,0.5034014343224885,-0.2863782347252214,0.3071039768276645,0.08392456508604929,0.08045294328191087,-0.9143762955208494,-0.03936348877999207,0.7822520693745361,0.7898858433123321,0.45472719070059564,0.46547343835409083
1fbd5a76d81ac4918292b3fd6deef220a9d250fd235509de33c4d0f6e545c50b,0,-0.28791788232552706,0.9800066732974241,-1.914267030744851,-1.2626637208356968,-2.280796593275648,-0.6591668158371362,-0.02756402707867503,1.6718452805431643,0.6203797688586501,-2.255885533295297,-0.790576127790544,-0.4673521519040846,0.012351877180251325,-1.4856477494261087,-0.8574452132787007,-1.0724023154690476,-0.7601200936017389,-1.042008527555317,1.0547751822628801,-1.0319802779016387,0.4743715312693443,-1.9832440277082557,-2.2193564267367303,-0.24171692817690527,-0.8050307501405218,0.9438885628535034,-0.05620611804992959,-1.1115141889875817,-1.6171648860550614,-1.3402327146059583,-0.06481898676797238,0.3852847313557658,0.8150022180470873,-1.0527744649385384,-0.5838150919729326,-0.01774052927042108,0.6035550746706817,-1.930159499883351,-3.512719726470171,-1.2922587762680982,-2.014136995610779,-2.1451161162068595,0.18808183523341726,0.3045457803879613,-0.14301766261676713,-0.7681262514423928,-0.9682734998735747,-1.8132325789879706
1af250fb6ef61ec187c39547227c6ddb80216ecadb39c69ff9a23662c8f8b9be,0,0.5169195811480747,-2.711373232528051,1.8094084039262002,3.574635986112064,-3.0591689179523396,1.4884296719933245,-0.46218192835309657,-1.392818414999259,-1.6224178369660802,-0.1502542044436696,-1.2156167554601527,-1.650196564463398,0.762811434050185,-1.1241034292448095,0.8753373975190155,0.5041308035042898,-1.180706101302887,0.515389655132235,-1.7135198368582005,1.0094112098257912,-1.179696055131974,1.5029696480763983,0.8771271552994847,-0.6316507079599075,1.1420793701507113,1.9466228806016026,-1.657228219116312,0.859099378263324,-2.151117300060887,1.6130482739947103,-0.22857225385741753,0.20084003602558054,-0.35367289582025097,-1.736521153758251,0.855158328890228,-2.340921070838595,-0.6021083700539265,-0.22779853308687628,-0.43523260523547946,-1.6304041433744454,0.3970002200658966,1.6628896105780906,1.6192584338188558,-1.3544956698853499,0.2011055492487137,0.5120629796753191,0.8072774648004811,1.8265386296901132
4f993b8ec873f7e2c0e4e77516786c2974fd2a589579d089070c3cde3516c48d,0,-1.5527898445955175,-0.6292984592924764,-1.5714768322904384,-1.6851649010455703,-0.5399504178881283,0.8537407664250829,0.8863561918383667,-0.5021547217124986,-0.8845149252538793,0.060869886390662764,-1.2980012770459899,-1.1216099790066136,1.6326653512403462,-2.986355795124129,-0.9802583748511877,0.2738535899199449,0.2545613484228898,-1.849395444491964,0.12769481516788694,0.5945421109409017,-0.19414207534714767,-1.4985479443443808,-2.2531969491617567,0.03690715730128974,1.3553256019636128,-1.1237657533081984,-0.19898781932716228,0.8175620236529701,-0.29654963133206214,-1.6959475448914656,-0.08721137643942684,-0.46972090543609,-1.2836567390539064,0.7084629285440258,-1.3185807941226069,-0.7165851092402871,-0.9563683556993164,-1.6804369998005706,2.5236048187258975,-0.37461515495583536,-1.5023804119887068,0.6715599024499248,-0.5906463587641778,1.2530027191586015,-1.155000368517364,0.5968602560472633,2.7918942693330004,-0.8537875226439764
372ef33c72a18185128c4599073ecf5d56883ccc060c6c49a1c316b4574966d3,0,1.533359685128965,-0.7250812272697652,-1.9134163388435832,0.0072056154239165116,1.4679092094462354,1.199477406742009,-0.8515920130326755,-2.3646978095166498,0.4291352290523608,0.40180292381880994,2.1007947596185854,0.7873671365375718,0.383700913200846,-2.2757337830844038,-1.478274292193558,-0.5766065442276855,-0.386700495703286,-0.27156625288346026,-1.393181169078838,-0.3614493941112113,0.2686647355074482,1.2903470827747427,-0.11998226444684176,0.15263972086614164,-2.409238437630307,0.7370616978636867,1.4988391417081366,-0.26245914256472175,-1.388638866699711,-0.9823036431171396,-0.7174604461387842,-0.41849179836021455,-0.11954426355899528,-2.307798387332532,1.834623093772529,-0.24484942478756933,0.3915481381514544,0.4968950956937257,1.4612656311961885,1.0680286630059206,-0.5492123541472601,-1.3673190159155082,-2.6482237899001144,0.00915783020633,0.7110276474772304,-1.3174883283461223,0.4589893412319367,0.4409519511145775
f1ba7af240b7833613912c4d0d68e8848f9f9d521921438638a7ac71f26d7ae6,0,1.7060762531079816,-0.9251331514862043,-0.49028019854646876,-2.4583451079933956,0.8376470114285179,-1.0407333447968001,0.07145135481792741,-2.246426516400986,-1.5890712307888009,-1.46343085276524,-3.1833889899564602,0.7737436445426831,-0.720392414152843,0.5703464803154572,-1.1522936254211393,-2.191051713388907,1.0127836934520853,-0.8957924174444623,-1.8868695323521403,0.04605266692492668,-0.023823042118504945,-0.8074316676776565,0.3388158758812234,-2.6900377362826946,-0.7229115004308102,-0.11093306206771192,-2.9732919954672763,0.16763226613779625,0.39470949589654253,-1.302428974822015,0.5801899933779736,-0.829591309492027,-0.3867874444936042,-0.41670616923625203,-3.2340982923336083,-2.9923919396667773,0.814040355056978,2.761601883259652,0.5942145040009802,-0.29037021127948975,0.9136698413307313,-0.011365278109510768,0.6192620946325568,0.22982719719390535,-0.4063652898682546,-0.31022331572130096,1.5124236175375585,-2.181502764509608
556448562e7ced12be8fdfa7b9f103bb2af668008b7bd49286dd8de09f00e664,0,-0.8513849670950674,0.9577131575022367,0.0890848269464598,-0.25052206379462216,1.9051146937935546,0.3754555163969059,-0.41776681203627186,-2.0344545844517716,-1.0933265614414076,1.5347433320841006,-0.4010548762196649,-0.6911112263449832,0.6284029935499086,0.4758179352826333,-0.13885866815461817,-1.6385533761455284,-0.010547875901764203,0.4427780764078427,-0.5754674671983291,-0.027439337963992644,-0.4740831676852906,0.050604224363012706,-0.8189442944387899,-1.1639518928995227,-0.483651183518417,-0.19375372324641277,1.0717650463835635,1.8414603567379404,-1.0376857816815497,0.10323869330809388,-2.0909428988178758,1.8275274782564,0.2844650339140369,-1.084206629210537,-1.8993047084349808,0.07276068445480233,0.9943623122195933,-1.1541763714194415,-0.23434761126068326,1.1283828982783919,-0.43467769907881404,-1.5745207692490335,-1.3022141184815792,4.196546798977628,-2.0114684170179458,-1.4875811462921191,1.1337736201340503,-0.5206178089340268
80ee425c6146892ccbea0ca3775b9eac8052fa3d1b710c50b7f081eda90d93cd,0,0.947463504085039,-0.04244749174938567,-0.10245780876205751,0.5514815610191932,-1.2361604153399721,0.7662499472053522,-1.2375650555698003,-0.9116138792713568,0.5828550186466457,-0.18675200218382593,-2.208567269960775,-0.28883511601679074,0.3775813284934363,-0.2673976921463426,-0.2997222002348904,0.7319812777640622,-2.938564973332931,-0.5739525114509143,-0.928030411586883,-2.957885629511201,1.3607066362603009,-0.05296783557874679,1.5160990873943225,-2.473362403479987,0.705950250832205,0.38032798911340604,-0.4528544640276883,-1.5204433785493428,0.38019568300389195,-0.8571997963723428,0.19862608951354238,-1.137932276857911,1.0871515065103714,0.6223091308792628,1.7075503409933264,-0.16446042987639348,0.238512404425095,-0.6494937215515089,1.137633877729276,-2.107508668056062,0.20991320370721872,-0.843568256156801,1.6452305041438804,1.5881655084472852,-1.3686533338195932,-0.43990731977151076,-1.6534827511908619,1.5357198795747085
30e85257122389ec295595de19881641a68f5c75af6d5f5d41369b4df090a7f4,0,0.09562849051173788,-1.4122346488490034,-1.4544243550241174,-0.3273645128571776,0.6255773573868055,-1.6728314879705746,0.6579644052889859,-2.6472873533206696,1.0160042410844858,-0.45858583674885206,0.44293242002962774,-1.376053637846064,-2.042029287547721,-0.5345506293485259,0.8682632403846351,0.21214756008769328,0.15984623665441827,-1.9046329957577561,-1.187517517390626,-0.5525131283277228,-2.086019965424418,0.7341142851830541,-1.542544919076112,1.21188158855148,1.288010991223501,0.9042640944739516,-0.35898301956925294,0.22181437262116416,-1.288358257463912,-0.6323468392137027,1.7442868846599717,-1.0000788538383982,0.7178691966205466,-0.2774408259811233,0.7499813050504471,-1.0859038603573081,-1.6893090471461696,0.7911669561859571,-1.627791043826295,-2.401342257457014,-1.1559813703712587,-1.7952106663992318,1.4350715061587214,1.141428785086192,-0.6196932520239277,0.4878870424892394,0.8552906920322418,2.5696996216411594
867be2842b13945d6d88ca13ac0037a66c193a35789e42377d0385093f93bd2c,0,-0.5082423806671821,0.38876816045293844,-1.0859911759157514,1.1838407695651383,-0.13219261937068694,-1.0715997086727065,1.063555739994141,1.144697083847079,-0.802799276431418,-1.8566822655308386,1.388371960522453,0.7191124157390094,-0.9974300719740045,0.31545505877359625,-0.12945544146878696,-2.3951946806577102,-0.20142664601598792,0.15520073611946927,0.8399654672576107,0.01698784392439423,-0.6164734686514686,-0.5121009809684359,3.095068981425853,-0.09053709591956205,-0.037327982546845884,0.1013686242924011,-1.5856330556294989,-0.8781181235217221,-1.7555030585916584,0.05694629327359552,-1.7136581478871764,-0.49458187631619493,0.4081719283911981,-1.9600969312329202,1.4524100931602892,-0.5070840348222392,0.7262899734495674,0.9456439969014345,-0.5559411154753524,0.5258015740033438,-0.2832194839726282,1.3961445921532,-0.1753523636528442,-0.3932398414428095,1.1466187591701227,-0.963842177880192,-0.5722142079039145,-0.5303396924381804
4ca0359b9ee0995608fefd9133c166dee569ec25939ca3e7a68ccce88991903d,0,1.3900148406908253,-0.2651879175468425,-1.1192829568892844,-0.6984660496951947,0.6644690054024296,-0.7502798816449252,-0.31915221957015705,-0.549474217586355,-0.7199382075550189,-1.0716438161429418,-0.8874898446360167,0.7210217022659051,1.323390211258008,0.6502500792767967,0.8853091625198869,0.5890083289749641,-0.2718094244336047,-1.304972651135678,-0.6535057401013067,-1.9347909693999914,-1.505863772646887,1.2985466952190365,0.6447764589595362,-0.1500663860698691,-1.0193191585796644,0.9502182121315745,-1.6000844812175439,1.3950056712096883,0.009592356360544008,0.08524737089471807,-1.3938485071248623,0.30510373497226606,-1.9488681295211945,-1.2129946334736714,0.8215362947807282,-0.30728083698914926,1.0093495310017042,-1.4484482908359677,0.4734764916449517,-1.7240763375408543,-0.4936781005026543,-3.535457868396133,-0.2460760675977658,1.326923853790126,-1.529675751290248,-0.600951868449233,0.09503424037837176,-0.40788404821895524
7c966fda59b522774ee5e94ea2fbe9b6594a2b69d4368241aaac32ba60e74fc7,0,-2.0847490506740516,-1.985596670273314,-0.04284135713013759,0.8000888079348594,-0.1580791792495082,-2.2717813969095566,-1.1726606435284608,-0.48009535958301613,0.5656097806832168,0.42356766091428805,-0.7705776520590438,-0.32465728799361393,-2.6688419047562046,1.5200331724110745,0.6799266566786545,-0.64793184890714,-2.666715074846166,0.9142706043909373,-2.0387707329429325,-0.48758395427277695,-0.05814991188409574,-1.5173918167838902,-2.6257838083072826,-1.3099043785966669,2.8401420621120144,-0.5995903660404314,0.3651156484287391,-0.8754429802888999,-0.12717241836296683,-0.3621063063900112,-0.13928916247478906,-0.6348187997969992,0.711757992249398,-0.6690424296106038,1.2882548989946754,0.6401180068654645,1.1922346523081246,0.6355496121011621,-0.05968212802945111,1.0907988353185534,0.0554404700856293,1.260478608694363,0.6234071173183332,-0.6487876664560597,-0.20576125766829778,-0.256312849226615,-0.032100913286920676,2.1046002109755984
