file_hash,label,vexir_0,vexir_1,vexir_2,vexir_3,vexir_4,vexir_5,vexir_6,vexir_7,vexir_8,vexir_9,vexir_10,vexir_11,vexir_12,vexir_13,vexir_14,vexir_15,vexir_16,vexir_17,vexir_18,vexir_19,vexir_20,vexir_21,vexir_22,vexir_23,vexir_24,vexir_25,vexir_26,vexir_27,vexir_28,vexir_29,vexir_30,vexir_31,vexir_32,vexir_33,vexir_34,vexir_35,vexir_36,vexir_37,vexir_38,vexir_39,vexir_40,vexir_41,vexir_42,vexir_43,vexir_44,vexir_45,vexir_46,vexir_47,vexir_48,vexir_49,vexir_50,vexir_51,vexir_52,vexir_53,vexir_54,vexir_55,vexir_56,vexir_57,vexir_58,vexir_59,vexir_60,vexir_61,vexir_62,vexir_63,vexir_64,vexir_65,vexir_66,vexir_67,vexir_68,vexir_69,vexir_70,vexir_71,vexir_72,vexir_73,vexir_74,vexir_75,vexir_76,vexir_77,vexir_78,vexir_79,vexir_80,vexir_81,vexir_82,vexir_83,vexir_84,vexir_85,vexir_86,vexir_87,vexir_88,vexir_89,vexir_90,vexir_91,vexir_92,vexir_93,vexir_94,vexir_95,vexir_96,vexir_97,vexir_98,vexir_99,vexir_100,vexir_101,vexir_102,vexir_103,vexir_104,vexir_105,vexir_106,vexir_107,vexir_108,vexir_109,vexir_110,vexir_111,vexir_112,vexir_113,vexir_114,vexir_115,vexir_116,vexir_117,vexir_118,vexir_119,vexir_120,vexir_121,vexir_122,vexir_123,vexir_124,vexir_125,vexir_126,vexir_127
d7a0453822a445c250b21101ab90d4dac72e176bbe1c6e7dbdbb0694d1db50d0,1,0.020338680500612466,1.4310824200564864,1.100943943852799,1.1649582342826228,-0.8463239447008699,0.8241939746159594,0.5440378702177727,2.3579862070210584,1.1385601391379527,0.7466821813369178,-1.099719978076935,2.8477988473893654,-0.10153939491684905,0.7447088151828671,0.34758717174778714,0.2559013152119359,-1.5408202126904968,2.587365668029749,1.3487673963827818,0.8544240376432523,-0.4769428943326516,0.6230094260754017,0.5797765773620657,-0.5447021505858134,2.5578841824385865,-0.47934180488750455,-0.34627311280692297,1.0883921659032436,0.40363708718149277,0.14927660699248008,0.5818635741123265,1.2396657363572856,0.023714823176355787,0.13118522132102445,0.5647514003260232,-0.6156807758244248,0.1358489224847368,0.39178401237858407,-1.5258850462771612,0.04551837088619182,0.25664146236293844,0.8429641154002828,0.09804813712848026,-0.5042702233808833,1.2080206759792802,0.9975360549825308,-0.8697993847565011,-1.0448898940088176,0.5434463796862048,1.4636482363447212,2.850248205853556,0.3214479014732027,1.6222370103691524,-0.5281755423939323,1.6378603577702369,1.2271816343946282,1.3239171306456172,0.4018048827096381,0.9534779977578121,1.2580635184050482,1.0156976529918578,-0.5808757643182193,0.33364860779495986,0.02472323332174725,1.6694885823996353,0.0811865503228371,2.4519017205945532,0.4372768282170407,0.13786343820016822,-1.6683148879870973,0.5698176497730479,1.471912563193917,-0.019766396982102752,1.779984077014182,0.9127008512420854,3.0974900603781457,-0.9080113770703484,1.3928272316311379,-0.722733001894821,2.2329257121717507,-0.26247391500638084,0.6043786251006011,-0.2945572746069479,0.8394418917250672,0.8000167317463337,0.5880235475117616,1.1625601898362548,-0.9951470937517968,-1.658425431268526,1.2233757265388645,1.6666101248492529,1.0616812920948162,-0.9098975142849,-0.21741432720885573,-0.5199917863945218,2.411384842599502,1.258574111414882,-0.11601129308513869,0.9524409329354444,1.2091647909086662,2.747374024465889,1.438425446274125,-0.4963959281555575,-0.6845105903844089,0.42452713100291795,-1.152371627125092,1.8200305729994084,1.04772974319242,-0.016248030675822478,1.1442595747179805,0.1657829988390316,0.9411643409720087,2.0390227792607685,0.2727291417070623,0.46555823138796715,-0.6284252378267314,0.8197667834025255,0.5387095318281145,0.23891214609568673,-0.7950990955600172,1.01941914719438,-1.6975328257746487,-1.344013893525248,0.49744308175892277,0.32372042526708533,0.02266033761668884,0.29402018748180325,1.8239243317146356
b02c33fe254975bb5829dca0b953a65ff295384063f0072ec27f0e22651eb332,1,0.19622384656714226,0.6401818670916033,-0.5342028919509834,-0.010632636786124583,-1.0324350637433937,0.2622664916662383,-2.0218424944281588,-1.0426496330694206,0.3823626259333666,0.3702753155074098,-0.7046899808276477,-1.8561012404403683,0.4073848837641662,-0.07793488771010781,2.475940758296221,0.6919826936147677,-0.11565955291781949,-0.35518543099384314,-0.17827842224016088,2.288787392487288,-0.5768708737301206,0.41858134628373983,2.877721378260211,1.5715270312719132,-0.4395225383014512,-0.3397127387503612,1.5383890883747755,2.008566392436906,1.5386990232470874,0.721690514079568,-0.8241155720693818,0.41058269575730416,0.7643060729830069,2.020822346543978,0.7938342292212306,0.03546065072752802,2.1573898665597318,-0.16882549776004935,-1.5543824325586764e-06,-0.45479398307675706,0.6526558492256012,-0.5555235227885271,1.188039407865312,-1.2472490665863631,1.3768550055011017,1.518266846880631,-0.7772733360815731,-1.7071071428028388,0.4150921238960054,0.7962297001142815,0.9882568634646687,0.7716687530089257,-0.39245470600729315,1.1887517190064365,-1.387098030214009,1.656284048418638,0.3818338042468194,-0.4060225016911093,0.9274058635348621,0.4693834426307367,0.6581945949512629,2.7709053001012474,1.9993068676866426,-0.8861511615486903,0.07552088890367359,1.0409592475350962,1.430874246745622,0.2909487022662803,-0.23707234170379876,-1.4797435102797427,1.0615444344384837,-0.8227305233826311,-1.0842336417698304,-0.8167294366441419,2.7063732878756053,0.5739210291799548,-0.21781668181510017,0.5059455714501369,0.014236328211149313,0.4887628876677663,1.3998908349656105,-0.2694927372153608,0.28561908072879383,-0.29683890395781143,0.4961670223046393,0.5108751591476741,0.5039784674507135,1.585743414721592,0.08077144818123233,0.19887894593446775,2.862170212518313,-1.1436773305199164,1.1103505981163764,-1.6210558652159757,-0.6178867286838665,1.9026770809500793,2.1163188610912793,-1.0408902238066677,2.1111745735248695,-1.3402697993604864,-0.4693125473029901,0.9264399109859238,0.20092591919863903,0.07658707924627861,1.4554265344040644,1.5561663325453186,0.013388222946270956,0.1388976637971546,-0.33586941044420815,0.36097059151194033,0.15805358740012315,0.3282451679281953,1.2224443015847868,0.12043301500380874,1.3746226209050567,-1.6101740152893012,-1.071402009156119,-0.37545092301913574,2.7765067947403086,1.121709595903972,1.3939054575273309,2.4231937034404174,3.250214093916565,-0.8036878361544064,1.415414415318271,0.7943027585724589,1.7624083542926021,0.05840810287218168
f20d16951c4de51e9b687e086314910db2e13bbf5b8d113c580ad73bf23d6878,1,-0.3945902421545967,0.3347763628507967,0.6731232333603038,0.10078433518325702,1.4027440948489027,-0.4127533255764845,2.293432394456667,1.222987220649281,1.5127625910705393,2.393072369143249,2.7246291078817775,-0.17896079875659246,0.3552266843213321,0.9148665655287903,0.2841661446196512,-0.1024035880888356,0.3513856313731183,1.2318006831662176,0.2713929435711321,-0.16712805584792023,0.35128443700461337,0.8996849776849121,0.0013996179143368481,1.2765985838160474,-1.0037797933730639,0.5879094241983545,0.13106388940912272,2.4337581733710043,0.6281740273192582,0.21062726668344445,0.927572413614532,0.8323896252641116,0.044399441363346004,-0.0857695760025532,0.9143020494760575,1.2588068361707077,2.5078620412035875,1.0517945403200848,0.8346385455645505,-0.35627427527277117,1.1774124754251165,0.4667532500071948,0.42553738222933135,0.8782699041441508,1.2775286860923092,1.0265966368821031,0.4834242052510834,-0.9924255710393692,0.8005072804050307,-0.5398396262709303,0.9877116574922824,0.24081398843346288,-1.6982780181192543,2.890063272214417,1.8175879861886717,-0.12123783349393433,0.532164794152946,0.0869727024398376,0.7723019267438959,-0.8884620896428446,1.6543928807889323,0.9814219427612974,-0.07103098572264366,-0.49760375200161755,-1.0495374235453414,1.0936738207890255,-0.3770089195680107,0.5524509038483788,1.3801128543098848,-0.06540250056125052,0.829696356028619,0.0731915358945207,0.7847305185788452,0.41046654009283273,0.8338475384769732,2.7970673939383985,-0.3377755540280172,0.7709067708585852,0.18803999130497423,-0.2713934160331948,1.104712490065768,0.06822371544208818,2.2688648997569425,-0.4091151226977107,0.49701906123181233,2.110180737367157,0.8202059607638865,2.169385961994477,0.018046896887121022,0.9307892031510843,0.7939930810166982,0.5132794307046175,-1.2148935576048276,-1.3319922413271554,1.8850733363626482,0.7864099856471625,0.2882136451769632,-0.5571620485656412,2.0108417696632133,1.4130886069148338,-0.009950519806673164,1.9351780696185525,-1.2343876314823155,-1.548941071808994,0.5313292570826238,2.7197959960899922,-0.09407016399485851,0.6165438645015267,0.5486949652687977,1.2317898102525864,-0.7474449927088489,-0.7312051895483089,1.397454216149427,0.8529019887397651,-0.5039370165818433,-0.333906421635876,-0.21639419625314588,0.29376579248756407,0.3773087063005717,1.812018339298309,0.8930897656526675,-1.3193836885066863,1.4067043429637685,-0.20320912760933607,1.3443820190275422,-0.40430443126885385,1.0216472438549558,1.428764522242757
249ebffe7b3a5e15638c95627316e43aa24d4f09b04d520a3d25c103e5168f82,1,1.9964234265937477,0.1893014492540276,-0.07098016658460421,1.5569409601223259,0.3454428875547152,0.22870298695148253,0.3974634870892448,1.4841797228394686,0.4737374231056796,0.07832803278182765,0.04434810220827189,0.5078637113735092,0.059580336693536046,0.5231232769231486,2.258465143591504,2.194562122270943,0.8551846452090403,0.22638268032184927,1.4931885213478824,-0.6987142670825935,1.4204224111112442,1.3919271028881672,1.4716061105620015,-0.802278713407711,-0.5949745061191525,1.6031948829945324,1.5210353963380079,-0.9928617585840825,0.25634568625232695,0.9424937611710218,-0.04779898247570302,-0.13439566406514178,0.36877928689204287,-1.1000050066025,0.8328633495786497,-1.4440789917696029,-0.5801748347350505,1.1480154482772276,-1.4752566369646116,0.3685251169298212,0.3424062074532172,0.45197348697992656,0.8292534015074727,0.08619852995411081,-0.7106628100586396,0.7880059053981177,1.3996851931482666,-1.1016795198175209,1.7453041539645295,1.5945432164893751,0.8724935583008671,-2.4523634441848676,1.3064210128475553,-0.20968580522766012,-0.11366877367530265,0.3078225253395842,-2.099563948910138,0.4377418375254964,-2.025652377612626,0.7194940009794935,1.1570526466881768,1.9762634667650154,0.47800819253228477,0.44996643238773243,3.1810729479703674,0.06449795852977935,0.5757334273905448,0.6939448980574784,1.4460537103945932,1.0174603876828239,0.8789699466323664,0.2200055426197295,-0.8558361615149822,1.7052033328329732,-0.7810639166636504,-0.17902644485720998,1.5951895505971678,-1.4416661818275065,1.1080983056217975,-0.269210788886414,0.45014125914341974,0.9841277238451025,2.639745041978692,0.05624640320679486,0.8293496389221883,0.4292196810631444,1.0505524867610347,0.09680104751850688,-1.020022678311008,0.5780021205583438,0.5072779648530253,2.1294222813245782,0.9639707261573468,0.19639926299227384,0.16463065303905322,0.18527061010544113,1.2358868443442377,0.6286647399184371,0.8781887896092844,0.37802621176008033,1.313218798389545,0.5736651530024532,-0.5416958448091915,0.7678183919334026,-0.06555080276015968,2.345339830086562,1.2431015234746698,0.8427830743525221,0.9794584570510136,1.1232443724723653,0.06833798316871498,0.7906671209239367,0.09987421443848227,-0.36097483607072745,-0.05791638142848046,0.3628956953164005,-0.9285514621078522,0.218840491832658,0.20859215050186958,-0.756329891893144,0.9287174795786873,-0.1142641526908159,-0.2392339397723689,0.11586717504318339,0.5464461134638334,0.4086446925887032,1.5969649975641094,-0.3585063351377379
2e4ea96a8fe1da2bdcf8d33b6f047f52da528f06a7c5607fbf2556f875ae5920,1,1.2783811300222672,0.7047577162357984,2.571276409142032,0.16857137678058987,1.8510947872586998,0.1708417594650053,-0.04339726710081138,0.682239713996277,-0.02033497227144393,2.88970484542692,2.0582677642187996,0.6979134414330055,-0.04951032936677173,2.1787552087849273,0.9908746349099179,-0.17234038828040577,1.2074276479628068,-0.3016724198017158,0.7966271850773009,0.3700005384966035,0.9694203947794657,0.09576302600689723,-1.301049469526891,-0.6652102749887483,1.2849562121342504,1.2618136356695349,-0.010968905440322654,0.38561250757986776,1.3888042872720014,0.8886425447700058,-0.023229644103693547,0.49976950010292764,1.273349352967187,0.5701151217652984,1.2516931444303712,-2.8423728660100536,0.054954454200924374,0.5667135964523723,0.6153002450548186,0.1214149722515252,-0.8354815108940024,0.5904286410135036,-0.4552335842999158,-0.7692921854489299,2.551093357355729,-1.4268147842953824,-0.29663361246849723,-0.06010980936181898,-1.0176863160313652,1.6147938479899122,-0.6554089242842249,0.3950855546507569,0.22109100363833445,1.9847018623847228,1.3452033593814716,-0.2361480566766055,-0.19468409806029524,0.5808971414994402,0.8317494017923109,0.46513524642071413,0.8792628755022582,0.23191541189181475,0.44680125834108214,0.6571727526973136,0.3677878118546978,0.693715797713894,0.49212523661073115,2.354491542197925,-0.5478636555469854,0.4909249348473269,-0.38984618998175213,-0.7921853583946801,2.1649495139744546,2.5744643879827374,0.614495473900278,0.5089311778701037,0.5600052254723463,0.8181038615338578,0.5742248132557737,-0.1403368997344182,1.1365067359894545,0.103519925003903,0.0787427210386128,1.7578711596361207,0.10816054738475145,1.816961027387821,1.7365265610824405,0.24204181754991627,-2.002808470542025,-0.8425031128170609,1.2152783777683176,0.5739862275814509,-1.8088862985476928,-1.247907682772542,0.4742396594278927,-0.07706492601157167,1.0725238676539792,-0.6333267984178924,1.9790403399531864,0.4218623390845417,1.067323287374757,0.9380181370258751,0.8144714767376274,0.7681723335675522,0.88348612285495,0.7335194489121764,-2.047163254804518e-05,0.06642741998016977,2.9778534135058137,-0.9186070831561846,-0.484645730665546,0.7809489733676995,0.7629301576176443,-0.3617130053326995,0.4382634973729277,-0.38264559159881895,1.1462594421717414,0.4513231226693197,-0.32916377659628504,0.8109276795517057,0.7630930250077401,-1.6628412919589566,-1.1462700919950677,-0.46603941133372684,0.36316581334041753,0.3128253911149476,-0.07692244174099991,1.6139025486428777
96448a78292595053bef9466a320adfedf023012c0e97bf58784c9788b8216da,1,-0.18537444355515742,-0.17355638825998487,0.07086978930551058,-0.0009196368674402877,-0.835975408690903,-0.7093503915195423,-1.092830073287043,0.5135232419101131,0.013792335327435498,-0.017972026340800196,-0.3780345282239219,0.17404328941814762,-0.9747910244833801,0.5343413186050534,0.5423908131076303,-0.8593993637378614,1.7376200758583011,0.9930491724600381,-1.3875032687512663,-1.0343466343222212,-0.06267020548129687,0.6630129782403558,-0.5924789418761724,1.1122081934587844,-0.495050948719212,-1.0489369659100782,0.15078717815730613,0.07532993874593302,-1.3224850743701506,-0.4303477341982273,-0.18185133535172326,0.23588729153057364,-0.3256262141624446,0.2257178023828073,0.46020998020833837,1.075935929420663,-0.06014475560330246,0.9317099451611921,-0.243989643923521,0.32691212212423987,0.05813935334899543,0.24281142636615427,1.182352073765696,0.3630261925719757,1.4779875569821614,0.055802597537584236,-0.07837678027225803,-0.6751943344268344,0.15992923864135167,-0.6211177210176265,-0.39065002363869594,0.8192940901545308,0.19783280618372076,0.20897952059685168,0.204254890369169,-1.6194769678651546,0.628336349290618,-1.054326425898075,0.01223666581221522,-1.4590032661694394,-0.2384941076168666,-1.0277036981761887,-0.6511684669950446,0.1136453546970115,0.14981918858201942,0.7864218803523086,0.7753886681476185,-0.7693025809176951,0.32028185463331443,0.5045386667861482,-0.44688938604563855,-0.22931558530299817,0.9864066594128591,-1.9043378785806262,1.5108338137049047,1.7821695284581907,-0.033502641607184,-0.5984490810380864,2.5045402612045025,0.8467161522736907,0.12320187335780003,-1.141885835008488,-0.18587153257955585,1.2373657107125893,0.8379448589734094,-0.09510842836637926,-0.34622860213010376,-0.3483480243920356,1.0495922098927004,1.4666303059967265,-0.5706216150336083,1.6714642487680693,-1.389701966124983,-0.2601268170560186,0.15405284264136881,2.117311234302511,0.5252370576993783,-1.2664130306291157,-1.3073408574482146,1.6617887736340098,-1.3093708256157925,-0.19613425003737794,-0.8275753093426543,-0.0068240845643895345,-0.015310861573827661,1.3079644836130606,-1.3743059042424564,0.09372041341463452,1.865639819652971,0.9953459341618998,-0.7628898379783551,-0.4327657956747089,1.0383081879741871,0.014481393664016906,-1.0437643707060145,-0.12880347883461302,1.189983371975031,0.43505991548121514,0.5701874005305146,-0.7575498269160708,0.84853807216691,-1.1747000714717566,-0.682071819677728,0.6601859119531783,0.5182720046732909,0.009601539330515496,2.008194777601855,0.31470519539340774
23bf879effb670573dc4e0ce3f5b3240c2304d63cdfe6e5bfefbdace495842c0,1,0.7925650311162408,0.20232243810653622,-1.447599098102239,1.416672984063112,1.1819448348978696,0.05068595529702477,0.578278604587854,0.7261617361527942,0.4618501506190144,-0.2676963549190694,1.6333157016532396,-0.16054117318353456,-1.1366301546473787,0.12093114962508777,0.5962805133495392,0.38688597612675935,-0.15769325078632557,0.46913684078824835,1.168236695141954,-0.5542100292295008,-0.015868395015915998,0.6898116493146054,-0.3134634101660306,-1.5008055225969996,-0.7384238417430721,-0.8569127755227759,-0.02633579038310871,0.9915485611181813,-0.7341276835531336,0.7661871417859458,-1.468384879072052,-0.5845640120970741,-0.5054104973013924,1.2363792938156668,-0.2122852176371799,1.938180791032908,0.510464247703126,0.895282820904385,-0.49096197204426556,0.08760805600967697,0.6651608714010128,0.5360216892361284,2.2172023560557133,-0.014951989526823306,-1.1623164563550776,0.7307105982338588,2.4798815052284184,-0.39913089419167824,-2.6676044770146303,1.296990399784378,-0.09520401033457704,0.9013096612004171,0.5932325703208632,1.031273332337434,1.0324927692669204,0.5529439332519437,-0.19422120010163277,0.7150053737493927,-0.1893320090556378,-0.6116427875000784,1.0862813586828666,-1.1473000827658117,0.28469636104517965,1.1180362292023567,0.24846669020019047,-1.451695812418507,-0.029462429323007133,-2.183867704462653,0.7047304364874198,-0.8866555909373411,-0.007274327967260963,0.5667266680748172,-1.4677232964903868,-1.1010324502437399,0.0615448736298152,0.005607832747445862,-0.3192732777494307,0.3513304111112996,1.3045276822403065,0.39575878894682026,1.3117909781221981,0.6369976875937711,1.8732805847498204,0.1977011355253383,-0.12940195840020954,-0.1772401616802921,-1.5017224550428974,-1.2515751561184958,-0.5354733472557349,0.3936100643134588,-0.30289722107522843,-0.10140928012659983,-0.5743134112664589,-1.5257106407449925,0.9570377101575367,-0.4890351919644364,-0.2929511428968472,0.5414811229957566,-0.9763347830755714,0.09385746093772895,-0.16502274590096808,-0.6241134107270069,-0.3538316577094475,-0.07832887140462119,1.04658029351467,0.16880200844042337,-0.21464534850896583,-0.8711537585676148,-0.9287439507617526,1.8004972947276827,2.6230619717382586,0.21753932613210367,0.35350992090312655,-1.7270617503272336,0.8446847036421752,-0.22397264659901064,0.7629927929976414,-0.04578297455108593,-0.920692302165419,-0.2631506388415488,0.11796361339242217,0.45199519143300065,-1.6177785345921913,0.6055441467152404,0.4299095115583822,-0.6132202054855749,-0.4290911379038508,-1.8704984047148427
041f1d16a2b247c99d391daf00570ab9b389d3df0b1a1b41221cb7d369206c52,1,-0.7776305210549539,0.33294643523804135,1.791002599888655,1.7221437916185653,-1.2317332514133783,-0.1719007369710055,0.3859813684353801,0.34524922067465524,0.978715089616899,0.6643953607938349,0.11003191585562588,-0.9471550809627726,1.0660627793621509,-0.9919915240480481,0.4044090259067422,1.4871053235475156,0.004107098589371083,0.8118320019567529,1.8775049381409432,0.36243777435855923,1.1062554114512952,0.9437536778223532,-0.3041455504243697,-0.741330328977917,-0.5679102934798418,-0.926982800947167,0.29123511953304826,0.57972831087819,0.2521943527010097,1.096337615707995,0.3760275818285939,-0.18887878449028195,-0.532496794216106,0.13670314097588102,-0.040490810262105326,-0.3068673790931471,-1.5058894470982795,1.0086494397697146,2.8108473262384455,1.1664347449860955,0.08921818241849921,-0.44139711309300034,-0.225315616612206,-0.2984495651355539,0.14165077112619015,1.3382071807819726,-1.5150395210085184,-0.28568519447298746,-1.113660574202901,-0.867494085980517,-1.1090285846300614,-0.23704768694394168,0.23259482349766603,-0.6773802658990624,-0.6451932826806234,0.07710836180170337,1.1402974677114033,1.5750671010934079,-0.7637038979217725,0.3494596083253375,0.42010472898894263,1.032809673543481,-1.126038636000771,1.0385037726648298,0.9598760054838218,1.9542296983160306,-0.006736032951246029,0.9203986615177806,-1.077890409158815,-0.49751435178887315,-0.47810321776599757,0.03367746652747387,0.7677617468347376,-0.13740914550680755,0.016742548045799166,0.7512871665454163,-1.8791175531807913,0.48417277250187896,-0.17846694686629921,0.08600225617806553,0.3715787707721143,-0.7425975564972802,0.40994045694982084,-1.6897527239077008,0.7898806750181704,1.8969361984139368,-0.12626493001434527,1.2611417187795808,0.358690178812649,1.3973013853184826,-0.1533943391996132,1.228841587700525,-0.5496816682691417,0.9221555108776689,-0.4261912525956174,0.41742134034952527,0.6701091247670437,-0.9425115737972127,0.2746249096697307,1.0328272897332023,0.027494789466147695,-0.7218953438982899,0.7999088403033726,0.822110989257808,-0.24089986504621214,0.17569365461209996,-0.5019250132756776,-0.1571569881582158,0.3952826371476128,-0.23391063178970603,-1.363748592017905,-0.21936638258558647,0.325683079607294,0.6517036731006037,0.7174984835927493,-0.9632360196721401,1.2162644886290532,-0.4197671841745494,-0.5730067118495799,0.4822041196071464,1.5082636188574905,2.1141798365451225,-0.10079761925903574,1.0733292937986043,3.152626208515602,0.6727506619332242,0.5922695395495874,0.02131310959753105
d4feb844059de8fa0a7cab031b57fd4eb68f3384eb326ff947520f487992baa0,1,-0.4889688431381076,0.051110454760233515,1.2100202814312109,-0.2923651639084523,0.8924478064921781,0.19186494958084654,2.326127926908968,1.034732760291548,0.44172499911742813,-0.7906364333242395,1.3031066473299378,0.7935104924669234,-0.11881750698178478,0.9441491031598825,0.2805499094182121,-1.557043448500528,-0.4477904134722166,2.5581598035037496,0.049495409264481094,0.974468374722818,0.3808771637284233,-0.1266492195461315,-2.3796540282223138,-0.16541865526046506,-0.9559723411358705,0.9300021748297282,-0.13517305773856364,1.4735079825630775,1.0370961149066413,1.8798464628584937,-0.3348821398571734,-0.09595615141973274,-0.2864021773753066,1.324271404263402,-0.7729119116984835,-0.18287057870858398,-1.1220169025851827,-0.9278597990457662,0.432639512708789,0.8624713823857454,0.7810772151051776,2.596723771692355,0.5328456882839766,-0.3515971584371878,0.5587657150273595,-0.2284479071375286,1.8006145600155459,0.17186510144974926,0.7168232582030503,1.2176097525367877,-0.12622632574321255,0.5937894585856198,0.5015852692690991,1.1921453180637422,0.5128773694288637,1.4508887965948647,1.4260893322136927,0.2260409277963047,1.3280276412643157,1.0336131582574521,0.7091102085235977,-0.0022372299480538094,-1.0097718949213483,-0.3136040593406061,0.27284009666903836,0.6620729089293587,1.129441005348471,1.1933991216830606,-0.42059020110812867,1.6233755846914506,1.005802180623096,0.8052372719896477,1.0308078686706041,2.2426269723052874,0.8098967525282541,2.480201617994125,0.6503210408202618,-0.9062877481851965,2.7445323778290267,-2.220449766572093,1.1843704433046562,1.191397998389861,0.997017601081517,0.2335547848668272,0.6076965143611841,1.2267295375450946,-0.27828573181799005,2.2172039224083013,-0.8348249537423876,1.511273155809143,0.41969578315131423,0.3484104402812561,0.87884446558977,-0.09119025152721782,2.006010384190026,1.0722983405459567,0.01399891718487506,-0.5690692213818711,-0.6513027044432973,1.5466572916408032,3.24249573657732,-0.19271155087594183,-0.6199330801567081,0.38878555946497834,0.5965734107992648,0.06395175107494105,2.565223477793971,1.8450718159820365,0.7291776928536002,0.3164472514719729,-0.8669298448210396,1.9783554807793022,0.13196530695272962,-0.19018910566890476,0.3904840089774269,0.304730211405258,1.6240855155558016,-0.34088005494234963,-0.14778868596223582,0.06258348317491277,1.37859894210875,1.722083030706894,-1.2129613380072484,0.40346826908332284,-0.8716253558553635,0.2386037349868173,-1.6297031243054754,-0.2658217264785605
6f06fa082e6f50d84cc645f4c7197f0642b250d970ea798928e4ee3ec82452dc,1,-0.4705852617516561,1.2863533766999484,1.2906817771345025,2.074120843636262,-0.47780615172370866,0.6785090835587376,1.7720798602456729,-1.575565904382743,-0.16307887578475144,0.7756205336871475,1.0587705366657376,0.1661709850264761,0.41861530673282227,-0.09116441362584488,0.3558945413469244,1.8933645889901864,0.2129866210447698,0.9590125911464262,1.9791800320346336,1.3326640153728126,0.8639009647691706,0.8491461686563104,0.6057516835019574,0.4367821146643795,-1.3539519248334289,1.140980169764346,1.1002613455665968,1.72731980901241,0.47961036911810895,-0.10951541227909231,-1.4431469327963036,-1.1510947184122768,1.304037249591876,-0.24963600896704574,1.1777625419745155,0.3473336871116893,0.16324699225929562,-0.16483182630205695,0.600805933828591,0.3425829423494672,0.35620770063358,1.0470147317360807,0.2598084236430178,1.9626605301801932,1.2252165089608371,2.3892543906105157,0.32220990849721787,0.10754869573913806,1.861051463772533,0.42108346343285685,-0.8027886282850416,0.9389967337722962,2.442234602725986,-0.048410768406723925,-0.23367808469037074,2.2931598571793224,1.0698794073549331,1.2056210211703642,0.7486753703210687,0.5731593242558957,0.24200743075459488,1.0827256904027764,1.5933930253499367,0.7378646397603128,0.6123942476617777,-0.929182473635438,-0.936115949530617,2.7839092245621875,-0.4807950002851709,0.43609667681770126,-1.7948323061684652,0.7071016315885098,-1.360403464234565,-0.525298747568381,0.22968979882691926,0.6756273231956977,-0.2676772702546629,2.133211427730681,0.7915492560109827,-0.9887663605427914,-0.45530754779968247,-0.6683511089405666,-0.44581351386367235,1.6434345485694812,-0.8276207376405611,0.7773937628194039,-0.17137562956521835,-0.7677504658032495,-0.6789031055227159,0.9679935423394884,0.1999501674427021,0.07307032940265412,2.265152012395764,1.3953534055802228,-0.33782595309020513,0.0023056307444012363,1.0597292219273475,-0.19442896636910512,0.24405818820576736,0.018962726899662496,0.10921269922431187,0.8908773027117738,0.5423964888297896,-0.9514247063828701,-0.3368777828739902,0.2773701169609808,0.44421068110705964,1.4291641307693475,0.909575756702574,-0.6381026668784393,-1.1594012742801707,-0.8923699956053706,0.13027875745705914,0.7126159119821256,2.059399604792917,0.8312580965828327,-0.8376484148700302,0.797465568658049,0.19319987591936558,-0.2629365279236524,1.5677059652140652,1.7475974909370893,1.871399481466543,1.1042155204024884,-0.6288166431127373,0.34174185270963636,1.219282625292296,-0.14888457820413614
5bed181f64afa9790a28f29773b9c0bf3c030c8b999723635b0c31849ba6c855,1,-1.0628907274395385,1.3913728676189747,0.022980699362915025,0.7930143766171361,-0.22591092437952648,-0.6423418810954573,0.023598035730235445,1.1916178761702532,-0.2564004546356726,1.0093792295278994,-0.41035254348364925,0.3903758183392544,0.6489227929817061,0.37453513619487044,-0.06671496282519158,0.43560372868188457,-0.48054230917012275,1.4723583475267696,1.8705363912711517,-0.6505456163574259,0.188398766596107,2.1053742460636773,1.1382635953566336,-0.2703378732067575,1.1649975994257298,-0.9554448197982828,-0.36673781488620444,-0.48279222900404695,-0.2326889849282785,0.05829890848907682,-0.3451081896743851,-0.36957796075587745,-1.484958104451339,-2.0390121441672857,0.6990192858335618,1.138765388729007,0.11344363554788106,-0.8510881111592028,-0.9874578080526331,0.4868688521064114,1.2465286023864481,0.3480709475963869,0.7287170522484967,0.6429381830863361,0.5597071000349434,-0.787219965680142,0.2707538707952478,-0.7965783394425135,-0.08958755751187772,1.7635944084184498,-0.6987209557954456,1.112698284473063,-1.5441046442705164,0.5856524602562814,-1.2255400808017864,-0.1938346237104197,-0.5058726033385473,0.5360473719479204,1.2733960996189992,-0.9350136382361333,0.7155380536901468,-2.2174849622591655,0.905487640683303,1.2231214637891967,0.3788185002681618,-0.3528394082269596,0.28970977352785243,1.2430939758945287,1.7906870204782643,1.4857277293085336,0.35274390673163636,0.1379642341178844,0.37833869589961766,-0.29836714843907675,-1.9327033389724553,-0.23347961325480696,0.7580004845468109,-1.1937825631214587,-0.33011120071923816,0.3805101987646503,2.1447915522834973,1.320650360325872,0.7515720901236296,0.9786818867039531,-0.8265369414271926,-0.7673030562581313,0.11396954421695278,0.40874828111412354,-0.00210567711130538,0.7479945168520696,0.14874829634671705,-0.0739642193487407,-0.23861735365527564,-1.6701519768689745,-0.990346424578252,-0.462897386525365,-0.34334562466892615,-0.99253077513646,0.9740421211737532,0.42643677579584344,1.2602697268439986,0.7542271683769,0.2936665696621513,0.6703002853203712,0.5246912708482623,1.198538559261046,0.13395089030653007,-0.3355752814796159,-1.660836132796923,-1.2055228686446624,-0.9906352557547424,-0.17892599731604786,0.05171766900814667,-1.6106770526380743,-0.07977876306734633,-1.019671979583392,0.8307712661829426,0.06955745270235192,-0.3288173815046084,-1.1841164768901555,0.21130139723086638,-0.701792489444206,1.5234748453986742,0.4610690648412704,-1.152330086309886,-0.8366183681867944,2.039239491627605,1.1238076259140766
2e698dd936e6312e55823d5dcfc335123feca659cbec05dce4475e9cc11238a7,1,0.9113349035597827,1.5724786133849267,0.9945756049903085,-0.33649203811594963,1.1518359588089173,0.9929592619614812,-0.873042663158356,-0.7381364048472376,0.7013092436114967,0.16442451056575236,0.02947538812977213,0.7826993367917563,-0.12385130408468006,-0.3705936577688124,1.356452759401929,0.2911447344149974,1.0234050539019717,-0.5354529520205087,-0.30259274346002396,1.2928111477265112,1.0895524896091566,1.4676269751990791,-0.4969048523233992,0.3484080315646994,-1.0591650978861216,0.8615348651957409,-1.3121911560243444,0.4891417610790978,0.7903429078342341,0.31609630075571743,0.2645916521431466,1.0939869644889497,-1.2168562979816415,0.06807715694667105,1.1641580715426658,-0.01389020078788894,-1.0869336808477235,-0.9759464957287394,0.9532328089967165,-0.04238931597842563,0.5342296469123271,1.016206152012733,1.1765934983441568,0.14200042564210447,-0.2534249807366542,0.9937272585210055,1.2012499968369723,1.0052355772495258,-0.29015969208686776,0.07964883223278751,2.2199976685949823,0.6914083553733037,-0.3739395840656,-0.7588852084177002,0.5274826147009195,0.6130139591396253,2.2193199778734916,1.9200850554409006,1.395388900149688,-0.7183686351670964,0.004954257901450543,2.4561950547115075,2.7034841754498564,0.6326156437526371,2.980986567581928,0.5633552386050191,-0.7980895773057681,-0.5182948926721648,1.6709302698151185,0.18477836665119296,-1.4091592451820867,0.45011529395177724,2.872198791803621,1.3372835976529127,-0.06951798001762416,1.5976530222678738,1.0450763341787142,1.2871361117251854,2.1166207762089755,1.0433700954128742,0.22956063394384024,1.2326369855379726,-0.12271621501041502,-0.9303928781500435,0.9656912980928822,-0.709235000983149,1.5440565972270042,0.12365459101034026,-0.08072255489469515,-1.0164722573111367,-0.44364890609455654,-0.10672967992684479,1.6540423757160536,1.5318771067531693,1.6762607103302178,0.7986926627218691,1.4008486624985779,-0.4701778766460427,-1.6109899143106463,-1.4915974955209599,0.4052370020644501,-0.8117539694863798,1.2002867305745217,0.6413121071736262,0.9233292646961467,0.35178823406977944,2.688453914228175,2.288991308210051,0.21475478649484206,1.3304856109847574,2.669997720981984,1.2668559530333607,-0.17631526315297602,1.4501610933735334,0.4994294421372205,-0.9487231234874058,1.2920628894816302,-1.265511654764325,3.751707292324504,0.9583803991487427,-0.6316399015021195,0.9514352790257798,-0.3011290765137217,0.8041136601549669,-0.273565898475279,-2.031397467486685,-0.39454165228609644,0.9504314900578512
57756cb0b46a8b6405b1195b303f6c9cd86c50c49c79a78de337b02430390a2c,1,-0.9289526669543038,0.5074675851622449,-1.3944323949824158,0.555302062386595,1.3195834990232376,2.0934138347314097,0.44772909553597,-0.7211415202783407,-0.45050582900882086,0.8981759692603055,0.49960050610987206,0.7083727089123052,0.4075679184816371,-1.077157509957552,1.7901802407137186,0.15164230863079642,1.008622700697212,0.2826172540225391,-1.4917562732866179,1.4573201159562246,1.876678460202513,2.563515584555205,2.4101920296596098,-0.2995501837228298,0.9744114932656964,1.243228033535543,1.3867185506559205,1.4482615290646232,1.054633500435323,-0.4175716000644527,-0.8046384198938904,0.8407130866718127,-0.79694274102883,-0.1304215268637974,0.057651120747338136,0.6923354553048024,0.5774451731220128,2.427375383890057,0.501446548601644,-0.43879905806405284,0.2627270515059144,0.6160758830246386,-0.05933755969838084,0.8708733576984645,0.15480908814649297,2.07088651893634,-1.3593359860560443,1.5614780505958286,2.4394442647963244,0.7238776712640254,0.3369222568876745,1.220646437046452,0.49837055039432593,1.2651748300260772,-0.00522390871710289,-0.21947239241104982,0.30968615362703367,-1.2078283351932504,-0.13088698104577645,-0.019490999319615024,0.7694791773673538,1.3739947748564683,1.4035430210778803,-0.2518407283610228,0.2916298897663368,0.5537324470924997,-0.049542629696328166,1.2487504498783282,0.25564039268600053,-1.1143350503853529,-1.2092833830520306,2.119367314854182,-0.6842073287830658,1.1021393803051898,1.071077334971302,0.937672045426314,-1.1374495203982944,1.8640248864766726,0.755993917338851,1.0490541697933893,0.32238487635485835,2.0840549270229136,1.8144463483690603,-1.2755726482201637,1.7594061289887002,-0.6178387522818184,-0.8985492618036315,-0.4285453473635092,-0.5824667695924286,0.48838491001734,0.3461168546320122,0.8592948877616624,-0.33758728046459074,1.8013712946686078,-0.40944994804745183,-0.6617770912512255,0.9718655616823807,-0.5710604456914796,-0.3950707833354948,-1.3254742789216944,0.7471523998790335,-0.8089373362355307,-0.6424711103460632,1.2889793284780708,0.9455778602299412,0.30517806529437985,0.607295087020445,1.4833480938358488,0.6740080613919117,0.9627422219545236,1.6898189114181337,2.4121731768793033,0.9964007210371282,-0.13562748443318834,1.8133218397551922,-0.1210728030534104,1.1769865384203444,-0.2969140628599497,0.7072322416256351,-0.42613206752344746,0.07817880991655914,-0.4876730957711725,-0.01959677987459496,1.4912180264674246,0.2407001146973135,1.1957297748834246,-0.6817679611884886,-0.36133993793232416
f466a65e30ac02db734c1475fe417710c96cb289217d4dbf608f1a3000ea6f5f,1,0.0339405011107894,-0.3412092691475632,-1.1034431654493857,0.2840411681404629,-0.2864594407085932,-0.818984732308147,0.6590920053089776,-0.37514233973754585,-0.9937005906336549,-0.5727140296436828,0.15306395291746172,0.7415208571275282,1.1786680796094764,-0.7604261637716546,-1.1344608526842799,0.8715300220110638,0.7905821725145816,0.6765694981039476,-1.4770722908823333,-0.2693203519757791,1.2318369770575015,-1.1609215621886833,1.4181738825227659,-0.6389989892445651,0.7609374317543991,0.546739527942058,-0.41189219962400564,1.0288390626875814,0.36347902685595557,0.9342102128417827,-1.3922201932190061,0.5582350796001667,1.0605753848379775,-2.3762800912781024,0.04336622381737654,-0.23479121515126777,0.1693630738180278,1.129373611672777,-0.017704853115848573,0.1967325661294757,-0.5314242397593897,-0.4075639811061449,-1.0639835898299057,0.10731120436846928,0.3518458823582019,-0.35777723836749675,1.3927305428100538,0.1885971906009396,0.5128720141897894,1.6858776923964198,-0.9605142492442709,-1.7419297106682536,-0.3122422338414443,0.4661411461702463,1.5803456335151154,1.1435823319228455,0.2903230087221855,0.2673139096463372,-1.4296737887167552,-0.7488650492568362,0.2847504601198713,-0.7034921381690876,-0.11590527095193265,0.5749228308506699,0.7420335470864378,0.1295294238203292,0.6563377140251381,-0.5168301081563536,1.138113154824777,0.2966726348147844,0.3955164891247374,-1.0271010661942352,-0.7261108237569983,-0.31836359650260293,1.1538381697792186,0.7089843572509917,-0.5330414657499305,0.9686733267823893,1.0836017372179125,1.1004187893958124,1.4293797304897218,-0.5158090737993977,-0.8603758616527931,1.6042094070670323,1.2127948051867639,0.03209534764896617,1.1005620168167884,0.14684830201029994,-0.1637684422075561,-1.430901422433874,-0.595703288983562,-0.6472447901638447,-0.08671297124176058,0.009621798840315998,0.08657098422962223,0.5657167241544582,-0.046779964206902,-0.06743439006787733,-0.3396672774165443,-0.005509696807084852,-2.698672508881989,-0.5250111439058273,-1.264948527724877,0.426162945407295,-0.9287503590598736,-0.26401153481284084,-0.4015227633832189,-0.055308151076192746,-0.4770659985296872,-0.5495878002604893,0.2224283487761918,1.2095921681473303,-0.35360595838850356,-0.34381036853216695,0.915154091081832,-0.5725818543393391,0.8050849122679316,-0.17790167670338086,-0.8585916059856606,-0.3752116990895904,0.9398955161295073,-0.042983993842833135,0.37241122160967943,-0.36959617404583284,-0.285936829436983,-0.29105591252330226,-0.5227642807510315,-1.4142146083492746
d5d10253e6d2b66117982758bfe39eec3e8f23396a011ea76f769ce27cc3cc53,1,0.927072153123157,0.3514726253699328,0.3144256038363553,0.9499422934159591,-0.7176468626818449,0.5849952901485145,1.2811512425935092,-1.6541449958451313,2.3089645628744737,-0.7554177693075049,-1.1027164201870188,1.2679246938151605,1.1188965164024285,0.5518803035760331,0.45900780959241605,-0.6116695855524958,-0.40162479577200616,0.8319322596297833,-0.017020417006474053,-0.062204536121389875,1.0096481760607243,-0.39663887666238473,-0.9140950144628811,0.6944064966220528,0.7766392655623782,0.09459891469177843,1.0828668637820662,-0.011137791139888914,0.8945891832979602,0.834841469514273,0.5627651693878335,-0.5274491884383962,-0.44983317972750736,0.4776860366895333,2.068848251017825,0.5957351563564103,-0.6096551882797282,-0.5215324861354793,-0.8994200447825906,1.3895108892636021,-0.8955657634326217,-0.7224827390688195,1.2734688969633137,-0.3209857283342968,2.351018936194743,-0.46537816294964035,2.773188356097764,0.8281299817121524,2.110553106834657,1.0657456487590105,0.05173127790488996,1.1184430064922497,0.5872853424350617,0.8018115987864469,-0.5557349354873536,1.1199235983420404,-1.1118027445897147,3.691336060791464,2.0995476190180633,-1.1638377631186325,-0.8211608676425194,-1.065117968359078,1.0132449624044884,-0.8005775938678077,0.4493486175491587,0.4777537131847548,1.0882500244628928,0.7077367688446756,-0.366995657433314,-0.6521938323637564,1.897836443261017,0.5615690833294598,-0.6069908377305719,-0.694429718510635,-0.08580494488544077,-0.8672030073901584,0.5148779156132481,0.9418515151374571,-0.7477536667929245,-0.26541531784090466,1.3035273577888753,0.12841766566152174,0.019425422966491614,0.3020694897525347,-0.4320814646510728,-1.1436831203534834,0.788926795230457,0.7098185215801126,0.1206017732709701,-0.25470206946845003,1.15637356521755,-0.9702416457219751,1.0865266258626147,-1.6100494407868653,-1.1077414346825483,-0.10677963372295074,-0.7838686190022285,0.575247064253228,-0.48192108461213684,1.9394174381977503,-1.1664600645209997,0.7234668859246762,-0.18812060708477563,-1.4263403857480328,-0.8991585278709441,2.2482935082173747,0.9295703029016655,-0.6867643991081983,-0.6579935380587807,-1.0244844429439124,-1.4133295272719626,1.5316347543335735,-0.9041801581267217,0.17136500646157687,-2.199258076192031,0.7914398889105152,1.5393700934871293,1.5614619768081859,-0.23682742223925712,1.3763181424525515,1.0081459326801077,0.28125247119879326,0.5773678680563145,-1.4425720029995397,1.347952688043722,0.29469292350193277,-0.2593206707873635,0.5636014130109177
4a4065e3a0c06d9dcb2943ab1ba67c9f8894936c6aa34add255f7d30250a7118,1,-2.293880181961739,1.0163602477715756,-0.48595483220112723,-0.9061986800637362,1.2877054512202921,-0.5049812069358329,0.32813192127069724,0.48605083201793925,-0.028876407329374798,0.5750362268108546,-0.5257821254924004,0.10566164296604888,-1.0239927187551878,-0.1803493479707829,1.1179696259549363,-1.1325370459406872,1.0293669766775713,0.2914209453941747,-0.29008818891073485,1.7450705097306984,0.3763396668961683,1.4017596934243552,1.2661974905888158,2.6512765538907073,1.0837096693314217,0.770242001393578,1.547425080839996,1.9543372497611204,-0.26862058827557267,1.1291271763573105,0.19077442091875807,-0.2008364335745293,1.6235217504753001,0.17624862540089392,2.0478647088982536,-0.07401493694680587,2.375164979820581,1.2981557000850035,2.7518317655088125,2.243005819564035,-0.11984443294249464,0.8242802435067393,-1.5314706108464389,-0.8327294896844156,-0.04456846546569948,-0.08791091019813435,-0.6793661835604752,0.733588217559967,0.5810285477069744,0.82226338416951,2.1241593455552166,1.106336212819527,-0.3569717866819478,0.9304654804299441,-0.018014348645249367,0.3505800283854263,1.035985142152561,-0.04688677629127358,2.4208769823930396,0.50292631698293,-0.027426990486266012,1.9462733820683331,1.587075158451561,0.6652222215583737,0.26569288979860417,-0.21854879096162474,-1.4375079297656543,0.1823832771780604,0.09650990252360976,0.20202320949119512,0.4426394006617886,-1.5339495327491492,0.5165821759932385,1.7337808149250042,0.196915702493419,2.187498108764063,-0.7326021612834008,-1.320686316881143,2.2526016010814334,0.6661048935011262,2.015000211027191,1.1719351624366428,-0.887197806103285,-0.41203943096771767,-0.6761384736384561,-0.8027665965612719,0.6074252683693451,-0.7745084617234995,-0.12750784556329253,0.30970409836308926,-0.5695112099105932,2.2396459445282586,2.578981645703303,0.30019118455650595,0.885798595355469,-0.42492589684610366,1.6341695212164937,-0.8946188262995806,0.43114627622823,1.677736495702773,1.6273851881852377,-0.62397808548753,0.7262179275185123,-0.7305235427348251,0.3251903777784212,-0.14849213729520527,1.0029695371931815,-0.6742355440585381,0.5743839404722606,0.3708398289797946,1.1944857979322316,-0.22335199683652618,1.0038929201858149,1.279143275154509,0.7406309863516148,0.497057860790392,0.40925525894016707,0.3430502859307678,-1.0193746517457154,1.6168846381190072,0.13414889426470494,0.4364316840106473,-0.42656234126327247,0.869864844344227,1.0246929572663621,-0.6001109553801818,1.3267531640262877,2.1308625110646022
d525f9625222e5f86aed156c48cdeb3f1fd01749ff9192df3938e364c7247350,1,0.7700692591146308,1.225831543772907,1.2023383493743456,0.21611785856653482,-0.3644079226225765,0.2492367739566192,0.00593482735235918,0.9932278613853446,2.5302939837469163,-0.006086976306004188,1.0033777923370026,0.3801337208493193,0.17278967034491766,0.4019989596645891,-1.1522483633853566,-0.8820127159466145,-1.3656197824835485,-0.99990422930332,-1.815136279353803,-0.2582475956926278,0.9008658975351007,1.8313094494392164,-0.18401235325260343,-0.5501986759382129,0.2575632447344467,-0.2745444382187616,-0.9843516346294372,1.7386825344591155,-0.025808298467060037,0.6410026478912492,1.1386167514615848,0.12458654629513,0.3289678787376254,0.7691426004964244,-0.3499126919999839,1.0328326830304961,-0.021459425410778096,1.6751420233740424,-0.12419340147574598,1.2013048239327704,1.5630503607247355,-0.17444247585154637,2.9676244523689568,-0.018826131888941333,1.0550797233973022,0.2459542603619636,1.5027941044517361,0.291028177278967,-0.1248195872138351,0.7664410753607936,-1.411786062619926,0.8426592889447929,0.48426767474648846,-0.7111893855865308,1.1214079988271346,0.047853313765816585,1.7490127654488847,0.29958112496424766,0.04708430473494532,3.052697337549474,0.32650579864266666,0.9149683954752482,-1.5404213149837394,0.1448218390534714,0.2335459220391088,-2.0051763274921575,0.6490462870204743,-0.3041130961179528,0.32888274625306424,1.208488699962053,0.6483257419438446,-0.4491358239279666,0.2922375206798379,0.15446030218051987,0.09613463379270631,-1.004345681462268,0.05772241134017389,3.034590074394098,0.8965967820672116,1.0071312642733443,-0.3878127252899501,0.9277261088232176,-1.290879409719553,-1.5949900049334134,2.2591318493586448,-1.576070472788948,0.9301300480741118,0.7964540591700291,-0.29381291191735553,0.6800083468886458,-0.602694300975622,1.2451408599726228,1.446206279210466,0.40911548062076875,-1.2120524291031674,0.3727240092329005,0.5985515990269885,0.26672486603105977,-0.4478076843115018,0.8069777678516179,1.8731859148519892,0.49285201588958194,0.7369814857321647,0.8400712976056922,2.484146825520966,-0.35440657405764375,0.5545662379140339,0.597961212901885,-0.6944213253271091,2.166196656472986,0.21695042053448013,-0.3926678694262795,-1.671786461891815,3.3384573969697975,1.6258974579783012,-0.54928608855705,-1.7894633595808198,-0.546805082413323,-0.32533027718045043,0.1647013149198991,0.17079767429839038,0.5268961824347154,0.23488306465556474,-1.380877435485579,0.5416561842055256,-0.32462568200415165,-0.14119677924920437,-2.932143344625492
ee566beca98845d526fde577f29ad36582ed1ff47dcc437cdf29f9afb19c0383,1,0.7868851269098024,0.18668840427112293,2.9588741563251473,2.0875394598887516,-0.5398678103497998,0.08652255169518724,1.179770904086983,-0.6354405346442029,1.6854125235694561,1.8371410261906018,0.8045912901185142,-1.349789924657384,2.224702212300004,1.6932076857128906,0.5434584962103874,-0.7512798547827046,2.916829178268722,2.06646629774774,1.1349943748368112,-0.3678756635955532,-0.02903598147376149,-1.1500528069667861,-1.6371530034664132,-0.5245657926248666,2.1371176394420957,0.323989228732266,-0.7218782717416083,1.1292452807493083,-1.4837858207312635,0.16039533093957659,1.5284083397343065,1.7401941263309533,-1.0666291832065933,-0.7908425474001202,-0.13071405089842897,-1.9053634637168313,1.0956957870231703,0.9926714330815167,2.3814367972553514,0.2842946537679948,1.5244714325242137,0.6148906422832284,1.3271552276581788,0.17283225751054793,0.8682689793913336,-0.02464295636746283,-1.4614290800959742,-0.5358789055014197,0.7438401855895964,-0.08751865242130696,1.7067454280721606,1.2780057889319105,1.633159998769078,1.6983803765405616,-0.18314312159305796,2.5666949570161925,-0.22637474059705032,-0.8315838901910799,0.15625341554444477,2.6711316588306,0.9983529027177949,0.18052821320531065,-1.0121542984499223,1.2816654936120409,0.6176208795457582,-1.0211201382953219,-1.1975237919372905,-0.884100140929454,0.5683015989265406,-1.4110346565280554,0.8564067341489895,0.1418854734581826,0.35388248363364283,-0.0412737854498344,-1.2790650875306515,-0.39532216986143026,-0.19891760543621526,-0.04076456539660256,0.5301174755497091,-0.43833707798280663,-1.4965848411042666,0.5946761005043244,-0.6693208746164876,0.6940067596913843,2.187032943590187,-0.20145596257081222,1.0705527847189666,0.29652519326376997,0.1231974755282441,1.7670689831008597,0.8065111689372118,1.2714819398173303,1.5147881891561958,1.4988978833880098,2.0011155153106666,0.5326454466099989,1.9344296436367285,0.06347328738113656,1.5286399184178718,1.4633825185595601,1.353974038455571,-1.2726849712278525,-2.1822025356827215,-0.24682061733687627,-1.8130749324633844,0.5820767591458531,0.4809943024042323,-0.44162005768259405,1.2646982494342316,0.990780305009898,0.8244750496538611,1.8470708091759553,1.4802801218762884,-0.6125459808497746,0.6564885222419268,1.2710869711756247,-1.5698196541930634,-0.29962935647514255,-0.6554208608396253,0.9441160493119573,2.114405462021101,1.658436529860544,-0.4713852357585182,0.6406796760852875,2.328500909518527,0.5649174395429197,0.4970447542609591,-0.12379772598751548
79b8f959e61e758a830fc930be53e9f4db333360e3bba6a710616bf17f26b4f7,1,0.20798722832530775,0.525067348740231,-0.7890443379251759,0.693592247899969,0.5863246483157891,-1.139038719971037,1.4439083467844303,-0.29354177344737764,0.9396645368523471,-0.6828164943143475,0.8944671644024954,0.015039859082984663,-1.6514365295655509,-0.3776592831040553,-0.918296241015528,1.491748692144145,-0.6307510332672439,-0.1489890982548736,0.8381606001672577,0.33914411802340155,-0.6134009647556814,1.921796800583422,1.0367099185452457,1.6312721698109396,-0.26608246125890306,1.1188751809577955,3.005636568757651,1.3506165772307535,0.48008677520926113,0.5501093252553249,0.40448386604849684,0.1760813490541926,1.7521504041967133,0.06239753155899329,0.11722254620258427,-1.5228005744407913,2.052608327654686,-0.08720716651665517,-1.0854385164920322,-0.7454159037109467,-0.15231677097622875,-1.7215431487698019,0.9884020396321316,1.658837599854901,1.8862162268686753,-1.218727016230998,0.9666847196391272,-1.9252817682756802,-1.6652368908220523,-0.40985546967091313,0.2744106950893801,1.206673332421198,1.2298874334127818,-0.5638872535203837,0.8150629104269822,1.7505653099764118,0.10805562529418256,-0.96476532672312,-0.2502349999633474,-1.146395811649247,0.37629584086617257,0.7865443068389188,0.48166717166246814,2.5826379508975528,-0.13804202092141998,-1.6090106806680124,-1.2185107802554367,0.719494575277867,-0.5717803328988929,0.9354359139389011,1.1319802709476419,-1.1275063809225363,0.30235210860675615,1.802312160195695,1.3014432434996404,1.5341660171507803,-0.6561178747272436,3.0920797732328156,-1.251474812350795,0.25671202363787043,0.004476858152929031,1.0532583512621805,-1.2477709457533477,0.5242884302990436,0.36782007337854805,1.2237657642310174,0.061142296033950716,0.35314344362686767,-0.08024769680781224,0.2537007430324384,-0.7709685133844144,1.172260604885081,1.1894524605349905,2.3287518039835158,3.8361169923324097,0.0016221975905310604,-0.6006901472950986,1.9933808184727853,0.757343632211317,0.35385905114170857,1.3423658768556561,2.304002786043329,-1.139594029030417,0.7320801622852604,0.14388219835257912,2.11556093633211,-0.2221351777471513,0.4876920134506386,-0.02903680056526628,-0.07539958161885396,1.6074676306509839,0.8702645109494622,0.029025983028821645,-0.22197141211419202,0.7913065169964564,0.24766246104429512,0.10583636378747924,0.16922539847995693,1.961500034347825,0.7794020845960272,0.0866488403252374,-0.17727519200267156,1.9334271269143823,0.7275991732018275,0.2283154319553029,-0.4145040798176999,-2.3962856300879145,0.8854128488077997
16a0ea0910b90dd1eb76ff05d1e6851d21105de821f2246b64a5d8733cc4b81e,1,0.17896927762244125,-1.7467608949497415,1.8952712058033647,-0.980538511494192,2.1208837714689954,0.7281643889451519,1.6607505013767876,-0.12894787000633046,0.0002608072709319176,-0.2345629799294069,-0.07952513721077258,1.6601155154968155,-0.17232819610133812,1.260424473015726,0.03824726602328238,1.378595850851288,0.0015393629102114503,-1.4451859604559258,1.25280918340457,-0.5469043210145466,0.3493376025295511,0.23093171768710496,2.388451834645427,2.3046835972581263,1.5239701433715616,-0.2164501196724732,1.0897177396098718,0.31294662560462594,0.11086761775951615,0.5188887959752602,0.7977587227022924,0.35517151089747273,-0.11303289462079902,0.5839122627287361,1.8407896637105172,1.057783409410373,0.7828239309043723,-0.5278163186872122,0.8999797880185987,1.2799201165122476,1.3473087263860086,1.2817202879113352,1.6916505308737113,1.5004172234620712,-0.16522680864340256,0.3526081307478027,1.3038694773267827,1.6784758146485057,-0.4342121666044473,1.2069316000823997,-1.1885479137610495,1.5237537584440166,0.7806778365423918,1.1814520502809545,-0.36723321302783685,1.2476571905102571,1.8825969274024525,0.34853923658333086,1.3711432324702475,-0.44338789001735673,-0.6367635874594354,-0.3451416457319615,1.6723349879478724,-1.002025937399559,-0.08325354147520692,0.79125004860543,2.0336962323465047,-1.1820839057152757,-1.2495129422009197,1.3788576974683968,-0.2545295136598568,0.6000968348541571,-0.20083566406155323,1.275749603419282,0.424907974756666,-0.006728770417927325,-1.171169871323347,0.27833180942903757,1.4037882110663604,-0.2506717770014292,1.3310221533798794,-0.9673169270705757,1.220215072684471,1.7570353563297512,0.9823625775763221,0.09999397389260134,1.2334644230413088,1.0087386882787042,2.083935068657148,-0.06130205157335877,0.19979424072080143,-0.3459502848314877,1.4685909572836087,-0.8964156867941304,1.114283761835713,0.23406754135671698,-0.7771828399324809,0.622637283539113,-0.10476462639138051,0.34111688288398745,0.331935565668076,-1.8026912360098057,0.3875333572565389,-1.4247318666740412,-0.7386117119582005,1.241371916591702,1.1552044389693623,0.46598763269298193,0.2779399745697073,0.4109841492897528,-0.36308906486730763,0.24783461513887586,0.9981832378456774,0.3291808418048279,0.46849249185692005,1.6971736509227089,1.9199214441503534,-0.9641153577886751,1.4608433596282,0.3820263357763116,1.569793291979969,1.5473177706979058,0.1663420009971992,1.2677702184920236,-0.25538609038091786,-0.5123459951267373,1.0336474826649817,-0.2333259803905052
3a748ea392a6dc4bcc11763535138597d92da2d60b908afa6df44a890665161d,1,-0.8180983043437475,2.5297191516789708,1.0668872503173232,0.11066983654844648,0.0459238887194382,-1.1872527587487811,2.3410569475317593,-1.8066217470459847,-0.09477456489105768,-0.553314277170317,0.8969668361717313,-0.009989204314257316,-0.16047708293613028,1.0239299824300705,-0.9288097811483231,-0.1330047935458461,-0.2819388794236526,0.39822184211605494,3.079678091679464,0.9958037532477992,0.6445830104195049,1.5713679642423317,-1.224435044310662,1.8415780765887781,0.6904696388033543,-0.5771609871426762,-1.2067473377389195,-0.8965169223296807,-0.024852394974627184,-0.24047312508164492,2.034173825068185,1.0813531188619292,-0.24084480007898518,0.6083456120760886,0.5768328590783794,0.08912328806581682,0.8331359060092038,-0.5089514462535918,2.6080243405859456,-0.28000061780157237,0.142612899880932,0.16322776848080786,-0.12255294620420129,1.3403538161363504,1.1011769155873852,-0.5607754714168813,0.2647728053562093,-0.8166502918034543,0.20289992285253694,1.092394475010143,-0.6305085773703561,0.7228104358369427,1.189518049366983,-0.11673054930931581,1.515023559560737,0.5309086984614257,0.3063573491285037,-0.1602939674761819,1.3989245326913413,-0.6544593493727203,0.7566808870376366,-1.2256546463874693,-0.3729253124040417,1.1654781201002349,1.1587511154077492,-0.5305179568456865,-0.02707297582567797,-0.15354352230715607,1.5876949627694428,1.1810848313765225,1.2223165506163582,0.2564068266896076,1.7911678070148014,0.21311334255242653,0.318095814824232,-0.4894131290181035,0.9709706162911107,0.9056336678090747,0.5978012218990068,-1.5429076259907255,0.445529816534764,-0.7697333532803303,0.8199562589620035,1.541707280860117,0.33859229615506314,-1.5805986229560032,0.9349589828887932,-0.45462196042270187,2.1355067957071947,0.10400393069652025,-0.1647377550899411,-0.5564166705299246,-1.0259157557583407,0.3307563376361957,-0.5641663506981653,2.2238013518000255,0.37564774140254004,-0.18822654470478872,0.2152604513098928,-0.4109403289503807,1.102717484433946,1.291434185756784,1.3036707665193104,-0.8309223707797235,2.195183758856244,1.2868394280983857,1.769825868670653,0.46365981054767247,1.7683780985555968,0.6627927076948403,0.430657841574925,0.3726062621527238,1.1654462026354255,1.9555075311678443,2.7450947234282226,1.2254578545437287,-0.9102727931340325,2.1663192210697044,2.2404005808754954,2.947247315937207,-0.3371049011387718,-0.17860726307084301,-1.7100927376904425,0.6982096816518872,1.4954286404729575,0.6913756652957463,0.34561471600600463,-0.49692039001392846
fdca82c96af8eee9feb3414eae2321ff2d1e6e6d26a2de6a99953befc3079a46,1,0.8685443830069017,-0.5119561373669489,-0.25713741457870387,0.24239852554366495,0.9634908248370015,-1.0700171853413332,-1.2672972747840736,-0.13350088253815406,-0.7388744554547657,0.7687051252181893,0.46199170049372495,2.4112968348654933,1.5474700756383175,0.5970167600568467,1.3527595725380124,0.6274079491497737,1.6086734144772006,1.9674062411879767,0.21409248583668644,2.6953936540165557,-0.31194885757329827,-1.9017038553602439,-0.732419554273708,0.788530838413553,-0.5080785205261249,-0.09441018813747715,-1.2610303314217137,1.6149995174881067,1.7058792455175544,1.6015856408340008,1.1571938733508182,-0.9873555255020989,0.6610906103775307,1.738792001960125,2.644935465975094,0.6153899534778828,-0.677824236026162,1.5991204497312759,0.6027696368158314,1.748414742118593,-0.4320260917811539,0.42727471215808055,-1.4786367606254247,0.32247611966592055,0.26773225470719236,1.4119992932385292,0.8827473577503901,-1.2311114015736355,-0.23810757302026714,2.297590536318939,2.3235104154500634,-0.0379692555211687,-0.8521783027332362,-0.06742075875900799,0.5195056600762393,-0.16829419562925493,0.23985610401802476,0.3033463531384608,1.7182907890690609,-0.03234875566661777,0.6940338238404129,-1.1565864801346406,0.20444626979478886,1.1498449252659197,1.1185105537421371,0.9098936164765792,0.8167504186590651,1.3314240475912387,0.08942955891135651,1.0468052645094932,0.05508220541337889,-0.3971413545766291,-0.5588734088755576,0.08469775643977279,0.43505642860265786,2.6087581688760793,-0.3522658830686662,0.386493852043981,0.012858849873748218,0.6750014290278232,-1.3257946711074096,2.0242763963515173,0.25999125602712947,1.0430228920392897,0.3992489958315023,0.18763942035852818,-0.8622386362600545,0.9792968872920065,-0.4376243780205241,2.0371391500253266,3.084502138929825,0.23967458431040628,-0.3246624316059424,0.6726824173447025,-0.37209659248661886,1.630144128986759,0.038987945652150746,1.3003097984338945,1.1956743012460513,0.482431022899638,0.21107607663000516,1.114470365565031,1.716532487093815,1.8789205394536646,2.5170740538807417,-0.5797552003559242,3.229876978526442,-1.977196738348931,-0.7954674337218006,1.0960747738934344,1.0092711399469758,0.17374587226315036,0.7661404353324223,-0.4204103516486246,0.8683310140102862,-0.5254418952852826,-0.4622880581414136,0.6825751298162224,0.24775246871198853,1.1816397192471677,1.4537143732423925,1.301209073634897,0.7330412591042734,-0.17089558889667839,1.2467409090934785,2.4374885499893715,-0.6495647523214424,-0.04630507615115706
782538630a2b980bcdac841b3282490e68dc9723809f4c555d5c29a0f0da30ca,1,0.9699457878514721,0.22332687378523136,1.3943352450967814,-1.2247039279466918,-0.4488002899651641,-0.8405082544223909,0.2756663578519837,1.2051970247980357,1.736151056029724,2.010966219278379,1.39811053277135,-0.35990940031696916,-0.3501023846528642,0.755250075946395,-0.4405795801778512,0.23005615690771136,0.47068128569101203,1.0714305067118874,1.1859575445795152,0.024215713367957692,-0.03281668905182125,0.7369372813907457,1.6636490828271027,0.916528994791771,-0.9493346468517907,1.7311883026466823,-0.36733419970701964,-0.6586613350116307,0.202222078529253,1.4346811270149318,-0.10733823428390808,-1.289614404819964,-1.1049711105871547,2.491826138059256,-1.2162867768464811,-0.3328815870787586,-1.2735971601133347,-0.8164213241459163,-0.2120312426800799,0.2747589433910776,0.25551856802231954,-0.5770918718609457,-0.5302314392377183,-1.7045983064534243,0.6320132739349025,-0.00898512243800309,-0.014659006153892484,0.08075045536900485,-0.9424548344879543,-1.4794096093401345,0.4062502206966237,0.7191742761491866,0.18041893952795746,0.7604206160100879,0.38762362953531704,1.269239986195421,0.0807480706873599,-0.13868040062086232,-0.2013407934764287,-1.674772856735718,0.5097939356667021,0.47820058584559355,0.3740593068294311,0.7387774610798838,-0.36459102179917424,-0.6040391945856399,-1.6253070366441664,0.13303341738711302,1.1981865616380387,-1.3565808233793828,-0.16164465493216817,-0.7215279450958882,-1.1318038066277019,-0.25295127839521014,0.7909025417484714,0.03717567367015352,-0.8258215469258476,-1.246664353768312,0.822380482524784,0.8020547209048194,-1.14070969229162,0.46998479298067386,-0.44300016873382314,-0.42994394200762664,-0.6549900385305556,1.4141153963584554,0.3658936068717511,0.37377369506268016,0.4997984943901924,-0.7043520160896624,-1.7443262124485932,-0.2912704038725399,0.43347390726704477,0.6866870834144005,0.34180179728477106,-0.4483642410029959,-0.36033557322514653,-0.3618175086623979,0.08885406245862737,-0.04532840202338469,0.5594878336964896,-0.3538652834625162,-0.42863147952158337,-0.4951623811085588,-0.9384809159483101,0.3948612770760659,-1.3673222691978268,1.7885973915221038,0.6418219725748562,2.1364169465219414,1.4363310214466227,0.4891542749571257,-0.07959831412803467,0.5103240419464615,0.6627130764230793,0.26616485252839767,0.15343511419231093,2.2571353172410955,-2.338568139395289,0.5249245710296794,-1.6510737251784402,-1.785504480474744,0.7170133200861157,-0.6242253682761347,-0.44719955507084386,1.0574952883309154,0.8019579194207653,0.36498489451992083
d39eca93093beb05cf8f78f90594b9e85eb4fec93ad63dfa35cf3b857fa65d02,1,2.0683055950002003,0.17459714473344773,0.851669231654752,2.0319367432107005,2.1167735956451557,1.4978676311549843,0.7767071491467191,0.9534579469460425,0.5694650552429408,0.0686556899352642,0.7604081324481768,0.7494800732177496,0.0876992578874017,-0.3562431430885721,0.13941356466897648,-0.21551183606332017,0.16843392285914927,2.3231579588912608,0.2116170802009711,-2.3966028046473222,-1.3029306291925467,-0.7418809328709699,-0.7253226717247141,0.18627362178168694,-0.7438390874505453,0.7818588555309849,0.9494997592136993,0.15947521786427432,1.1258157650849197,-0.10250792566461034,1.0626288900624448,-0.6890056534141817,0.999624515278956,0.7189844816985231,0.061695955250435294,-1.583629117804116,0.3495503398530622,0.2406294820712196,0.40590485931607156,1.68019186868089,-0.6522977631529028,2.050002588420796,-0.09213393329460962,2.006291809531638,1.03842398044072,-0.5172891853880663,-1.911248223847662,1.277541566937195,-0.7552005922340912,1.1654640283820723,0.6348831289983837,0.5143309276335253,1.1735938669405277,0.26024854747069676,1.0195572877975363,-0.6289342058348779,-1.3318352546076178,1.1358881143649953,0.6786130477114476,0.7795735352705346,-1.8336142933802275,-0.6961782668037637,-0.6339948192683547,1.5348818338822665,0.14992882530544877,1.79991789502398,1.0665030216233768,2.1635805672920716,0.05237480144852302,0.5397002886666211,0.2617083617307971,0.019352170574162483,0.4820073520716269,1.6889359207286345,1.9473672426318864,-1.004794071203982,0.48968568619313996,1.1119679652659145,1.9488941219811031,0.33002211869579445,1.459428368166079,-0.4795301224256167,0.2501335921253012,1.9638617850507263,1.701621578277294,0.19264054367416572,-0.02774520479885817,-0.0016394597722662052,1.1243498190041137,0.8511380107632223,-0.6005584974789242,-0.6223746936004432,0.13057295587465867,1.6962120126282216,-1.7325277641960957,-0.257262958837422,-0.07864284680073153,-0.23734746664698464,-0.587383276846237,0.3069192709694796,0.7181934275423169,-0.022406241359416962,0.5853686018608362,1.3329167556237138,-1.4999377326301515,1.1188198725400942,1.2087411445763476,-1.2343709610618954,1.2067651932675298,0.39411869558471735,0.057091216767861,0.8541010457614875,1.549465371481197,-0.06725528108016846,-0.030659202086936732,0.40272378247046753,0.8569995109211483,0.14865360649346143,0.04352291763184335,-0.6663392454249872,1.4445971176987091,1.5795392185907335,1.4976832298933531,1.8777560250158434,1.3308071417144758,1.2360466796700118,-0.6102583695460908,-0.12264452431999279
56ac25423cfdb1116b4772fadd158fb4079efb8347f68d356020ac1a63a6d9c1,1,1.8893426939496618,1.3108202336139956,0.3746269944266807,0.4921044582280033,0.06477434413888891,0.5126100143672543,1.7691359550174408,2.2806038740931536,-1.0012144361225703,1.9844278757324436,-0.6928148000313326,-0.46807205908609795,0.7908286815548962,0.728393797721367,2.6389410846475645,-0.949136092689085,-1.4819628837505974,0.055846220461850116,2.0105359036424795,-0.6016891062347762,-0.38384283100640654,0.303500142599365,-0.3411721137215977,-0.6997405326236228,0.9694636105429176,-0.8951676124997333,1.3218538616531865,1.2858526939060622,1.3301830435798876,2.20853966085546,0.22253131035466603,0.4690054558096245,1.058330571937312,1.025017698050354,1.1300834082245546,0.32585767068654836,1.5098943582711983,1.2531272105791924,0.6541057281816341,1.4492119910631607,0.04455385713324567,0.82245182420375,-0.38259083994437754,1.857369762507914,0.5086444275431966,0.7024354338905001,0.5225538793936358,1.0015818096005538,1.05759220938793,-2.1671451294661126,1.0979830090505958,0.5378583950844588,-1.0777900300365282,-0.34037642994581746,0.5424712044640974,1.4231711785881698,-0.1448074397160194,-0.4674620272197426,-0.48156890760870613,1.0548226311566844,1.3771011091533458,1.8110440124676774,0.29458498375948494,-0.34941934899076166,0.5146636505891292,0.5526638338657962,1.6669379655966483,0.7008014405855175,-1.144985283804889,0.2941365873128863,-0.6886872586749014,-0.8701716581001977,2.0300885418584516,-0.17622721252590656,0.41286591817220564,0.3368266273700533,1.6328026946024226,-0.017895744053199616,3.1960991294914454,0.9659159255853978,0.22991119701092033,-0.4717087719576804,-0.806572836246652,-0.5956472732348423,-0.21819778421353497,-0.5680893712005137,0.09088365214943532,0.4952927626059681,2.268698930746726,0.2934698349803728,0.9160486929283971,-0.7499721346473982,0.562814308529004,0.009918490079276893,1.0927363474833955,-0.20417571970540482,3.824178609107486,-2.126584664654743,1.3075625981574843,-0.7192580433883429,0.5158623401383589,0.5434857864943174,1.2075726520578756,0.13082930093856865,-1.175529107583093,1.3806539579994452,0.3446390974250522,0.7843318939517883,-0.11430842379650485,-1.1613027768681294,1.324831607370423,1.0674874601230475,-0.044831532159972376,0.04546966430352839,1.9119342462244084,0.09889292128325658,-0.1238658604102384,0.9920573506705731,-1.86054502322935,1.1054551445879102,-0.3191065789422678,0.07500281823995833,0.4555146474169331,-0.5498996603995561,-0.48189772098362904,1.5365419221016934,0.45485078907070664,0.05334332774682729
ae0cb143d35ff0ed2d28bc073546cba64d868717b693ad0b8f30d93bfb9f691c,1,2.286223279965097,1.3585480760927031,-0.02253537714752893,1.2973013868937497,-1.090926929443646,0.11570947314313174,-0.011122888562404176,1.128809542377003,1.7072268246804496,0.9346675485092982,0.4773221057521203,2.5107233800807505,-0.1362652554103856,-2.1099874955792766,0.31749814058228815,0.2957306176964595,0.9009603555340477,-0.0033682460337549347,0.8311185058752517,1.6665670265506587,0.988723949412566,1.1231522239852683,1.2329465452580797,0.32426594543175913,0.9557449624465248,0.9750048489520444,0.49700536118463773,-0.018790158750954244,-0.7310889332980233,1.0867914839390835,1.442199090638746,-1.2315996668594729,0.5520329005730811,0.5039564121160887,1.621702159588411,1.3460021167193787,0.5103140469198626,1.428891764952034,0.7911090502092932,3.8271501853246743,1.0493407185318224,0.5597006137924871,1.5004428469403868,-0.16100651817263434,0.1815782934301171,2.707110815177055,-0.16384324650233617,1.4191584925511276,1.6045603894566134,1.1313482317011827,1.2698951143849324,-0.042969054605340895,0.18492199984774682,1.2235045532075186,0.38727398792109846,0.47014968631854615,-0.5556897594450105,2.233666469357076,-0.9902931711397511,-1.2611497665915803,0.020999875920729855,2.540254242722452,1.2741503115725328,0.6387053370428267,2.2299184541059205,0.495510853638179,2.5399104101450227,0.5679966670524164,2.0531899859151483,-0.8888040902986165,0.2749007400272285,1.2209727592800097,-0.42575704635240086,-0.23555797540118173,-0.827415271642373,1.3388075461606044,-0.848461222825208,-0.14210665731607375,1.9755051777174089,-0.18497456344555774,1.8055299488123184,0.10039625243789585,-0.6991835474175199,0.8236852561261478,1.54694835793184,1.3815417750335224,0.35796994391495157,-0.5761763414114013,0.8859260115148012,2.523734171854108,-0.8430181417981688,-1.2675086921567926,0.7461472520869907,-1.9394331110068872,0.2000743571498963,-0.7374088943589975,1.8903769960471077,0.21273157696914538,-1.7633883176013077,-0.040109776274624864,0.07106419778720441,0.32576768831137815,0.21114439850611788,-0.8017271050518298,0.3107301328723327,-0.20431021260640503,1.3375452879020753,1.3672569362804694,0.8899519186073496,-0.12268349625930963,0.4978866199028007,-0.8650559191701426,-0.5325560521583941,0.5943411516009216,0.015652205716070067,0.032718250882731614,0.25442163322265815,0.8096579269656012,-0.29258947843760885,-1.2730422293248713,0.30214806648119236,-0.9560574537028541,-0.6241186157373715,-1.375402316812296,0.556735213780713,-0.8280015807875999,-0.9470360638156834,1.4767476305847085
c48deb66da2a1c866b68b0aca9ef5f9d1ec05cb4992705dfb9466417ac1ea438,1,0.05781209649538687,-0.34562381451096846,0.2990546194497881,0.07928514652069896,-0.17233156996029098,-0.22996126417713034,-1.0386888174403743,-1.3294514338804397,-0.4716800871316291,-2.9412392375271,-0.048110145751293236,-1.6102357225326218,0.3008121898580052,-1.2640734081542575,0.8366785941633635,-0.47816515033663287,0.6048256964869227,0.6492197575041944,0.9016161059328,0.8943344725632161,-0.1869329183519448,0.7676624324075282,1.2129038049771763,0.4582602760350135,-0.03259166268364577,1.3470474058930781,-0.9946974824535031,-0.2528269523044995,0.6615990654295064,0.7377113566909178,0.29761213302411577,0.21434023008291114,1.9785009631363173,0.4941985824885795,-0.4012963627498536,-0.1140206876922932,-0.014175511886802689,0.4628572912968485,0.7531698373939925,1.018004173830053,1.8226673034616636,0.6394444952097398,0.3272850777238494,0.6409491451829544,0.43388084563733964,-0.4213014528035255,1.08842670145126,0.3094088708262249,1.1392224449339967,-0.5949056991505437,-2.288240602811074,0.8598001963925667,-0.07853618235632426,0.343310483730546,-0.9656272146315473,1.191226638642787,1.5072218744210124,-0.8569585813845026,0.5823904148941028,-1.1484530702818487,0.9410411054583518,1.390268691057527,1.5857149590218955,1.2177576154643934,1.2957970799537528,-0.15550145344825617,1.3109845534542255,-0.6823585465180401,-1.5375935656325477,0.46552586780635735,0.23639105418032486,0.05082469491595398,-0.44873843156216286,0.9488222676617695,0.024608801180647975,-0.003156520638232463,-0.8252063603898591,-0.17003952145827547,-0.004274603423178411,-0.2608582545981519,1.459943987328424,-0.8322864910447295,0.5180425371372658,1.259313471694211,-0.18517048805688982,0.9131116177244474,0.41555058610470635,-0.3562779549815492,-2.128915988554082,0.9968896669168459,-0.2061911584143258,-0.09801585205063862,0.7027894864290232,0.7096768042600764,0.017508125256180895,0.1474526125971658,1.1107404841588384,1.057198789012184,-0.23111637689291464,-0.39410348794069566,0.6090699088716782,-1.6334244892457594,-1.0800582301461765,-0.36423848303220574,-0.32407210121339086,0.8907967081026132,0.5545050311489286,-0.7169713515164434,0.9210808257383141,1.6445189652154588,0.7603500113750775,0.7740521298738566,0.33569258292923587,-0.6373169099129108,0.8146562476498879,1.1973151869431127,0.2992828651778744,-0.3612890057727495,0.7311106500323568,-0.16842350132810557,-0.765785284628431,1.2842959295359049,0.12005683108961583,0.6448731565670736,2.675959162002269,-0.5427416579760145,0.042637944976437483,-1.6783208806422254
8240aec343b44a44ddcd1c2b2476c80a07ebad64f95f59a3fac27aca58661160,1,0.8711299886050482,-1.5423614856135504,1.9866719941732807,0.404210932394173,1.363545434395544,1.01061153672747,-0.9943309926313258,0.7882986936265058,0.3504642803493036,1.5445179995696066,0.0668755290805243,0.17258672053372937,-0.31694010193638655,1.1463887556874195,-0.27276649877804815,0.15845479425931652,-1.1910866590753244,-0.4856927508161486,0.6115351975741582,1.053202405395553,0.6855234573210693,3.519116469656308,0.9038002618681503,0.5246846026624907,0.7497970888714218,0.909729885063903,0.313703659706978,0.9208753778873,0.22114250210838526,0.24340736962497866,0.3051291530131711,0.8724969517971686,2.46614023081991,1.3654881519593012,0.5693907258733988,1.4004686802020856,-0.1609088086112487,0.5328535574432666,-1.430447180237922,2.905363184015956,2.3229137336375447,1.3375274703918558,-1.033412624340273,0.6220556046666952,0.2785808835820609,1.3749373669160114,0.31881189013105643,-0.8219453016786183,0.4413579441109031,0.8084255695358178,0.0533230467603929,-1.2386529971663602,-1.1664479951768036,2.001638708024708,1.0419559630180208,-0.6350873338132127,0.2844382491975352,0.10910030448442104,-0.297707715866319,-0.45671611477496094,0.6218792432976908,0.2526015590008614,-1.8409743166554369,-0.33826778382572087,0.3951102568751804,2.408848893283085,2.228114802942813,-0.36154383598469586,-0.3589346081585672,1.866420390497451,0.9182912288259835,1.080981622121871,0.9224035127758237,0.8429028214019132,1.4524291770386724,0.44523192369100745,-0.6175215016443723,0.06087883907857056,0.2572685575095248,0.08624819912584017,1.7086431040970949,1.2031515797860703,-0.5763540413655782,-0.35316810714700164,0.46162141358702,-0.405708694455469,0.4061080055101137,0.2716544615660308,1.0918458635079487,1.1685918307248158,-1.2141810497223424,2.1854999027826514,1.5617386427784101,-0.34132221623975,2.1193557769834652,2.3672427710100554,1.5026649499488298,0.2872323887699816,1.8675720202447352,1.413826460597025,0.8929726352802064,-2.1863380241968198,-0.9928248018133696,-0.7518986542683025,1.0763335980244852,1.1895918834231567,0.14815283350528413,-0.210376136188706,-1.5303267630747284,0.7440085827046379,2.2785266453540274,-1.0810487147025374,3.1175465559992492,0.5836686146778642,0.5849101680717963,1.2472338605003621,0.09835416412837461,-0.7228124617143958,-0.19955049156454652,0.2647784869192038,-1.8043086526602972,0.4810690283638751,2.485594592338188,1.7720392218937926,0.2790449601501978,-0.25543403081692095,0.2074696427512681,0.4525592842153306
932dbbcf4c965c27d49178d63338370bed4782aca2c9f35520a8e2739254505f,1,0.7689578385470088,-0.17322912757359968,0.7894540865059625,2.4732976867031398,0.03570821988850348,0.506682923883656,-0.27704244018825064,1.6605657876268354,0.04434978507860721,0.08608637374324996,0.8279756669688094,0.9496356381502872,0.16024107121954717,-1.2237615999526936,0.6744690710715964,0.4602532617645234,-0.38334742892603935,0.3387897994254318,0.892928404568232,-1.1833641712071554,-0.5479777609261965,1.2946829944474643,-0.08722890929176924,-0.41112168942056815,1.0791717639585783,1.2703610923251616,1.1255329900448452,0.8846594382241431,2.4579367479640526,-1.890615989365971,0.8889944475882083,0.6932901976540746,-0.7228009014882866,-0.35950323523633176,-0.8832689073544429,0.12454357866105725,-0.28873039040303194,2.951479136782596,0.04038184865043254,0.9516567629061053,-0.465109886766194,1.0094287133179995,-0.2583862395578229,0.2805779773659324,0.5817023918246669,0.32292333829174474,-1.8890400917597074,0.6577631736790963,-2.032957635672381,0.207240475414047,0.32676495975828174,0.5076740609347027,0.6163641636049719,1.1345999972425616,-0.3115858944006161,0.42591305228189447,1.6599890359969054,-0.6313598438431165,0.04376411915234235,0.23938429340199013,0.9012745517210179,0.12368223652307331,0.07659534143396271,0.22889597873894363,1.3870281398886242,1.203455293324743,-0.18375106298274646,2.5181971827694527,0.6252689830863929,0.04034178512145953,0.7897685539791999,-2.2219280458633524,0.6875036479763563,-0.5812452113308879,2.406041004511678,0.5516669993922091,0.5166986023778699,0.874115807838302,-0.7055788668666318,1.0308537267675755,1.2629614023053275,-0.34108261035726267,0.18461185499455116,0.7861247649813554,0.43626913462074385,0.31858516521536373,-0.5525337053440812,-0.07389741456745003,0.8101446350451009,-0.13623047795957116,-0.9615590672781562,0.8272489005115371,2.336850525141115,0.3132458075467142,-0.11182946203893307,0.16955059038494147,1.3356792883882374,0.33874675827905915,0.7931983247188976,1.0288356094111326,-0.21460734645080165,1.4969685992261654,0.5436390368067303,1.089485194134672,-0.3179640410290386,0.47741935699209664,0.6263445745800198,-0.4548202095783399,0.3731510604118742,0.35258882169642625,1.6462456722708172,-0.5111050318567543,0.7835993546028959,0.6012935466638027,0.6230185082106747,1.9491259682202118,-0.4937022970322724,-0.1377658922937871,1.8667202555320714,0.680056953193718,0.9076618024401611,0.572231910637103,2.7249660120550248,0.8008482329676795,0.3178734156622053,1.529879635897932,1.3826318228296388,-0.44287538721220976
991016fc240a051593c50817be27d0cb6628b8efa2c9750d0336522b6434b736,1,2.6104590766420053,-0.3691845031896299,2.4345212974482506,0.9255107737523246,0.8832034184694627,0.35715372320666827,0.6826743952922526,0.2174273785916997,2.207551533128514,0.5226944237634443,1.0232661316576253,0.36598906783023233,0.92999654971885,2.5342964653225017,0.8911776040161108,-1.0119743472490677,-0.7960942614971351,-1.04566300323826,1.0047132827981142,1.3583939881543032,-0.15760718707848942,1.53537835559891,-0.05878136562734637,0.6751034013623058,0.7485200495609633,2.341306005208477,0.7440161547357618,1.087958186923835,-0.16264324374016997,-0.23789072495761687,1.3192510084759572,-0.36240447069326176,2.4887059704179473,-0.02276712714293605,-2.1115272705640824,-0.17218188717303376,-0.4460232432780099,1.6702353441190194,-0.2675004355460498,-1.7675047747900505,1.8628915576289053,1.1573760141756169,0.024330234695677855,-0.09656543398197981,-0.9555535578815614,1.660695352499131,0.7628732591022451,0.47918622532877286,0.12628231737973142,-0.21848455470022932,0.00830209306338267,0.47794862241095226,-0.3879000360209781,1.5958333507928528,0.5097169887895984,-0.43592191118338336,0.5708978004593677,0.6182505822795643,2.5942497292151385,-0.6090055516061372,-1.0251676734682378,1.1518386599753367,2.7148289914437633,1.4475677715535,0.11043965107244313,1.0320084545968913,-0.6792507000076342,1.9331213052246394,0.3450209013068769,0.6711851740873478,0.5448541660832653,0.5030222945817908,0.5076903755370967,-0.559929120501653,1.337838412398539,-0.10978148076619221,0.7841409157780928,1.6739653552890497,0.39061424167903536,-0.5677113634584301,0.5796799298523754,0.6477275970315727,0.4932288437072261,0.32444897103230597,-2.0026574150706535,-0.05840994095730706,0.40412192618031145,-0.5545650927519068,1.076441094674304,0.1969435882577602,-0.1558546638793251,-0.8200877836325591,1.485896080693389,0.44283918575176,-0.5252056446806149,1.0506408583033808,1.8386932007034946,0.7111846115635869,0.9666910587343043,1.2797796011672518,0.1123707326717196,2.0845643029442384,1.767879423258651,-0.256943856834139,1.2051045539332115,1.07111632523079,-1.4176872680041217,-0.26316784949222727,0.2720479616373409,2.3765420427670056,-0.26994063262411505,2.9311021424703245,-0.03707757563913461,-1.4355767521025655,0.5568047486218887,1.4318035296927416,-0.44505723494603977,0.10559454177184643,0.6946861127763391,1.4586682629751355,1.1009920936544222,0.4246631433952398,-0.12858988809499738,-1.3355703186874344,0.013767398899580341,-0.2654678013216822,2.05090467059325,-1.1849994536824526
3e7ea5c39fb573df813b3d7db10d840647cfede8cb6df14390d574e90d25d982,1,-1.597733829008661,1.5737427384625702,1.4078538229171755,-0.784874392291889,0.8937533437599492,0.13215276022004208,1.3854907024194936,0.516621597952912,-0.4595384172528313,0.08899257445522007,0.5946989142832038,-2.536527413163813,-0.8445899937393073,-1.0932575846477388,-1.0807726212783646,0.48700605624125615,0.29014449065053016,2.6686421167715153,-0.1267117957972107,1.1189813357173182,-0.8309110656071192,0.41106330146952447,-0.07052562352563241,-0.05635660899094162,0.1357588135127319,1.045520740936035,0.5937993405025741,0.5069985565899737,-0.3804965105798967,1.2193491293234298,-0.9805189566898884,0.8533454647304523,3.370766491266366,-0.4125144281377389,0.09078322012801254,1.691894447715336,-0.8933223344642298,-1.0714126639012562,0.8028493002125765,0.5486594516842889,-1.064333444638224,-0.5043498700894329,1.940683421047635,0.17140851766236034,1.3291148707973286,0.29540402707405056,-0.2978307759069932,1.7606038975069547,0.40940673623070845,2.637518149893611,0.9780037249243394,-0.02048085258224197,0.085305295694145,1.0890131069929565,0.801964245094545,0.1530861219640356,-0.3484532815114909,-0.7985029189516888,1.1520115851237371,0.5115182123527207,0.1041921995112324,1.359523518493368,-0.4062318769510322,1.2396198633882651,0.8821992385289248,-1.0008043315243642,0.6544677490561618,1.4000401582956652,-0.21866714162846768,-0.1440272385116147,-1.326140100004382,1.602223432279375,0.014816785015710376,-0.4030737279557384,2.052415991362481,-0.5342532527150565,2.705679857295167,1.7934781493449874,-0.17903498940354268,0.5807981240754416,0.8835365357108578,0.8896773455913453,0.4791572288827271,0.8672517897573315,1.4520563339791588,0.37522359527667937,0.5069203671089897,1.611593240148441,1.0232713959851758,-0.38995304809476505,-0.19787495183983905,0.8357267342547166,1.2295191326335506,1.6466547848063575,1.0935636511509976,-1.0344575581049442,-1.0120502529271904,2.9456881701328514,1.1794166138073452,0.8071407027847254,0.23226412510115524,1.6678181748825607,0.29887299306888804,-0.32746395651087035,-1.1446111577218856,0.5027567264568383,-0.14554752252379,1.868096228175567,-1.097556831377568,0.4746628911308822,1.3627927519904874,-1.025695772099837,0.9048613291676402,1.4027167430567766,1.3927068096046415,-0.1747436706073089,-0.39709255761698126,0.22991594178265787,-0.4724044495773078,0.40399699808686745,0.6015258141842703,0.8121645129036621,-1.3728101215513995,-0.454422156139759,-1.5733397532189946,0.8970479674859373,-0.05487162109081345,2.241205524357297
e9e45c548e3203e45ef89e1fc6f88c81507fa31cb71cecc413f39f9ec7168482,1,-0.3565725433810744,-0.10458669956704764,-0.00457270689215411,-0.06264644472253142,0.3633765883567057,-0.7751701720430536,0.8818123553349086,0.8608528404392242,1.122881293037677,0.17819804300794165,0.8645077988233474,-1.3366002334627236,-0.7495201292813952,0.6628513486463893,0.3236639778943785,0.05949798505702597,0.9841495267903483,1.9057267894865122,1.6280028272763838,0.06129088122131149,0.2562912284814533,-0.9692832504761966,-0.05383180104629828,-1.1083001730097677,-0.011364765485209483,0.8352457694599089,0.023590885149920415,0.025974511213309293,-0.366478715791531,0.477989541649813,-0.9394544547132926,1.389228055532746,0.6669372234745937,1.9082236827371144,-0.14783997585696368,-1.205615968406128,0.5999365426460271,0.1066540746672171,3.2317764478417037,-0.8859280174591844,0.31278197340860453,0.6345631201868918,0.21608028511844632,1.302845719621063,0.1920944589395449,-2.3675548043541577,1.1625507351225273,0.41816752804197854,0.6685504692546539,0.31136596953123524,0.3258250001970836,-0.09583310130877921,1.4662931681665943,0.798430660846899,-0.3332891984845128,-0.5296146828448076,0.6228153993486876,-0.32557029180390895,-0.5541949406489457,0.01132762467598708,0.9022544989116856,0.007645798563738593,-0.09994190572999362,1.2928334061009912,-1.0549373301183493,-1.6005992933028788,-1.90465044229704e-05,0.7537466653232658,0.7626984690750946,0.6114729967536862,-1.4254005556363767,-8.007525403896931e-05,0.4216324554154135,2.582411821641246,0.9614712590925923,0.06177610880155271,-0.06874288761517089,1.2268628810681306,-0.13765060659801628,0.6666273896474336,-0.9952137484993413,-0.39690014267314977,0.0766443109706808,0.2181345958941434,0.23772266894978175,0.09689481930224549,-0.3053146128457715,-1.113151160019322,0.12237644360025601,0.4054942088975251,0.24296391255305055,0.08178667298892836,1.9344743083052638,1.1148005796413407,-1.4585013924631565,0.9055760757686337,0.3725262447203447,0.4692578330791644,-1.113687109301707,0.835058807850166,1.5340427841301447,1.1068687902848768,0.039620730624764566,1.162070980246439,-1.0509240109320195,-0.3950985181339151,-0.22301995563701324,-0.17519471388878424,0.6590361244027745,0.13295477116137402,0.2154563720983709,-0.7971474520945102,-0.07412223034931115,0.039252453741323856,0.4705134550619414,1.2579307686685752,-1.2756517948525714,0.8228598297143854,0.3156841946705481,0.04294949808598758,-0.8590901580858384,-0.07667628624270956,0.512874869894682,-0.03624467721450571,-0.3840743461804232,-0.27167538217622517,-0.10541094163693673,0.27634236510343413
d20e704165d278ec151a090819d815ef9f2ff3b65e4f9c648be786189d78f055,1,-0.15287187606385233,0.0314979484310588,0.23913274717833077,0.127224865956175,0.21717853768091683,1.4215262980985155,1.0124408368589455,-1.2850277339054075,0.17611268864025423,0.35845820760773867,-0.506529218328328,-0.7517584724664326,0.511756512882183,-1.3260567659894362,-0.6421693420686392,1.0746966474257185,-1.1968425446233586,0.8175506640894211,0.6463621872483571,0.6470712358905775,-0.03684609553004914,-0.4320821450925496,-0.41125753478542704,-0.12878426065219084,0.4717530498614473,0.45118481561852963,-1.7454265008935026,0.8066563708789385,-1.432336054760719,0.746249640923828,-2.2832141242198936,1.591360646581892,-0.6186693234845168,1.6153293543747709,-0.8043529587446927,0.1946338244512708,-0.013577027488281823,1.1149703566642843,0.6191600469716247,0.8861461469305243,1.0290802215923778,-1.9553542507427766,-1.7194203464214715,1.8427007799585091,-1.0479382986716916,0.3108264369849486,0.4435732993830438,-0.4212313753892327,-0.2193810442400616,0.407719616641001,0.15842487906215627,-1.074504991344195,-0.5697556733410628,-1.5129097543574757,-0.0548782178007276,1.1361580693339042,-1.887981245440486,2.337148608460725,1.2728850321289344,-0.5982434150350269,-0.7360849544803557,-1.465235455950186,0.5788748539389963,0.1871330878230807,-1.1579234827105704,1.736746343771427,-0.45435846724944845,-0.873062992240752,1.3460812355105574,-2.3561681766391596,-1.783315367150767,-0.3983393010003662,-1.5165859110418758,0.15196434338723108,1.2684331532914368,0.4980695040645029,1.5970508841843265,0.5953095516551076,-0.23414939616086272,-0.25007063097316906,-0.3974825440336136,0.30150200027613533,1.3302668716339028,1.2369701322025362,-0.665512732534513,1.8825840595453631,-0.8294396617418964,1.0491111573864884,0.676073299290607,-1.005589840284625,-1.1175796452557218,-0.3892179015904682,-0.6413805473689997,-0.013364730174051216,0.7348591428463538,-0.43335293819139226,0.43139373139485115,-0.7165778464808971,0.21578611614882265,-0.3279263308000345,1.3813661686153154,-1.4236144754493216,-0.6449870569647267,0.13854977499465732,1.035265801573007,0.47254178998539526,0.029633935443552556,-0.17266978920594533,0.11478472184369481,-0.0014745183590932909,0.09113528293580547,0.9489603476970296,0.3963975118225058,-0.2384331508539661,0.32212899693748,-0.7486900166783834,0.5925717578046721,-0.2823027836481332,-0.9649935391621347,0.567137944895438,0.8483883387444066,1.4483537657840166,-0.9939250786016958,0.25195146610499,1.5583549415074862,-0.045266751994797266,0.7100530834435016,-0.444368855348724
9b48c5e1701ca74fa85417ca83e25d10305c8daee1d91087f7b70459bae08433,1,-0.265928387714628,0.1698102090329226,-0.6309538906821197,0.4104445129141765,0.7507949287295348,0.6622962941461765,-0.34678797077686474,0.5706225792492989,-0.32058758490982064,-1.780761525457534,1.4845603501664884,-0.4362312282633061,0.22176535699787905,0.7540170845482586,0.9702332262618834,0.47728535337227473,0.3594529053941381,1.5649525581118997,-0.5514516404938982,0.6933944717672662,1.76760475745612,-0.9120444031758184,2.015649650294958,2.843649128386055,1.7947761821739407,0.17440048097529193,1.8576297257166923,1.0102621230390154,0.42475572793737254,1.4860655052339777,-0.2448890646328249,0.6402009475670986,-0.5257249517019149,-0.3199442988965322,-0.7909446818103452,0.09922275968718453,-2.4913734053844507,0.8865003892508724,0.9649433588619717,-0.1790269357017616,0.6479768849231231,-0.2580418648094331,-1.591215851884554,1.6633979107300627,-0.5448903316016357,-1.4648103547491917,2.013453557310091,0.7735533468874095,2.1230277995491225,-0.5091822937998616,0.6117652578723072,1.3125149021785403,0.11755575050474518,0.27166441084047954,-0.2747776360740329,0.9797282089888604,1.037646961788877,0.6677377581498631,0.6288940491775921,1.7020982276284164,0.22929680478322723,0.3904268775244235,0.022791392614843337,0.06367633180687426,1.551133053766978,0.9289297966308705,-0.48757242745009666,-0.5352884711311383,0.17895568194385875,0.6626244766971978,2.8074609062900313,0.6775671713988864,-0.6854262113462335,-0.3693353439701696,-1.7289880477128337,0.12528253282689125,1.5082552744358195,1.674139067182411,0.445130242408722,0.6726545761495325,-0.3789093479489926,0.47664528556970986,0.21963357039899542,-0.5957000652739489,0.1783606963960842,1.1661131636559978,1.5483347046321938,0.37267076687030615,-0.4904389604273586,0.007496842122895031,0.5280974162068581,-0.15259527507920478,1.5966822417588462,0.5080810274431495,0.9046978252168931,0.559799333355633,-0.3295720955703664,-0.46776559118788663,0.93894857939952,0.7319555322305271,-0.6533626770626668,1.2671639112184538,-1.424680010071968,0.40938101725155596,0.6313820732482605,1.507108979462751,0.27591431717147036,0.26495422215297065,0.8575143568941939,-0.6708811622507196,0.05146229095027177,-2.264500227476245,0.30834065550737144,0.322422227886279,0.7388899784734568,1.8055646164786434,-0.3700986814836087,3.1570576602322022,0.8493996927333272,-0.29278599599879673,-0.12379323583993657,1.9222258203768243,1.8110929354599086,1.7435367036200402,0.9851626590813546,-0.006439162669262144,0.01968536002709101,-1.761332361308797
61a5d89cb79a97aa21fd5dafc4662120a15b3dc9dab3206d07a6bbb76078a2e3,1,0.3325979109094695,0.516026666031828,0.8913486607349193,1.7288767342383333,-1.3141907791463836,0.9410215762251264,-1.9117441111612141,1.430894058260367,1.4341895440641665,1.1469657053924287,0.5549168869982684,1.2528842491963887,1.3258717685014918,0.40660847714871046,-0.23560632861340974,1.3206363839979285,-1.5282131233227954,-1.3667745869737415,1.4939263605151119,-0.5148332777735241,-0.4542002337268296,0.47685645555052286,-0.05264486881895586,1.017831946646551,1.1502071423250069,-0.5668416553586505,0.34436512033092825,-0.513932640228482,1.2389014430729555,0.43678020055417066,-0.4492771678226834,0.05048001827049475,-0.05813779565668521,1.3641146812455827,0.05842997710147657,0.4474981100957136,-0.47748048666461274,-1.468653603895405,0.5022719142280754,-0.18527010243219655,2.084248299873307,1.0259777107155934,-0.24386407403669685,-0.38068618613735955,-0.5664845574636345,-0.4264689754553572,1.855466672090499,0.9946051700068875,3.3395755933013387,0.35565517768110083,0.16816407436838965,1.0369775010155422,-0.01582195671979536,0.007829631845214902,1.7719113944203095,-0.43812719503377257,0.17598281754981143,0.06011126230339467,1.1912245246534454,-0.23012620631488745,2.2634543709469788,0.8241142682296112,-0.5126317373358632,-0.3960742495590359,1.5212292237144598,-1.193131725812883,-0.09648585408131427,2.421248762394085,2.277390053169777,-0.08044113756358347,0.6258108450309563,0.7416538564297137,-0.7268096874753298,0.44425419874412675,0.008711136530000274,0.8327042799577803,1.2208850685112493,-1.4611765883709484,1.2764923954561127,0.0388563422956531,-0.6271039000348811,0.9057083169865151,1.147927273011127,-0.1694781802150375,-0.6668231500847241,2.142651813835156,-0.19242358194596032,-0.010746893488233489,0.06943121848064088,0.427231960533856,-1.7191779733761272,1.6862889246347268,2.374841025470909,0.8662668805279244,0.6212414229613102,0.7136960814525506,0.36485860736355297,1.7930605805323785,0.8882037842894079,0.22518003665212322,1.0375738870604896,1.0871084711523216,1.2476915602855518,-0.20957872340241163,-0.5649662226418393,0.2102639995915273,0.8172859266763574,0.8622197521269825,-1.8050664277736879,-2.0834431683824235,-0.7435065403254959,1.3869493599344964,-0.2773148414380367,0.7107322251719523,0.8934820687317857,-0.7850677652544422,-0.6189986239031164,-0.4685604747491651,-0.24286225201739353,0.787537142688161,1.5840357850632183,-1.5820417455578242,-0.7346618071603909,2.4936555573480463,0.41744750965832944,1.4035817771827672,0.8433530538709368,0.08342669181538764
e0220d07a97da0495ea5bacb2a9040bec9fee48944bb7a40f3f69460ab1005c8,1,-1.380253204400222,0.4078916509583752,-0.7156578678979579,0.710978315429647,-1.1196757420407693,0.40921180703144966,0.6301215424812867,1.3174625087234995,-1.2254582972560977,0.9809268819950392,-0.6469869001599562,-0.5761809236951668,0.11899093413094486,0.04891906808796255,1.1718470817441604,-0.013169665948443487,-0.7071389182284182,0.9561735267179081,1.3529661378246,0.26752819123585964,0.0714893680436226,-0.6223347814484707,0.6717713742461481,-0.0947024970069639,-0.7824650972543475,1.5692805455056407,1.9849561801246027,1.6792310475498815,-1.0225544155831807,-0.43715531320555756,0.09353768136226137,-0.3222720427602871,0.9901900921156293,-0.6966873129571257,-1.2653823765040544,0.2534126510020766,0.11290504300434134,-0.0813889582125489,0.7987633916500396,1.6315040333878046,-0.3064417838150856,1.5811840304442684,1.6362096147537222,1.7821944548147628,0.5964718048488896,0.32463336529387765,-0.3042077014292188,0.2827094409641003,1.3553513130198518,1.8811519658856282,0.7078514274582415,1.526574283636402,2.1530659254058127,0.3460722690587146,1.6292106125960815,-0.5389571509192079,-1.539087675888699,0.017462005950298676,-0.686566477807786,0.6955105528823726,0.9393639315287754,1.9473797788832026,1.6403501845412904,0.2847599202631531,-0.4811652733542186,-1.6845596012441886,0.8924622843916864,0.4523288829429234,0.6243486653087232,0.32497778734185534,0.9841106364785313,0.4379219175215255,0.522010464045857,-0.6839091232276013,-0.4094162300488559,0.5258737074130712,-0.30381684335251724,1.2356657659278463,1.923262339203568,0.9080190625963699,-2.2010246868193395,1.9838707558248347,0.7969736523835829,0.9373980362676555,-2.135779166503755,0.5505638963035335,1.4287709791615033,0.2843395307506913,-0.4675423830096578,0.6589246952422966,2.3767016916762005,-0.9402327518564768,0.31215105990863057,1.3745264073916028,0.5614810347104439,-0.8347291512533506,1.675828523748184,1.4285092755260622,0.5405575773758409,2.6216212484938035,2.6101475574419286,1.581665411409709,1.2060635243790157,0.50275503087377,0.5704674597233985,1.164722369497659,-0.19435944176733544,-1.9129897277897336,-0.17988198648939704,-0.24319044487093933,2.90096761280227,1.4759844229297658,0.6453124280236291,0.8561222627965861,-1.4884831931933142,0.6828058946384801,0.28520458105514235,-1.2598598024313046,2.776206261140036,0.6641538014641957,1.2239739277456803,1.424323062759783,-0.2966424665212284,0.9528049825713569,-0.6278776656175713,-2.4896803592137493,-0.5040638528733734,1.5344778457920911
dfded1407ed5ff5f7626a04e761131089fed9680348725a173f3c91e7b3aadb4,1,1.3234144251316833,0.49665965281439817,-0.5068951760854082,1.405722251455456,0.38755109731645027,1.3956207700083734,-0.2877406492478039,0.4645694253149584,-1.8042254581802226,1.036685508716216,1.0629663466901325,0.38435943487701635,-0.3388623235584456,0.9801784039434891,0.6425685139940762,-0.8717280919684456,0.5568686748822175,1.2353539374342386,-0.3205796512538192,-0.02413683074244627,-1.5572310210673856,-0.3479669383784746,2.043425807448312,-0.08954883176706951,0.49841117819530734,0.5160892385091149,0.12253454674190944,1.125556687846716,1.8657926450616165,-0.5516467603289293,-0.9091926427386048,-0.439126192594825,1.4794384753781487,-0.15117774243850723,1.0856633556796844,0.5092115884511059,0.5903645308345592,0.47018672615050044,-0.867750246778902,1.3182595968111472,0.784293149426424,1.3416004755536177,0.8042067806274394,-1.6973613474125195,0.9853464390471304,-0.7101918017116507,-0.11335254918790237,2.186558745315063,1.4742144204601566,1.4672414579628692,-0.2947983463616136,2.2776972323701155,1.5465798020760453,-0.3714312846829405,-0.15557268275159053,0.7947045956714844,-0.7876729065359014,-0.5114350958495297,-0.2933690166287842,0.3949637524506697,0.4227163552962274,0.6452560566804892,2.0718209058890262,0.1556454797116052,-0.2734055481707556,0.42886729290701564,1.4508220504987626,-0.8301869510043013,2.328740558231035,1.8428695497632606,-1.4302374187850464,0.8019633033967037,0.9713024557078233,0.8522980133343836,-0.09051794548400949,0.3828084160798846,0.03695796960803743,0.008085273642467028,0.8698704717033126,0.23502340219778295,1.5183898390336659,-0.1887612963696607,0.9987535740087283,0.7769992458476296,1.7388555179189655,-0.11805631390937199,0.35680021448714033,1.1178605393134289,0.7185345676098476,-1.1357512380775199,0.258608280736632,1.289758879451192,-1.1268763209271313,0.9983377941679031,0.8583095850423073,1.0180745283468149,-0.08497926558767406,-1.0516080217542314,1.2631143203305162,0.6116431321164568,0.9621218614817728,0.7482186987702356,-0.6726200475755826,0.5743621896588815,1.2093087456494573,0.17104352480183205,2.0954145011932686,2.1571181575116265,1.17450274839605,-0.0945959480367301,0.37660519815102045,0.5114340163936996,0.44541197788447795,1.5561787251993213,0.1648340634117164,0.7805250647069472,2.4948835197119714,-0.30227747421473133,-0.5950780090021567,0.6381986760374313,1.210944336220599,-0.8678735012534811,1.2960126470641962,0.2204816798442566,0.5827964410232953,0.19071651335043044,0.1727991735582246,-1.02109709190252
7868d1b9ea96f0d78b1f9745d68a73878f7973eb356e8f82cc280566aa26d7db,1,0.44753086955922994,1.6055283333590125,1.1476910960757154,0.6905142627518102,1.4241426017634047,1.0004097910096692,1.2652845108206083,-0.7666660323331691,2.0587331245019427,0.2009635188255552,-0.1825502317991743,-1.7265661009050457,0.048262830616128904,0.8038131067803764,0.23056907550829658,0.5319538257593911,0.8407298081935163,2.6351631476060255,1.299963530747686,-0.7111023155936754,1.3145746494328734,1.0520865834317694,0.6371610856477558,-1.7794915446100357,-0.5969364572302498,-0.6186405257385769,0.29941762205138744,-0.10298264010562747,0.1366574424773469,-0.588424824568603,-0.04243958387379598,-1.4616517779605027,-0.11076848612415124,-0.674691885381906,0.18894676949886402,0.33142466058852477,-0.9739775885915719,1.6587131211967623,2.3283086670826325,0.10992787733300691,1.5568867623991345,0.751059179965569,0.011039698587302374,-0.08836192379244477,-0.9999766530987364,0.6174491841538283,-0.9134332437619456,3.8628692658784303,-0.35685231229423064,-0.7365630774931793,0.5103182098894175,0.37191982668378437,-0.6892452516470687,-0.2850443864080009,-0.011674225258102466,0.806264885015471,-0.4844698709059581,0.9816886513998826,-0.13072212821285945,1.6692271951119793,-0.5756747820712331,1.2608545136281375,-0.3215150240751289,2.132342272461419,1.924324257293021,0.08707440914318126,-0.29843869275865104,0.7366258047638785,-0.07600379371873889,0.31690458038024794,0.2628510486849946,0.04178735115980764,-0.22304653673463287,-1.0490442080141589,1.9343576386973123,-0.45387479703044803,0.6084723954460778,-1.318747412414755,1.348729849669872,0.878640194231388,0.873442966014324,-0.5527246455262987,1.0445222568382897,0.782704199897825,-0.10318962741439763,0.352444944674296,-0.5124855439152166,0.07013949638789202,0.7872373509339873,-0.022977038115540305,0.02464519781516769,2.5123515413543127,0.33120850373102906,0.2171479243494857,0.6072886967117632,0.3115837815295167,-1.1163239192460628,-1.1193476358230554,0.8944856318537506,0.6386461455342631,0.04883920216302287,1.0520936116469126,0.950623976356952,0.5802345701901152,1.4063617547973817,1.765123656965466,-0.5831723933328448,1.0825332649094903,-0.587450557253137,0.4036109267907026,0.33410581510096493,-0.29066762154461306,-0.08047708948207777,0.9991690837548681,-0.5640187912876184,-0.7064841179218716,1.5537570049862155,3.2460477297779957,0.23456195714586328,1.058966814926612,0.772449023028043,1.2856523122853918,2.086593896753261,-0.8046795885807116,2.869527220434369,1.8520323525156948,1.2594954515815668,-1.4038195548060663
de91c2723610692bd0f4e5b615f67b734a3a1a42f1729cc7a18417abad852a98,1,-0.7995379307894539,-0.7375055499127657,0.2883754184689019,0.39712825690692943,-2.3649481870404907,-0.725296175971931,0.7084921943901448,0.4479921812872021,1.5857563602983356,0.6930259647574418,0.2658299807921229,-0.3836658130197471,0.5058209779979197,-1.8234072604965423,0.9430771484545913,0.5705022167014668,-1.509925507549081,-1.410256469535678,-1.0349152334340428,-0.17011269723319047,0.5045417442307949,0.37827542893514055,0.7938280514796746,0.5065667232449822,0.576570317958844,0.5087873269557748,0.007537069800397311,0.439775958798351,-1.2084943540047606,-0.2579279048943364,-0.2639323252874951,-0.7031157589257538,-0.39112237817195605,0.6315654067329005,-1.665543094180054,-0.3111263803136567,0.40471729040449067,-0.4332014771036875,-0.053156121731693304,0.1295415063842243,-0.10033035605019637,0.5412033294509202,0.7655788150221536,1.0758671512065574,-1.6139926263519349,-1.2651055084110518,1.121468711152854,-0.8441793248341749,-0.08824322339196722,-0.1573436850490857,0.03492707859065092,-0.9050715739742276,-0.25763414300732773,-1.1605255557773464,-0.9275499280560437,0.5294774523737092,0.28477155369961976,-0.20624052541793422,-0.12827678679884674,-0.3448005608895835,0.9336636365930588,-0.22987686802923596,-1.760662435593814,1.1046021702298547,0.743653810674567,0.8680506416439784,0.3792928249007639,-0.876778413215203,-0.243053774128563,-0.08137531694169747,0.8138294191616804,0.7331903811522043,-1.696773034497685,0.5614008758191876,0.6836100861336084,-0.12480474590537222,1.0955125807469999,2.8265089447031846,-0.01988566407683487,0.8779907288594551,0.9705920617772829,1.0656336522221015,1.0136269337066,-1.642722693558006,0.4096045237236266,-0.4673384288924271,-2.0633445150061434,-1.0048241341462334,-0.42675017583314145,-0.39076845216782646,0.007047244796208496,-0.7614221315171281,0.10071971375040095,1.1344674242620356,-0.7404081958181927,1.4523896122751503,-0.28798060724223845,0.5274580222799623,-1.0828861502302038,-0.382340762016603,0.9192646313458863,1.2013846931716807,0.7457112752503992,-0.30471881944921453,-0.5240510105961155,-1.2513658169088457,0.8768733110684882,-0.3482638333525251,1.5553660952323423,-1.5217861048695318,-0.7267325855832345,0.9509505994704448,1.323071502982391,0.05877403277549097,-0.3297709108393504,-1.2840384594854246,-0.2760344418086036,-1.9409621318489936,-0.3399118313091459,-0.7283450231283812,0.2237308079027721,0.22824010635106656,-0.20908011444161428,-0.7499362301050677,-1.1977180785812944,0.673923353141565,-1.3971913473147963,-0.01276096865944193
7c0ccab90410644ae15fa42827dba262ac2706bd834e51f6f273ef1971916b3a,1,1.2542632347488665,1.5540575119226427,0.22291673906796372,-0.21341986740301955,0.698983124500076,-0.5059833242369097,0.3062136782656548,0.5064289657146845,-0.10714500220916989,0.9805037823986171,-1.0477187660750975,1.2043899701373242,-0.7963462649769282,0.44082843372819897,2.117429861644436,1.4102970444615346,1.1798872242679992,1.3558622833529905,1.8383065814419735,0.9623421500828353,0.09336863511406535,-0.8754607383244586,0.15916040437788706,-0.10312560925415393,-0.5303470335563638,-1.4762062947032561,-0.8602317346233967,0.6934321737189866,0.926277835411254,-0.5268478159523307,1.8522445168581265,0.09838059994933501,0.15131482666593943,1.0192082923154806,1.3429284291266264,0.7630013638762557,-1.3307227468139682,1.74851832911375,-1.0647953807761472,-1.266896828412041,0.683243000299576,0.23437890505566983,1.122032494126012,0.7114752007701906,-0.5258039864365844,0.9347653838991503,-1.9497363950565123,0.5122163667555757,0.7800839518351874,0.8568711355125203,-0.5478651964586927,-0.3053426688957608,1.7591180951550043,0.4665556356554719,2.462266993872893,-0.5577508005947188,2.1045747435445703,-0.7575533053114805,-0.2710937825702171,-0.24062606195282543,0.7771726472827208,2.1366935181753486,1.9619053653947809,0.6146888065341831,1.5082317168968082,1.4720059820807516,1.6643316056783455,0.030149393513968836,0.25964626132229035,-0.2597089395266284,0.9841088872925121,0.32918192670128754,0.35217087147639464,0.32987537807280515,0.17834946587024256,-0.11383331440971556,3.139950982464808,0.5985867216655127,-0.05674773327907823,1.4957928673625407,-0.04509881348276212,0.053912009924552085,1.3644065931857188,1.340656985276631,-0.9862416931236148,1.0127785470617843,0.008761069249541065,-1.3305850892512048,2.884827311278946,1.8085094488511841,1.0784310313398975,2.313076480730925,-0.8141480920952696,2.088469343654848,1.785745617805935,-1.376190692721515,3.100289516606084,0.6744019461535555,0.6666527772025348,0.12344354950620018,1.1596255705324023,0.49881977725952953,-0.36301238866829333,1.3054632017766685,-0.4189714322202045,1.4569418992665732,2.0220962297433847,0.08553857129271505,0.6064362914270461,-1.3579209386839837,-0.9332447644592039,-0.7257637538334374,0.4580622809397912,1.1428370785497088,0.3229524940174846,-0.743378432954815,0.8876646475993816,1.0498797983254318,1.1711716856584877,-0.7468751263108218,0.9705376734517739,0.2180994855447556,1.7137557161181527,-1.2900884737697158,1.6270909981718786,0.7670433863856736,-0.40796792002029497,0.18717440405169228
f315dca0f7de73612c1b53e84bcfeda61a7061333ed933bd3ea6dad0b56cd8a6,1,-0.06812607128228071,0.7727071308293791,-1.2469873456611644,1.2096512524483203,-0.7678652159003782,0.061576266927561574,0.2566613276064286,0.43169870910974184,0.5496151584465752,0.2085756609098025,1.302106890313261,0.5679822537933503,-0.7703576184745295,-0.8457136883589655,2.4840752977936487,0.36504587055338045,1.2916535596528096,0.33418028961068513,-0.12513811190558016,1.0062912698319466,-0.6060577645661513,-0.4291845102520344,0.9923832624715501,1.447683628860821,0.6898571060097534,-0.23745359859327264,0.9149779820907306,1.8237838264806616,0.7392877903075545,0.5918315805208039,-1.3027179579332195,-1.087708344933683,0.8741132244151324,0.8476997676485214,1.5651580790853816,-0.20435225116104966,1.5620212333875414,0.42161627744974844,-1.7575495748603331,-1.1059175193257342,-0.5552360513678234,-0.4565021671412627,-1.3936126048383752,-0.2703826004907812,-0.17725879129097544,-0.2412264122189378,0.7863361767996635,-0.9173301771816764,1.7798952683521607,0.20977862889626003,1.1179648443529207,1.0002459145179947,-1.4971780964986772,0.17946859735185328,-2.9817412417153792,2.243963225242711,1.0796203624337093,1.0043112976094564,2.4342460656596066,0.03911434155034288,-0.3858044151809915,-0.7505114538240758,0.044330366316664815,-0.6002125172960799,-0.557309809645349,-2.0585780269589504,1.3535315944353457,0.5552440786180122,1.6157636384163407,1.67005646575765,1.2443004363086978,-0.6003043724407316,-0.28640941225309197,1.5237552440375588,0.7895675043728944,1.2384854473215623,-0.06061243466461999,-0.6150790537240372,1.4037361294794888,2.3195649846832462,-0.14938031392998175,0.2246553139625932,-1.5988888396451242,-0.2840687291323759,-0.6826676286290732,-1.0820316457441062,1.0012644306152612,-0.08818959214044275,-0.3137625864486464,-0.12789365777275274,1.843077698006697,0.1879059549502779,1.9736669627659134,0.6126004302030311,-0.41953730267558864,0.9768975968648514,-0.018143476709925,-0.864138996952426,-0.20164712334748586,-0.14466424173705905,-1.612241805895026,0.23272299669886454,0.9096072657556917,0.166526580348537,2.0099910267857064,-1.0287735315060687,0.7150064298735349,-0.5703089337493809,0.7118420758318258,-1.2957315708520116,2.221696727500249,0.8138741308143033,0.39230417469486734,-0.039045258322855436,0.2320747631413349,2.141136148892314,0.31580268297735925,2.6293895321143776,1.8140394988760014,0.8810087068929154,0.46167364411370093,-0.7601278815299085,-0.9006975336380523,-1.0199694753383801,0.6003835249161361,-0.023148712324222012,0.32505790921694105,-0.40449792295379416
d21cce55ebe09a00d507f7d99033b7bca6c262f01fec2902f1c28a48d90caf74,1,1.5246269966779935,0.9315538266252462,0.47186514720093564,-0.6119457057172863,1.142206503342452,-1.9417004643771474,0.9684001873726407,0.8253096388635495,-0.24373467687080075,-0.6718329335427923,0.08806045969215726,1.317818925225038,0.8376649717037603,0.06294274262811311,-1.2118892344822552,-0.03265709118227311,1.8499496238902415,0.6522170053113787,0.581694097435681,0.3076744643754099,-1.238829493754501,1.5664781400520518,-0.9771925386278641,2.3804984023845814,-0.5105485014883508,-1.337848060048803,0.8852135339723575,-0.18119699164263647,1.0761793725557272,1.5037324667278642,0.9536782259337191,0.6329645524799439,2.600527621500733,-0.24951790347593802,1.2273354672300498,1.087216428557211,1.839747632906005,1.6107263929811562,0.6118903748251127,-0.2763581241551522,0.06591098768255743,2.642947882737683,1.7667539869750917,1.9168504086366085,1.5421045255732069,0.05502436428455865,-0.7075540850999229,-0.4282223642980181,0.589536745923585,1.6659611119445148,0.9716726811219251,0.7411107432258459,-0.0852719183963827,0.7228941355089056,1.831669608915662,2.19816893599364,-0.21424182944368123,-0.9821457462228352,0.18731764412211616,1.614527882165159,0.7595682859017981,-0.21378567582091224,-0.35029736385523796,0.7358405430194739,-0.9694273650766632,-0.5685569207157654,-0.26970026875678876,2.0944468588966956,-1.0024144752571629,0.7520278322969951,0.8168516360447946,0.46836221251009796,1.2071076247602495,1.5747669259815298,0.7978826604482918,2.800146763060602,-0.749251275456099,-0.7175174267460198,0.6361454317510296,0.20208904071921022,1.6389112081842048,-0.37344257148914506,0.3653942018782408,0.7252538629839801,-0.44505971774164954,0.22424880080761284,0.5767303418140749,0.5584827395900012,1.2139968301067712,-0.32675013560349725,1.3366275264232454,1.6429377168326698,2.3013252696992983,0.5332424120660095,-0.48531639788087255,0.1835454032401228,-1.2931144706052666,-0.22639311793148664,-0.6706111558333798,0.26052062509484664,-0.3938429901344299,0.8584755365342311,0.5729701945227789,2.056304211142324,1.0108476406224092,-0.5340610689138792,-0.13228323447641852,1.0785283318429115,1.2023577244048151,-0.5528399544553825,0.13847064981921092,1.807175617385532,2.044745712617379,1.455411033816013,0.02371971928048366,0.24520554734403477,-0.22162739004617116,1.2401210530196842,-0.032471573032140905,-0.7842081890929586,-0.22598707616679622,2.9955102292923597,0.3755923650069144,-0.18123050304350768,-1.4268460445528068,-0.019822753415835476,-0.6304362856910486,0.7168567649090489
63cf9b7a2db7d89f0d8453addc96970382a91f6a796e386062976e9c845efdaf,1,1.0657679805540317,-2.7163902136657443,0.6042541973555278,1.765267155951635,-0.4212002168959771,0.013478944753530175,-0.3689653421906589,-0.34707129424112754,-0.8060319647808324,0.7871694145965947,0.2881359123325898,-1.5146970928981445,0.8146997574613426,0.6615033555466194,2.2138208020987094,0.71298554782228,-0.627443163533213,0.10175068238068458,-0.21802915089203057,-0.5318642070723287,0.554059864596081,0.5102417827823404,-2.234359009820225,0.27131162398214864,0.837038595308905,0.2680358492614793,1.0269477564653098,-0.5737397127836257,0.5489376716916312,-0.9280985458203403,-1.407115394813688,-0.40298385881311827,0.9874244883412898,-0.7323177691759017,0.6557758407473869,-0.6479575676618559,-0.589850800811083,-0.4973999344609289,1.4494081397124587,0.8863957038746832,1.080547957577481,-0.3819475491930287,0.3828693516174457,0.6831307351729181,0.664779671981049,-0.433307672107918,0.9013460190506233,1.168997071790914,1.9547691561777485,2.165621594536444,2.152553878204958,0.5956394218746085,0.7389794911855598,-0.4094736824348344,-0.4665934351913767,0.8659803064707757,-0.09613655148011163,-1.6573078244085928,0.22578917897826853,-0.6387074919933159,-0.45688512038767964,0.2455871459595405,-0.8270360890364784,1.1758724603932091,1.372858630570267,-0.6951578981049902,-0.14084791551122036,2.287670732494163,0.7152471173657557,1.303867637840349,0.40329002456910484,-0.2196377267319799,0.766885182811215,-0.42186196970458095,0.7592606441480151,0.2490699202611686,1.2142725711949314,-0.9613255415868487,-0.17979825152259052,0.8679786530745592,0.25087235913513994,-0.6818421968053139,0.10509370387082645,0.2884496126367227,0.5892902999502455,-0.5644664292698693,1.0008694830568283,0.7004658568685457,-0.6777820467614202,-0.4854824029406341,0.20165247964028418,0.12866251607905282,-1.064502706018277,-2.058285272252821,0.45475323861847716,0.07299962628861423,0.3494394380846504,0.734021992459252,1.485223188293955,-0.17374105411994795,0.6394845366517085,0.5159274742970963,0.22985319140601806,-0.020086216433926496,-0.2300877679808525,1.0622696273271843,0.10298524501517331,-0.22329047070857533,0.8494997405336191,0.9976241308368086,1.1628091405517296,0.6417890638525914,-0.8799732639479602,-0.4253751575978504,-0.29749059684469953,0.2675627722743983,-1.4890696123144662,0.29862062110851806,0.1032643218272111,0.2716886845416349,-0.15021246870153449,-1.1212719105954994,-0.3300884608824683,2.1115799577881784,0.19123853920854184,-1.1062453665669412,-0.006995622713007965,-0.31561887176395065
41fe533df4fa1b69525106d078607b97e52bdcb796567439238e06863e42bc86,1,-0.3892653228103127,2.6064920231513824,1.7099838060005048,-0.06672370382304163,-1.3727802392724966,0.3147064722046831,0.3206062549904889,-0.1535834435274137,0.7576259270661443,0.9304058390785948,1.406071935459588,1.5163747927232676,-0.42968375424063043,0.9263975426500093,0.7395193141291958,1.0769111150233448,0.1903796082302438,1.4239920033436013,-0.35649624979166417,-0.09211158989943585,1.1228667870531661,3.799431179617807,1.4249003680167802,0.455903634117696,0.2953638320559848,1.2645173700950294,0.8952547064966698,0.6973873209414357,-1.140582626047442,-0.8690031192333714,1.2753108134627833,-0.05912799179468009,1.5138335456336884,0.48023206875660573,-0.6876240271140008,-0.2568414916118211,0.4191125710843912,-0.27264019448018967,-0.6581421300324906,3.2692708408728133,-0.42115262173286294,1.1950191195285151,-0.1872559168378284,-2.1106107990924317,-1.4986369281194416,-1.2488979924974175,-0.32401975223000884,0.5890775561254008,0.6948696134493526,0.4304594291481735,-0.9888026608041895,0.15624032965507784,-0.8471480564210732,1.6399587797562867,0.6570329604923377,-0.001155540938443722,1.350506413442168,0.9424708866493037,-0.5233031021875192,-0.2344324079782789,1.2967792254411679,1.0839313027151314,1.3685823991304245,3.307483566886316,1.4079664363399278,0.5567294694647121,-0.6741654644240058,1.3359654086950128,-1.3555028335053172,1.4858362753442393,0.5291837144400877,0.0037331407209970635,1.8446197723476145,1.3366470597800442,0.4984376171446261,-1.4613256028003985,0.11694511037905725,-0.9730953018692308,2.753986762860114,0.3426445793810413,-0.6235662942457646,-1.1656866304154772,2.196256903945494,2.65113270552028,0.6895644944626795,-0.20806144393159665,0.8416831410567318,-1.7387590526016163,-0.71861877887774,0.16053532545273522,-0.9945842996890757,0.6464430472801775,-1.4669858358449757,0.8862015066353172,1.0316357631054245,1.3544816949060086,2.118212640956715,1.119594138291586,1.3495018985611122,1.2592182643800818,-0.027889231087395827,-0.14494663508259442,1.0500008823843334,2.6624181594909766,-1.1180261739857291,-0.31621641883899504,0.5009333302422756,-1.7868223518155606,1.2167664165459486,2.2799384305049673,1.3286435605751516,1.1606347903550345,0.05128326511620784,0.2581386696889344,-0.1711184920343416,-0.36741353695062073,-2.1241154394980857,0.09794417042627046,0.8530062703379007,0.2676611957590993,-0.12255774287308183,-0.620973883627594,-0.8975538565691685,1.5353202333802973,-0.603699702719029,0.5512291394605282,2.272849686722552,0.2705105473090107
188a46010a71aafa203f2638af480193ad68c8a16ecd1ddf675667434310d01e,1,2.8918911748610943,1.3205128500276084,1.2056819680746376,1.0511752945227109,1.4984559916138545,0.5004788035894207,0.4454111322357945,1.2529722764728972,0.6801594398952218,0.8122470318617772,0.3097839285381182,-0.09764730591584625,0.3857853454797012,-1.1138505207496316,-0.2647677778106346,2.0697032884289004,-0.1348349802461406,-0.5035228816937537,-0.8298377872805331,-1.232708697885177,0.5186692902201377,-0.9055979052541608,1.0539474514744605,0.7035037567974696,-0.5700802312479845,0.6287369881862435,1.4660407302176728,0.6878959875455577,-0.06189841369995608,-0.7582302573525134,0.1697566867154009,1.2881733926126324,-0.5231265780252149,0.764597616965842,1.4221925573610399,-1.2981841555323315,0.5631688532554844,0.24830265368713222,-0.9617317429476125,-0.6634551516632001,0.4882194056907951,0.373054017954084,0.8700156799508763,1.3384524938489961,1.4941380840390137,-1.8291493359651005,1.0125487301819427,0.6224371021634147,-2.1878515939166157,0.10737282576329521,0.17295704366318407,0.6174278918088096,-0.44320207374140663,-0.42825397965325374,0.42140008199359574,1.6828820997352993,1.857807826830934,1.362864852026377,0.5967927413917042,-2.3006646343123722,-1.0134295881959317,0.7881188964572132,-0.986107147281686,0.285533905004421,1.0206510850533754,0.6572859555624273,1.2739276669831567,0.43961402345255923,1.1665378861168259,-0.155194246574464,-1.2446716670280185,0.6593399736191284,0.725961093609105,-0.043915904843644826,-1.9273170238136186,0.30403000705028355,0.8269141029493867,0.6787918718747757,0.3489909218634437,0.8357423227682341,1.9207994106890038,0.25339901355299044,0.15053987502789612,1.9347086121413193,1.1554796872463542,0.4249286946814676,-1.3858308423892063,0.5913590886860132,-0.8360564321847221,0.2529328538452043,1.0400566907581266,0.609354276094681,0.2638742702965885,-0.533474217630347,0.9822554804890271,0.11162944006610687,-1.0210747301643033,2.1390831126370315,-0.010947596039023566,1.4375846952052425,-0.802068036203196,2.0141154544881683,0.6056069341239885,-0.38698737512005044,1.20445156064354,0.6814067619757272,0.5554355855166664,0.7669707362931177,0.906967176970735,0.7907689421438644,1.1497191032852125,0.2749295218238741,1.583651295146907,-1.9339343976533565,1.488164297643512,-1.1917945375726997,2.030491484788225,2.2747111747844464,1.1469105289131287,0.8079974019700922,-0.032698045321363334,-0.3890817783544068,0.35281396700012824,0.7550254462065535,0.5232614635313416,1.6588626212791469,0.22015679359688867,2.670646560146177
9c710adf7edf079cdf22fbb8b983f6283daddbc2db0fe1b36c632f9b6da9a4c9,1,2.1170847751116177,1.4914466885895963,1.0401901742753665,1.4429776775549277,0.21547575037811711,0.9181321170034782,2.1255739443623836,1.8376764682399669,-0.10297661213428072,-0.7374775717419941,2.134198022145659,2.631490860921653,-0.5029248967617607,1.7575134757439344,0.8299409295692446,1.8226567018824187,-0.5340660093676592,0.24691404310186163,-0.479187092659532,0.5471188744870339,-0.6351563488193889,-0.902704400900032,-1.0182883942022447,0.4597297898818813,-0.9971918673561191,-0.10734339453763797,0.47603525490197396,0.49054021390392255,0.5636603584193981,-0.2652652636947467,2.4457286801747964,1.3439418475476435,1.4450273159864993,2.619064598760642,-0.5951982010417828,-1.1352094787803952,1.4138758483617986,0.9153996720483348,-0.084902751761195,1.717010277921271,-0.1343002894125105,0.14603706970629138,1.0836341868361337,-0.9617983680322649,1.8155032554054047,-0.4922360330866954,0.9666373450228078,0.9393749768580515,1.939404598592235,-0.29256153760139847,-0.1337520746345975,-0.4523892734634739,1.8400594968875073,0.08088294629285453,-0.07142559644956636,-0.17950143389997042,0.47212966074370216,0.46400232691803317,-0.617414511018605,0.5230779491731435,0.4304910229976768,1.356872582695508,0.10726479824282359,0.6316305062769435,1.3985750559089285,0.7890823286645192,0.07349791436116065,0.3147207334496621,0.7139719826156745,-1.3142746509336611,0.11524861623769289,1.9742176379566316,0.879231969654432,1.6019709045410107,0.42461056571599115,-1.7231772108215953,0.9511952339324666,-0.24666352176803086,2.543129789843992,-0.33045637090668556,1.1871773507420436,-0.4723454827163219,1.8991005990724812,0.2934636142745684,0.37880684756787647,0.3667796780160291,0.09292445063424315,-1.2539272726471822,2.6313351249868413,0.7999190127902205,0.17986306049356837,1.1926442696999153,1.98129075040507,2.120070991082505,-1.1868651080533206,1.0205347248485026,0.43173906752618846,-0.2928491074134047,1.607880838355618,0.00887064716499164,0.6542063075103031,-0.0389698501429405,1.1878606097906692,-0.6163715127821474,1.232135532450157,0.06674431660300112,-0.17776378619727728,1.836476987620033,-1.4558035503270659,1.9447531451874542,-0.8902320135731778,0.17529790637980613,-0.11920061507139224,1.4767652818901593,0.24157249081334392,-1.1819912326216797,1.0884850517661384,0.8557946822293698,-0.9561111511842353,-0.6126712865589969,-0.6551015263235855,0.47545008459448834,0.004975033483919145,1.5464430206139486,1.1127664610126533,-0.06848638459383627,1.5801746227205329,0.2672663488185133
1344231199058368ffb4afbdabd50c996899c550afe557e801ff000b7e81cc79,1,2.149401787179689,1.9794947855211855,0.8653204658708029,-1.382268413921511,-1.026223571912615,-1.293529085725046,0.6795020010770194,-0.6074967736097939,0.6237572216658425,0.5959922937404396,0.40331123202611935,1.0343786354173892,0.8700450484019693,-0.021729265091800565,0.368643971301149,1.3492940352322345,0.1688038501319158,-0.37583361397981485,0.8961175888961648,0.2994942906487382,0.4167604479060064,1.6060353811498098,1.2207818171888247,0.5323174184621167,3.0592777807844795,-1.0258230617672273,0.5201626996944527,0.41096913869320095,0.5132709479422286,1.6699328328618308,-0.4471995431210203,-1.5307820340657912,-0.3021620973606649,0.18288073029947782,0.5514244365594387,0.5625832487630955,0.1532343056260379,0.2833469894230083,0.27444195285748885,0.3407486201198797,1.1941988260027894,1.5575948801817159,0.7242900526844456,-0.08766605729865842,-0.28988103222562256,0.8337605642449639,0.334070385153257,2.1638827366566926,0.40246085574427354,-0.3038531452168906,-0.03570850789224281,0.9539610606788089,2.866176667182372,-0.9383029367806942,-0.6021557832427471,1.5483567394391977,-1.246507939262127,-0.3032820161523616,-1.1807988741369813,-0.023842876532964914,1.881525593341196,-1.3151589661828476,1.3079353924224344,1.1643134572524656,-1.678998010887776,2.2975106807957415,0.4688527536271704,0.830208818685262,0.7315052604164152,1.9295653894057838,0.13056292902493216,0.5841807341897616,-0.12863699396152045,-0.8110337386535446,1.3829566117640026,0.45608507190002995,1.4809446663422614,-1.7580458312145726,1.3516590053697668,1.1674811085108667,-1.3361436889885452,0.7641744837435123,0.3789956461747996,1.75838234794911,2.013488779629178,0.9734833966950793,-0.8456773306337617,-1.0257415712262818,-1.0334900583944564,2.943712804772296,-0.43324371858245375,-0.6548844944900947,0.7813735751828937,0.5724774536117946,0.9913841319193302,1.627099895234643,0.25024349330556805,-1.145052175896584,1.495536927614879,2.774402949233059,0.5733596973917882,0.6968285403609414,0.9687392289512275,-0.4911664048543835,1.383377181871901,2.0917867938588186,0.9132183204410307,0.957491912522299,0.4823337981125615,1.0103147011618605,0.9883822472621587,0.01415960217346432,-0.4984710737039041,0.00784921944587702,-0.22760458497353775,-0.8091793351473602,-1.1262003014566395,1.8733278053465934,2.2453910305223976,0.5968349754928,0.49644867113737706,-0.32295965214120836,0.4406171734098024,0.2563772115988137,-0.9338735991146501,1.1764028950948844,1.5769974225014392,1.2548138411844598
3b408c59a3a5658f69474b4ffde0cd9cf043078d0f04fa45880e48049767d7f9,1,-0.7498026826037387,-1.4165219889366538,0.5712392811972091,0.20822825743694673,-1.5257842151207566,-0.7291751665286486,0.6865122554050451,0.8076702527843603,-0.37671293001183037,-1.753617204956122,0.35431055547590795,-0.6769991521562067,2.7663921157904277,-0.3520270747132255,-0.49193998733172173,0.3701034017379506,1.5508135532998466,0.7442943228662082,2.0501497284670505,1.2622391024671782,0.6669408389906585,-2.016940451583818,2.01360358544394,1.4066016145867335,-0.6405533227924343,0.4314778176664058,1.0809206518893193,0.15719332614646686,-0.2591145708960296,0.3850650705556289,0.5103372940863482,0.08776194159577419,1.3288142551149287,1.5445696455650557,0.5409513895040722,-0.43713999870721376,1.718440224869649,0.12030625369198458,-0.12493895855365067,-0.10070719674644624,-0.23607608019618292,1.1193148849953398,-1.0848082472763023,2.1077882398916215,-0.20195579940375086,0.3754825055486476,1.5654634207453046,1.7160904869477025,0.1823207806593089,-0.20282833093994596,-0.534372174428734,1.4307901961395353,0.1876596139686546,0.1762225988953684,1.0601973671305998,3.13575785231735,0.48577812663874675,1.5427786981139975,-1.3303325606687508,-1.663867103255428,-1.3652004364513235,-0.017791998047015617,-0.02170437834638761,1.1369867797684217,1.873552543138107,-1.5605638845703926,0.8718604943505301,0.34560792346268954,-0.2768867306524816,-0.4355266241241202,2.387141596839844,-0.6321042062189806,2.1246930436352747,0.7550866864224137,-0.6804675257646391,-2.1563657321794634,0.49790199831274207,-0.30794065971321577,2.291215088104503,0.5404156277753038,0.8479900616928755,-0.1555246252561775,1.1159694623839425,-1.0624577020500083,1.2815653386772732,1.2977725665410549,0.8087343177072255,0.3622122028479339,-0.507058503801549,0.8053297482208053,1.4147135618026028,0.8268643004489162,-0.28611633480599047,-0.4310999236139032,-0.9953169850531118,1.357388659967994,0.2186055642568449,0.07919106517763408,0.478516053550786,0.9864778728740523,1.0031607934253586,0.40202634543105126,0.3499183042002189,1.0958817859191547,-2.451558108072972,0.5814456714217567,0.13923861191996445,2.768857439779321,0.42778590385409876,0.47509109198564425,-0.26386826019555965,1.0214785034249005,-1.3239340846104326,1.0456485173391665,2.4046142964696555,1.2208893526990425,0.6965187856004849,0.764406024569132,0.9985338169816438,0.23568296896700652,0.3307850079006165,-0.7285776147667824,0.43745554691207655,-0.47022817249271864,0.7199988413614713,0.9714907977345957,0.07586560523545305,0.36798446702837795
42634c95eaf4df6544f3119ba96efb9e65801d8d37bdc2e321b282d4d264861e,1,0.04822609447304471,-0.31062764164994866,-0.9488288141839976,-1.869535334053798,-0.488627765476774,-0.15191680116333156,-0.3562122202557406,1.309683949557376,-0.37909544829817426,-0.15615447698248475,0.5485086678514925,1.5590193786242232,2.133530596132927,0.33527702124685943,-0.3749914815094823,-1.377053683991188,-1.2926168702279202,0.2254961981312515,-1.1386060107013285,-0.7757206701036432,0.28548799466887637,-1.0357964426085222,-0.1448020997849449,-0.4548304641305668,-0.3620541187017576,-1.8640935912097296,-0.36931977829098567,0.3306327451673621,0.07421676231016755,-1.2346422996214361,-0.7422131280912732,-0.06409011933455308,0.4105864617872774,-1.6784635554139538,0.2617826644159753,-1.4982439029777324,0.29858319519689075,-0.00623964507702679,0.8754754275624306,-0.65773552024156,1.1156183536947926,0.5183322916876943,0.908260073864385,-1.2650670948590887,-0.4292168435672168,0.08314848850641475,0.5830714174021685,0.697519259610031,0.564705622526912,0.061035462641589294,0.2757641034473446,-0.829774407318229,-0.14286321185206996,-0.22743080963516338,-0.0032240473873199893,-0.29318093101598003,-0.6219587601956059,-0.23854649324091703,-0.07356701416744427,0.31707262359624155,-0.7690393756045706,0.22086219980526078,-1.3784391434251946,1.1187397452253254,-0.5171758552395458,0.07295643533692525,-0.3425140099898929,0.6241596581432113,-0.8440721702314595,-1.2257309865372106,0.4666888573632949,-0.08068916456703845,-0.06733245862801113,-1.5909268871107285,0.034080087646407686,-1.46206228466608,-0.8856205193963801,0.07933696151976197,-0.26896857077235337,0.1861798644491495,0.5601905888961692,0.24835172314442705,-0.02869331800509299,-0.17354132688665613,0.24098091036506217,-0.6765651041777999,0.5160418712460797,-0.43949130271100956,-0.356832735599011,0.47085850618389646,-0.5977202109529136,0.5739955021134322,0.06359255424790161,-0.48221498455775613,-0.013532374709833705,0.4266531192566122,-0.6034525758776401,0.7533536834085767,-0.7961979296472069,0.9642244970310551,-0.5495167016405726,0.0278920504738584,-1.1621216406904376,0.8354548594868552,0.1898552449735444,0.40569682361784376,-0.39809267227140843,-0.5301911739543296,1.4451615189320348,0.6672076451808109,1.288208847907645,-0.38870538134607946,-0.6226887154935902,0.2345624090200598,-1.7731297958592895,-0.11104093623513668,-0.1747686108180706,-0.17800637392065533,0.8324473958701766,-0.886309124438967,0.846085886375997,-0.0025040608104407447,1.920191614903203,-0.10601427808349692,-0.9674569595936161,0.43950808148958775,1.055164634703096,-0.04942034599942127
03b82ba84ff15b4469e270e8c7335d6a0f0c8a91b2b22a6a18993d8a24ca3701,1,-0.7098814422713403,0.798409793356861,-1.5513920648391646,-0.35564548336564167,1.442370876118318,-1.3000553591876527,1.352631824016366,1.1855164912097145,-0.1810384260883448,1.0798280133433757,0.9168526612672162,0.9009566538913025,0.4846803787250292,-1.8303983568782303,1.5427375649393469,1.738815834943344,-0.026643496433953362,1.6368245885715156,1.2302441569883533,-0.11742738482876547,1.0965530215102826,1.3003726338409485,-0.5471150596023934,0.42667866759101003,-1.6206537114449486,-0.2178047394612059,-1.5538264074305972,-1.2003021671814107,0.23250400175469232,0.7303784485405622,0.6944461542599654,-0.9468482223693647,-0.2772557683753765,0.3323887157025176,1.7337165196965403,0.7559058477505494,-1.099146110366648,0.1629113384714394,1.0414204441906931,-0.731815010358985,0.4163034226156629,0.33080205770633153,-0.012178144008686526,0.20720553961533514,-1.247060421603829,0.36139989674212447,-0.016446953160057544,0.03535138700613824,-1.0085812655979256,-1.1314239618429007,1.933323911912278,-0.4479235010322606,-0.5221565134197472,-0.4018237964405924,-1.446504380770738,-0.7352813203440036,-1.0281382870994138,0.3490789296918232,0.2945931969529203,-0.9180600157570029,-0.4203716719485041,0.5853866236660199,-0.002131538518794357,0.006617404500082413,-0.9489783958107597,-0.9389806141466748,-0.5414058631781405,-0.9423199908890343,0.6632790885394981,-0.13291336226273953,-0.36496510126189596,0.002556235434700016,-0.14825551416192018,-0.34837303519664775,-0.1188027745359341,-1.4719699697443633,-0.1948512599291632,1.4074367999213284,-0.16023311668987963,0.2680846415324763,2.600204186128168,0.39358211962821216,0.3863898012544556,1.6644801058550123,-0.38633680308339,0.8445370501496127,0.3764151878254646,0.6034187663707721,0.1498749118537413,-0.45072182564425267,-0.8205524564416806,0.39410263450417493,0.2265152826852844,-0.6729734790338784,-0.2755070457801497,-0.7156776379723118,-0.19238215910359197,0.6502510161954557,1.4537330187458046,0.5664812162705366,-1.4138486038314395,-0.5306453749799541,0.46913901960827575,0.448088424430081,0.7217786630173251,1.4033736932080663,-0.6594056564909592,-1.9965493708334252,-1.714538589241712,0.9171899028672321,-0.23153897873380413,-1.9372080170313901,0.2731079939036083,-0.6786204734499223,0.0675062701210194,1.99554489198185,0.3359236046525075,0.8874462883116171,-1.1406637473837575,-1.0094364669823017,0.2552918846041319,-0.5466195316325801,0.5495288269186109,-0.7356249790711563,-1.1182908510662968,0.6195509136506057,0.7526197854662585,-1.5773352072044717
303f732947f1b3e417e8467259c3715adfbfb4f4646baab46627fb193a22da4b,0,-0.3914887160384798,-0.9273346873858865,0.11941263789396839,0.6686393659685841,1.3175660779655711,-0.5301465680373183,0.3149488710797169,-0.5600735743988179,1.2769133757427076,1.111165281663339,0.11406125018384519,-0.2984594931783361,-1.1562868423412391,-0.033565221485343466,-0.19509766134570544,-0.017954484887067135,-1.1918147192972366,-0.506135622345958,-0.5260433753644147,0.1435901353027827,-0.24768109223602097,-0.31289619873350716,-0.5586326507358774,-1.6182146295268958,-1.3744082895525538,-1.3284863589115716,-1.2970673396907166,-1.1681851393609841,0.3001921584646129,0.5824436439873978,-1.0625916443883885,0.9993870110507737,-0.5067934026200471,1.2567951981326517,0.26179679395549443,-0.3151454476585682,-0.8203897290346764,0.2788237561343095,-1.1740791549383949,0.28205413989236516,0.6350862024088778,0.6672084978298735,0.6426726617228611,0.091641487964427,-0.34530303525392675,0.16045103202623667,0.12320047916098148,0.27678257972610254,-0.9594878794887929,0.42874130387871917,0.32044298311445346,1.2327831595900232,-0.28624717318331927,0.17834064412160497,0.952182689793462,-0.927638990420183,-0.3985788854293447,-2.043967031097976,-0.604091656128629,0.29190068689164966,-0.6892293924528581,-1.7603617711941482,-0.2328069318016468,0.7938017282357848,-0.9731726478262402,-0.9137309352532552,-2.0102932322221627,-0.7154975407262766,-0.36652224990238835,0.043830251442949886,-1.2419382628363578,-0.17090111904304095,-1.2821085486843475,0.008360522470431647,-0.08620965031470268,1.778019806970294,0.3346674576761474,0.09634795964525333,1.245230886130106,-0.08736866031293056,-0.9801063129570106,0.399102961421703,-0.30458239373201457,-0.9680073415816817,0.44804379104408,-0.11505353073811661,0.5317843437048299,-0.20761769533373103,-0.6364862818285153,-0.8023768900594924,0.40522739275597575,-0.3749070832559272,-3.8173375460420766,-0.6512753465365225,-1.247771966212559,0.1830841199902699,1.4421254368715049,-0.06856534732536537,0.27552352963893145,0.5467554445779873,-0.6776570080160437,-0.09691975458808083,2.07623570470509,0.5477922111706945,1.6036055917030776,1.3074473053119875,-0.5200952799274923,1.3352108642703062,0.6706150070902908,-0.0928948191375617,-0.14203861737954623,-0.9757830612880124,-0.051589704869157864,-1.4407390014110848,-0.0066995456451804936,1.1856330669042168,0.38701454809281094,-0.0790188866198543,-0.5226638309984281,-0.07745567760600014,0.2095234556391541,-0.3283762094328488,0.43112537588024535,-0.5937702394395834,-0.7426305453827781,0.4501583059214596,-0.7313106544428756,0.2704711367251774
d8598a27ff52475d2a0cc58c7720a537bd19e67c8e9d651c6efe699c41dd0f6f,0,-1.1705812728449572,-1.77274170142783,-0.962583349147346,0.8388427972704771,-0.5690129282335605,-1.3669970762020924,0.19842185056522205,-0.370722629542495,1.0551560174976826,0.6729403292544582,-0.19478105113972455,-0.10634878244764623,0.23595988209105878,-1.6500771358711988,-0.16513295509767964,-1.493138611277683,-0.45100588634993805,-0.6069623478959844,-0.6653979697029657,-0.001622239040850685,-0.004543214222345493,-1.0782392483821008,1.2104171188772281,-1.1129436464382543,-1.2892344772474187,1.326645655903504,-1.0898088499490115,-1.392064211488349,-0.7897864171625198,-0.3203048639070551,-2.3187239338955825,-1.5009336915482936,-2.1271691822590593,0.1195674050268135,-0.30902244674597446,1.1471704622642203,-0.12462468921872616,-2.151098207723288,-0.8580424476112564,-0.011507903139032785,-0.6453279306606423,-0.8145166325207416,0.9369152264029086,-0.15120748477032653,-0.7937554535604479,-0.102605812107472,1.6419450466086525,-1.6953410768556127,0.9507700626329008,-1.8891778342190837,-0.31516051922333743,0.1926464092735123,-0.673497804870167,-1.469018820824364,-1.323828187583675,1.4416088705217793,-0.8931153811601424,0.49870735621947965,-0.21953422881543788,-0.7255191130414524,0.028117813093259947,-0.7820597159637919,-1.7460731698863878,-0.7448141547513736,-0.5695638108895762,0.781184246433407,-0.05996825432885855,1.9942241557348086,0.5786542336728171,0.6243774898175035,-1.2915130271321886,-0.7265346632165227,-0.23612029281280528,-0.5313754140908352,-0.9629280683273783,-0.5555820245672614,0.026184782159326736,-1.3037107964092436,-0.23234410928296217,-1.399054133058628,0.629394893108113,-1.9894208836341027,-0.4751724657993096,-0.4285358325317873,-0.17119347563887066,-0.12782593028167455,0.8002283898071876,-1.1240535789646127,0.10493582074958302,-1.069367443335845,-2.0073687347350715,-0.32524831681619415,0.6566108399518453,0.5813155556584815,-1.9988600828905438,-1.9267506146206357,1.3974949446745422,-1.9079319908958707,-0.3384154947790916,-0.43274282878876646,-0.9965394263906429,-1.2622903797860245,-0.34575450375858935,-0.09142804986515653,-0.37741464829864435,-0.16099050577096713,-0.24277379990697623,-0.25254411587960157,-0.30051266932219695,-2.0125435022269444,1.0964194564044527,-1.7417990038590543,-1.2213983177837378,-0.7290467499566678,0.036424400475088214,0.7707125914682347,0.8006908488449884,-0.5435523847278032,-2.3983556908181205,-1.460920251561543,-0.020537465968365642,-1.0593781826418158,-1.0178268779721291,0.6573964410607379,0.15985428335249197,-1.2982972826027601,0.4582864878179421,-0.80167405403953
4e8521e8adeb7005536797f0add3f5c7cb97f95fe805bcf2bd42470b4501c9ba,0,-1.6756739287375313,-0.970719461244657,-0.1651021289498641,0.7662103945331941,0.502142342369224,-0.9397205655330899,0.32244673504582966,-0.249224064998608,1.3562155463078915,-1.6158077695558235,-1.928517280696603,-0.16026273518838538,0.2905065607416539,-0.944262833799328,-0.7849356236171348,-0.9311474337657932,-0.06171554015772121,0.3124698440884308,-2.02242965346397,0.14245939989601392,-0.3289278350112031,0.47858532039761736,-0.9252713074481796,0.2606463494359188,-1.0614798367276366,-1.3217760892018953,0.427551937477174,1.091794620931555,-0.23939329677648047,-0.8770952235660792,0.6264959353878401,-0.6908399658627418,0.10192024494136359,0.738596289519825,0.36309244165087606,-1.0227427777357416,1.3472536096652281,-0.34676052918777733,1.1998408155808176,-0.13973024816231983,0.6112126892862013,0.5001309596374204,1.078597151851696,-0.1650209942306559,-0.044360596401312125,0.09452547915352993,0.3783434674126268,-0.2603834627439768,-0.37142025616538926,1.8821346042763407,-0.19926543132556465,0.5773469247653994,-1.566970166929628,0.4960163932559747,0.5558171163766823,1.6945688597939013,-0.15595984328732454,-0.7728203268101803,0.2573256271759654,0.9655300757292933,-0.07986038923230879,-0.9306203423919762,-0.334145426778984,-0.32750347195969626,-0.7458296388839756,-1.144315199887355,1.0770006409725712,1.4863724300079082,-1.0053953361434858,-0.8190153331168756,1.0324070754796524,0.6766010902085898,0.4597065463052742,0.4996375855949401,1.6200944207410277,-1.2660984264404225,0.2837981628140962,0.16828835271592163,1.0877049631933269,-0.02010818059396749,1.4800563210307116,0.714936184718804,-0.07484740699321493,-0.1105907504765204,-0.47695555214782753,-1.6940301574983263,-0.4653066541955107,-0.058941811318635545,0.4897133712664444,0.5385382675208595,0.33616548411082936,-2.2212410168800036,-1.2587788262893458,0.4975098558368827,1.4523012707636345,1.21370482043428,1.8901714892024253,0.7244117062556482,-1.4626078051915248,0.3203768221665583,1.098476073655593,0.5987393722655774,0.4710347312374791,-0.920199872289383,-1.1632160072767634,0.5559744799873829,0.29467907962995765,1.1621873175271231,1.3989754772603675,-0.47244485644535034,-0.08054506289435108,0.5381724854666889,1.8039591610426664,-0.8565698128383341,-1.774378106117936,0.774526588609343,-2.910022894733014,-0.47816417688818275,-0.13907447641890985,1.5604093245014141,0.16272160745721997,1.1437806144580145,-1.2770395172043576,1.916593455330571,-0.2638650917038205,0.4651451037419774,-1.2130464464912336,-0.12915459470209234
b341a7af49bc4e8fbfccd6023f98083bda14aac54171b18359b7806857b79f55,0,0.16037155940591086,-0.6595134313861805,0.10190734697455822,0.45712741069439333,-0.6755225227638219,1.1024817769704924,0.05900524584627269,0.3241557564551327,-2.2461555650247633,1.1733069904783504,0.6387640066898285,-0.10472216129052542,0.27168166124124055,2.3084347416119377,-0.16300608932308133,-1.0751193012481441,-0.0614602371670923,0.5425532553256165,-1.3022172830446905,-0.3042301988734092,0.8572311648215244,-0.45295842361430383,0.7304593559309261,-0.3647078691220115,-2.0592204803363954,1.1578870295146282,0.6999834543820428,0.019444679579396884,-1.2603638968210646,-0.8628025496743027,-1.2488004096264251,2.172592828628331,0.1346526501001939,-0.5734987290940664,0.27582190456553124,1.2278607865237887,0.5609491092635146,-0.050949786473032166,1.5464186495699177,0.3240786475678708,-1.0611785058406515,0.3725193279813213,1.2738800534517782,0.7521341307182816,-1.679585120900393,0.035118655361401976,0.30073355944699526,0.4124279657135045,-0.5164954794814474,-0.13803769766048027,0.6541018097333566,0.48416537121940273,-0.4088654365531431,0.4140674045297621,0.525065828941479,0.7335405790177943,0.891729984731025,-0.4324973028942829,-1.5352738649894537,-0.4096316682503394,1.0956791933522356,-0.7736186589684625,-0.3147059455455624,-0.6068136699979361,0.8327797276055913,0.39322752445668374,-0.624107353785782,0.013043145030568859,-0.273257841310545,0.45879577733049914,-0.40410467354658014,-0.6093247347575927,3.8767702227206753,0.005927695279434486,0.012614743440898024,-0.05782451540215652,-1.241315468458326,0.11799008685023582,-1.764908370824588,0.5746649221556117,-0.4121951082604323,-1.8742994866580718,0.5128170911057287,1.541372118220875,-0.9483958401637065,0.8471469125765502,0.15637206397414588,0.5699486267765452,-0.8614612675005768,0.3191404055342899,-0.2307818730135753,-0.7328784377949791,-0.8767968447209423,2.16338799192528,-0.15583181832194345,0.10067108650857604,-1.2957630548670007,0.5984852567550036,-0.2614305262644292,0.15187028508404954,-0.812283560795299,0.13431445358081617,-1.3912695662214687,-0.8193696084216491,-0.42544957153827134,-0.06773246379168452,-0.5259168943236382,-1.2795008035268987,-0.2541491482249755,-0.9119610013600363,-0.42408683177965384,-0.4239989845135513,-0.34039360948863445,-0.6664973021843337,-0.8502479316901258,-1.728057182292182,0.3478292302949665,0.3009434977522686,-0.8465991534022705,0.2696809359760413,0.40286437981385287,0.9545351159382325,-0.19276338043798036,0.759439068271992,0.0818642941175215,-1.5439843296944393,0.16312691244284605,1.5905775378384417
042731dd9d47f5636a89ade94e13afca0a0ada58802a46f3c0f517272938334a,0,0.24344287685909924,0.4328001605915107,-0.18247044791982836,-1.1486319501887667,-1.4791463439671926,-1.4734198758808639,-1.0928939452921331,-0.8986958025745092,-0.5941922898378182,-0.1429931650187491,-0.6104244459312077,-0.4604993017839354,0.9920611359423825,-0.627567336029128,-0.6129230179118865,0.47770262877245756,-0.3958068918527517,-0.7359264674764824,-0.12447871539541025,-0.5464924703126574,-0.22760820778022878,-0.6356830345865894,0.08986242017064272,0.20171943848124071,-1.4081609568535987,-0.05445324014690406,1.038834435656762,-2.4296920943059157,0.7542810888887002,-1.566795113170534,-0.3410832235080856,-1.4630539674836902,1.1542795463328228,-2.8602561001510933,-0.8587623486194456,-0.7039343057875377,0.1331467537941171,-2.338166182692899,-1.9845166391126963,0.36707137871625184,-0.13318000420950804,-0.5150995785872938,0.4902630645612472,-1.5375479087214283,2.8342696000995584,-0.48944013111250523,-1.4898777109565868,1.1082299209286617,0.11582127850798463,-1.3243150439076858,-0.16758059548809962,0.7929637613232784,-1.4051322240250559,-1.5735914553981982,-0.6983069416538279,-0.9453689607684159,1.729202322310781,2.8765462755785425,-2.477092372155235,-1.0653786588097585,-0.8449413644387205,-1.5130924764801261,-0.7422428478215248,-1.8784228885541596,-0.8788572217123786,-0.635912424671448,-0.08069522934881473,-0.05151056945581822,-1.0475866251819996,-0.41632719467066215,0.09054429651204154,-1.7893594013605336,-0.7007292739688147,0.5666571015674446,-0.019262593961951624,-0.0007351593365735876,2.068515443699229,-1.5572425302515955,0.36504442719243196,0.1270499994622437,-0.163421084652295,-0.2773376617474982,-1.0669947631380663,-1.8422088323997639,-0.5368529118566456,-1.4012853986129759,-0.7534741525661368,-0.10509962273591411,-1.7962249548447509,-0.22512683419191346,-1.9556139253433922,-0.025432631381932188,1.152015773521075,0.0469604077972976,-0.5873066269579899,-0.5911759030695505,-0.07160868745892332,-1.8455583810006346,-1.6838963633184254,-0.22289183515775912,-0.5518034898549273,-1.0918524048893996,-0.7745164906534339,-1.2782260557322296,1.1060519695115991,-0.7830623370496919,-1.2968756137090531,-0.45543488676684724,-1.4958920461249743,-0.8834942650679352,-0.6969306556339918,-1.0770850284670512,-0.5179599398198127,-0.08532883118811047,0.8243415113100125,0.6185327471538566,0.6003577837284811,1.1859287191423655,-0.845716392588225,-0.08998304395457588,-0.20496610889730416,-0.3717517110473567,-1.1838884733133093,-1.5722821564635854,0.8925931465026453,-0.20248618688176628,-0.37178358818516477,1.2446637599389772
7ad261c293707541044c79505e74a3c7b82ec31f321d20f0fd892bf46c3935a6,0,-0.4219393641958534,-0.30211671425539655,-0.5209092295322093,-0.5423278092153896,-1.0558494807721628,0.6133814749633298,0.16405171164730625,-2.4263533228606966,-0.3082270349216125,-0.22841012676335082,0.4085003635215776,0.39328237115499665,2.132582792419285,-0.448857341487642,-2.2546213741363323,0.6338532946642694,1.2222516481801229,-0.7108788619328241,0.5511160274127362,-0.12328272500739415,0.6109792952634685,-0.2538635784761458,-1.1756969848249814,0.08527493521656915,-0.8048797852550007,-2.1708069599479125,-1.2489491349644866,-1.3463656564327913,-0.6469695568764366,-1.2083093483224465,0.3439590082722785,-1.7759009218760347,-0.6446340007887097,-2.1123862679133727,-1.1543932382611892,0.008367599208082499,-0.028118409967083036,-0.48874757918134004,2.147978360910847,0.8659578988430134,0.8521425696119267,-0.6126696943270005,0.09897828870743175,0.6825404944192958,-2.70207765497475,-2.64515571058783,-1.5922018977176755,0.6152524706773019,-3.618132677131774,-1.4433650352529606,-0.4721889720806257,2.2207813314415334,0.7563191067315154,-0.28565474296092563,-1.707645214121062,-0.34210891828308,-1.3416829663421208,0.741285150756368,0.1555581925211493,0.5866163524567638,-0.5638733080107461,0.10996368247092136,0.8810954122935133,-3.105537774780558,-1.03988563630945,-0.38142910069932584,-0.7320820619121458,0.44058589057737096,-0.6892465428138337,1.7621265565967006,-1.1467380347870872,-0.9974655876072357,-2.542062825274666,-1.2852711267199644,-1.6139049861669368,-1.1203394062620236,-0.450707109413735,0.637114844824925,0.3529949058610058,-1.356729670990165,-3.003555036372849,-0.2124818463005967,-0.3337011208613067,-1.8724211901430283,-0.02887436056591186,-0.6742912875874553,-0.2907771620590848,-1.0080846626465119,-0.5049070131992266,-0.7998909194943604,0.16691559287856633,0.3098671346652536,0.6091595135028025,-0.3372324357434575,-0.2337599524088955,0.9600875331501374,0.010918696664381278,-1.0918565824720563,-1.3787788136789778,-0.8225386670411567,-0.4740521405172931,-0.4419830660300673,-0.47420091880427867,0.00969820780775743,-2.1683413638176967,1.5407329512472927,0.9978066345131712,0.6416833299507663,-0.7452297471742774,0.033385793692690346,-1.1475498329267473,-1.1490722072748099,-1.6206757294555751,-0.23445403675110282,-0.8833137511562881,-1.4408426696491845,-0.6905941156208093,-0.6137275022958255,0.27720480100104294,0.6505852935871287,-0.8474264016626135,-0.05660575951398383,-0.2387898205825988,0.9203140845560065,-0.13368229430010314,-2.376172193866315,-0.6761479953071022,-0.3314904594728478
71513a9e22dcbb66b093de6ccda9d13a02c5eb2176c91bea4f2d121a44a48910,0,-0.8255453005269118,-0.2033783755801592,0.20107087336220075,-0.43849479783935175,-2.0180094881301756,-2.125850538363048,-1.4384957227246553,-2.198653769199986,-1.5574744796117637,0.31865914205218004,0.17333745767734832,-0.07280349103044748,-0.9417718014939604,-2.2508706738303825,-1.044222531209796,0.6653816985510108,-1.6715954040058199,0.21487059561697355,-1.4984939967752793,0.26664249623079445,-1.919854753731925,0.4556396882678549,-0.7721296990996648,-0.026408492708585585,1.0776206214720072,1.924526037762471,0.27469889437406714,-1.001838150192603,-1.4511463339174406,0.5737810172390334,0.6527751978400228,-0.4059259116126303,-0.6967734793240602,-0.47002107512399915,-0.13170136962469048,-0.32871165389582957,-1.9905668383504493,-1.9148464812314931,1.6436133400040585,-1.3708829064195467,-0.5057491647425252,-1.717559093028283,0.031983760871228756,-0.9857634043334259,-0.9938909759053585,0.9511521930689261,0.10403943127409698,0.22419802783729437,-0.9713345469946094,-1.704694032754011,-0.18444843335729713,0.3946414784953876,-0.9918623704464129,-0.5767563134255211,-0.1712580296494881,-1.0781969359686707,0.109271330027784,0.6130605659356663,-0.4971776708329509,-0.2673000667178703,-1.0170396539540107,-0.7291172637659724,0.014236267450756235,0.2604838984212922,-0.7647013491892123,-0.3185421973708227,-0.8138252131727126,2.2845517263499544,-0.3559419013531912,-1.8838900144858366,0.8024084381794305,1.2368679626044172,-1.423171300597913,-0.6367621210522628,-1.0799167968811725,-0.7357221706678654,-0.5756204998059627,-1.5229373967418893,-0.7532296195403969,-0.8471227702834921,1.4887717226373947,-0.36455287952509546,0.8676505803807839,-0.4538984584594759,-1.324832210399197,0.20459547737552353,-1.440924777096712,0.5000027096384422,1.0632929373724345,1.0870797707057354,0.5376600275397594,-1.570981769014014,1.5482231362769516,0.45349267715741587,-0.7597309946924171,-2.0305349954872236,-1.3678739768061372,-0.06358278320428473,0.3310708927642437,-0.6218274917581239,-0.8953107948094533,0.13244765167764486,-0.7873665435464884,-1.9083226470341308,-0.2912226725017475,-0.21983270025661908,0.015067456143206537,0.2219087508968115,-2.125208814328294,1.354967276330626,0.2346570912625523,-1.0120655745599425,0.3802383441100635,0.3141887701735825,-0.25696482258835335,-1.1323673566388814,-0.23671831922052483,-0.7674039467958552,0.6054087540866351,-0.2155800160669668,-0.17155871052162996,-0.3557679443206979,-2.50089778797067,-1.6074528377217518,-1.475544531849061,-0.010669026552987737,-1.46823039635002,1.020150727527265
c18b3dc24dff4f3279910fc73cac8eb35f04d0a48807d92186de4a37fcf5cec1,0,-0.8343336883340651,0.15257738271592147,-1.2820084354663617,0.3233869664881583,-1.1532795183340563,0.6746374631189049,-1.9007980690059452,-1.912005601489287,-0.6189449741240773,-0.3510851736368154,0.40278980281977556,0.5829572564685367,-1.0439620203524507,-0.7498943951990653,0.36348340058660344,0.3462639936265245,-1.4295930596211122,-2.0967969275176355,-0.031179084217768382,1.9655154956920386,-1.8190622252279536,-1.2149778370762192,-0.3721076330019003,0.7700045165813896,0.011161875626177709,0.6058957036158107,-0.871592155183432,0.23669722704306403,-1.006514803886568,-0.9872913692165656,-0.06843971052762446,-0.8527038254889909,-0.19537860728670042,0.15968510166328004,-0.03401494811646155,-1.265329269959249,-1.1049661023635657,2.381556386114963,-1.8978339819218246,-2.6594947609828905,-1.3548055193867032,-0.7421443594042438,-1.7693275560197845,-1.335681264555343,0.10028864205738487,-0.8961194611756806,-0.3753057587735385,-1.1111407692853295,0.2938326608272944,1.8560965887937197,-2.0021270561552327,-0.19563948868488917,-1.0969839418895355,-0.22617901531058127,1.056557043697479,0.7929781378984566,0.6697378969183599,-1.4908423419457053,-0.2948357962176967,-0.8936200746230222,-1.6436949257902809,-1.7079379030604165,0.6728955016334957,-1.160122810981977,-0.6755153428754276,1.2586682561303657,-1.352494330402173,-2.1163520241422527,0.13068050618119864,-0.3224138765480802,-0.2483976519432996,0.32373822647569384,-1.7825319342266415,0.37299840519919164,-0.014086764493577819,-1.3819672409012478,-1.3582256866134488,1.7672666809627584,-0.8103502380290943,0.5251507238346123,0.5479689156075185,0.8361669069275504,-0.023820991876175535,0.10398288258527388,0.03456520223665277,1.5185118049931259,-0.7999467416157604,-0.9989111575431708,0.07723249558751721,-1.1826381534220765,0.10265378546565851,-0.8249739524718116,1.2801011638369275,-1.6275461618486662,-1.4287490100932747,-1.5884484137055,-1.2515256823817171,-0.9144240196932536,-1.2605867279913108,-0.9157755696696164,-0.00770712957160713,0.560344914769402,0.27154823636337694,-1.6551557426544914,-0.3018559752787776,0.37843495290257967,-0.4030473306668342,-0.7208336117772987,0.2562478131487471,-0.8217089403845874,-0.005473891552438825,0.1496708472442999,-0.01293348871172495,-1.3001075317496091,0.4609967461183036,-0.7155994876924094,1.0919141546594235,-0.38429474460234675,1.2855044447810353,0.4016855974016195,-1.2120036043363736,-1.7423696404503604,2.054970499167335,-0.8310476885683861,0.022169510084234956,-0.0649427881370857,0.0869697135854281,-0.1004001258059628
6c2ed91b8f53686dc6f4165b0fb19bf0df01b7612e2e2b2d9f7ad6313fba9a92,0,0.18406931149596806,-0.38896312379283243,-0.18588111738204774,1.638448485779827,-0.15297080614101832,-0.6383314543626526,-1.5485752462723674,-0.27438168235411636,-1.4689820492181571,1.1011079791521716,-0.4521071257448127,0.7472269182524724,-0.7215297162207832,0.17358720953352552,-0.054223223108380875,0.4227163016262187,-1.8474545910245332,-0.25917763395541094,0.5062748654343707,1.034433030863451,-0.10900562422773755,-0.06553326032076284,-0.3065252754201064,-1.0522069418663924,-0.4096611167029043,0.062416391925996795,0.3346564972065198,-0.6937562019094168,0.6396333866696216,-1.405568972378226,0.6530698313723251,-1.3737627471337808,-0.14450562213503612,-0.7549999740975223,0.6602363094464176,-0.07058946001260392,-0.6658562777752272,-0.33361585840079605,-0.528677583497182,0.2221664381299729,-0.7650970321087479,-0.20478867622115365,-0.10603417443070107,0.5531663340262004,-1.2852586741451493,-0.09974240811977841,0.6939782038661416,-0.6886981442296596,-0.12398492016802158,-1.0762579191267314,1.1091837093292596,0.09973635251815827,-0.25056837504352203,-1.4366632700014486,0.436466104320652,-2.664065673111731,1.155650693437723,-1.093329561660295,-0.7290193765858934,-2.400312683696207,0.9030392088483192,-0.29136010429704573,1.9283772138646618,-0.7322179264206655,-0.3381616456473058,-0.5016071324797007,-2.2019966968802374,0.1463448524064741,1.5142359827479055,-0.8766178187127809,-0.06564907606506773,-1.0140586306118702,-0.7207761533731345,0.1555455701322827,-0.800807786438456,0.4217962366244612,0.757651216680495,-0.4201205952467241,2.1969273578183888,1.5448121421696517,-1.0808662838467047,0.6199943631631055,-0.6856021039127509,-0.17132619108821134,0.9728928692498376,1.2130455167442455,0.8791929686260099,-0.2646022484086423,0.98716456505318,0.7991476335742086,1.0853969721250447,-0.5844807220180191,-0.2247178666144962,1.6344509161368859,0.04948282011622593,0.9414262604037926,0.358661932361896,-1.0930757291005175,-0.016623810086600938,0.6803272064723495,0.4731833355276423,-1.0877375578860637,0.04808128348615809,-0.6046143250388989,1.504598972370107,0.14498982926023019,-0.45458628461157935,0.43645906225045455,-0.5623986810785071,-0.34879641207132445,-0.3852065118457547,-1.019672067158977,0.6153405973113821,0.22581745486387134,0.7900838119684932,1.10435850765258,0.22758381361362495,0.4813663305152881,0.3991499799330879,-0.6798057994068254,0.11575798919329366,-0.45870614970435397,-0.37058814294728304,-0.4965054475989238,0.9971155775977006,0.5634731255095049,-1.3181247543941952,-1.5436999380957224
6fe62eef131f7febbab6ac63b752366aba7c95b8b67f634bd48f5459a89ce7cc,0,-1.6223659961945167,-0.015286279281215953,0.16847973508710012,-0.5420472401351386,-1.1118751111747613,-0.6382738628994844,1.5431481206776596,-2.0206603776440875,0.6616257778781283,-0.8948444795323449,1.468798648819919,0.5180833724218601,-0.4158777507631623,-1.5437440208290447,0.9383258797998396,1.2446333409402912,-1.2710968072448343,-1.9376980448571568,-1.1172497522427742,-0.2769197174514163,0.4877567554022747,-0.6441659790166206,-1.0271234318199218,0.41817306938337145,0.7026950830730094,1.276978895627175,2.2437434143006043,-0.226289245660376,0.1472987764412027,0.24277395004748498,-1.9879566471250851,-1.6666051568349363,-0.24388138080046584,-0.28455550563704035,0.19375303783000986,-1.471962143883697,0.4412959432960919,0.41636583120374915,-0.6037782029552153,0.46778203370588284,0.10355510290752312,0.17691235849403514,0.17561417784490696,-0.4874709847128186,0.6123216985006035,0.8951260400566659,-2.5099894585985103,-0.8658927331224122,0.3738376041675411,-0.4468630952206453,-2.7199094567509587,-1.9045499062759013,0.3987653543767983,0.9862675924523314,0.19045445229564806,0.8249576797099036,0.8817473472302765,0.5134746311629697,0.2790506457881372,-1.6117819814734329,-0.9891302780284158,-0.41712442455530163,0.0793956131378784,-1.2453538429143363,-0.514159434472838,-1.8074683160398866,-1.766577847699928,1.0919628921912072,-0.6718395246769294,-1.5069996458936454,-1.3559125700768169,-1.4894078768406374,-0.42525906833467025,-1.1351611634281586,-1.0671519865506294,-3.1582013456123343,-0.9792086957563015,-0.12408741399624057,-0.8666322138890169,0.025442583452141565,-0.5065982582191574,-3.0440933884795447,-0.2899135050826014,-2.1876322460942776,-0.0015427585846382458,-0.5954040685095912,0.16700389416711459,-0.445044737327561,-0.0466342831643983,-1.1538827519517838,0.4556304771683425,-0.9903138467410297,-1.945782894602468,-3.0211040538827154,-1.0571111211824507,-1.0300017547652573,-0.37283257726120655,-0.5657198726103241,-1.5132553666454065,-2.2063862813684345,0.18740270270219775,-0.5964068311921994,0.8706111049212897,-0.42404799157758155,-0.23561290255091727,-1.6114239889770525,0.9337681128677875,-2.416127784198472,0.7323767133013288,-0.9561978317692715,0.971650305011736,0.6984801021723015,-0.7013851584508766,-1.2322821988664212,0.991299758884567,-1.055252421960985,-0.2461371479670711,-0.5061106293581402,-0.054198452617971626,-0.5386406412944513,-0.9439001267699088,-0.6161144263516396,-0.8513758059174572,-1.0505203317097624,0.7398932779569198,-0.4224865445199746,-1.5077049921905523,0.3121209973842941
02f282f4aefe7e76b17cfc7798e7c8587997878da248112fbe33c9c7822b7b2b,0,0.8807991723556816,-1.4985954248491948,0.9963179726323832,-1.363578524714937,1.0125427868001184,-0.9412479307310824,-0.4032026641598305,-0.029386533415501903,-1.6415966004824103,-1.0992845371491444,0.9681646233073904,-0.7960043497899736,0.5745045704103529,-0.34233457466375283,-0.6099461723324349,-1.2319766601056537,-0.581288549987828,-0.5319983650161102,0.11979641619520764,1.5072445093760174,-0.7709868567838558,-0.07068667853451935,1.3047506538354186,1.6766913070245164,-0.1603148485210605,-0.42428313732914963,1.1744912986701515,0.16711853629811735,-1.8657249227502128,0.17367533658256396,0.9410488989122777,-0.07476961081105804,-0.06714503208993478,0.3356469760295697,-1.1476443480574159,0.7102530091926583,-0.12799625597377307,-1.2983376168288272,-0.10342986495476814,-0.23567930531935824,0.049785001183387856,-1.1456668154356517,-0.3133935359514429,-0.418509388143946,-0.3963192988385268,0.2748145274380044,0.45279661099781476,1.0007748367316518,-0.4545310837531473,1.8442851911286102,0.1725562922308151,1.6467504773242099,0.4638794243252791,0.910971609783823,1.0814466711642923,1.646919111841957,-0.5153468115451662,-0.10464480820557279,0.54066141112068,0.5740380665137284,-0.1438206075284953,1.2492271472470697,-0.43188110083914577,0.26427547204116053,0.17957274935381395,-2.279831952437246,1.1861763696059602,0.12448958023308765,2.0407968805691294,-0.050623221707223345,0.2516606583194026,-0.7202916543921167,-0.5990857851692951,-1.2479820264278012,0.06634409492524695,0.14709550568588578,-0.17623412091743285,0.5138320155632655,-0.7721387432774762,0.13615421721736365,-0.672670380695692,1.055231390334577,-0.36058058605399584,1.388130337222337,-1.283568845900282,-0.5184311475986227,0.529756517544183,0.2540629524835878,-0.6600424286221427,-0.2125022649381163,2.5366977018577566,-0.2669671351493821,0.6194929659801771,1.8154292957921077,0.47022884356323846,1.2175724162745478,-0.2158695257674772,-0.3235366366550366,-0.7248048692108116,-0.5648790404574342,-1.3112678446637667,0.042580480534277765,-0.23165404006753645,0.6751889042333495,-0.5866038972080354,0.8772638912537357,-1.4755854109687045,1.0058340439910374,-0.29659460766345247,-0.8634428160616825,-0.22189985554313155,0.20322548540309016,-1.5282829834773621,0.1151810501606303,0.08335163984140992,-0.953272023590983,1.025569522364528,1.983371545876868,0.8786590603731443,0.301137215780901,-0.40110322331932197,1.160678978113388,-0.5060951852450595,0.3689335069430062,-0.19524954973177533,-2.305554770528349,1.2378136028047944,0.7211293531895742
b5b364632083bafa59a083ef917e49967a791ad8c5ae3993794eda15ecb9f89f,0,-0.317456308525542,1.0402690832664585,0.18438659420814724,-0.47636858217567196,-1.145046757881329,-0.9751529500610272,1.7233031540545238,-0.9338831374854973,0.05188483933347632,0.208309895448407,0.6653478390414467,0.5287596586044409,-0.47784432682874634,0.6255695300920902,-0.08142357272419776,-0.862600168243205,0.7696158111472701,0.13545518632410064,0.4829593973102485,0.22387343256869296,-0.12992365078381674,0.6251681503993549,0.24687768377394315,-1.1978194634046027,-0.8492640312079873,0.5796163560713959,-0.3736501411847642,1.0469480482301228,0.309899947049274,-0.2057866127924681,0.6246396905575565,-1.8539829435593285,-0.6209346270196158,-2.389849905227753,-0.10662385215379389,1.393443345455879,-0.05856746939222007,0.3095162808768144,1.7079672135090949,0.09776817329219667,-0.8410649730693899,-0.32833505260012397,0.3383855350777183,-0.9479743002073064,-0.04108577983321683,-0.7183966996468162,2.2084524779277634,-0.6438915260964866,1.495493122108038,0.5039673932559283,0.9205749916792669,0.7724086874421991,-0.3621964537227767,0.852445760809301,1.1924656374647067,-0.5765076693207175,0.13811910054876925,-1.1252828144553737,-0.2484179786221713,0.4339140735396889,-0.6278961439957522,-1.166247478866914,-1.4619857246636263,0.5455382858696907,0.15014189091789143,0.7854651250177611,-0.1602477396472038,0.06607597962443346,0.17519120798253837,-0.9438963056928866,0.670967992541915,-0.9853755511292519,0.47230513202309954,0.7038076610790651,1.2295732701092144,-0.4351451735670694,-2.1396298382033865,-0.47484563572426175,-0.6814904687997281,-1.889884374835083,0.2665498272506226,0.8584640571980057,1.369255459163228,-1.7231079509232827,0.04789080409859808,-0.1301357007092111,-0.22247851311091396,1.4663434281921042,-0.2963499703928895,-0.0981318776420671,-0.361135088703212,0.6532888708274385,-0.1314734051135358,-0.06989830665422525,0.2488452397212917,-0.13918352642196863,-0.7217559693849961,0.1264932657705701,-0.7654768006006342,-2.451164472868739,-0.9145536109374894,-0.7617223924086112,-1.315547344183314,-1.6298737569094421,1.089874894054612,0.04379162354239641,-1.1635899379630699,-1.51547969967761,-0.13677873464808787,0.2764633409061916,0.3504799169456246,-1.2723227277316569,-0.9917685534778653,-1.386059194347744,1.2058637901553793,0.8041489739448221,0.4502090929384587,0.213532224364254,0.15892736067111085,0.15503054852988168,0.04259177018987785,-1.084736621663868,-0.8448149186780195,-1.621751290338667,-0.2712920647237389,1.5558468557643148,-0.7614359685944392,0.1779112150338903
c1d489845e3f6bf7dd9b0f397ed555d6cfbe9ddfff983af569c6904ec4269245,0,0.2948012509766951,-0.43529695196408735,-0.30712517002334044,-1.782654402954087,0.2046355879364536,-0.1161268657412706,1.0636807502361474,0.23236296230956438,0.06144372511076818,-2.939489130519778,-0.4415010931537313,0.2006210943298572,-0.3474998360302723,-1.166422162122927,0.42876035872220186,-1.6750810515067764,1.2855459663179007,0.21733632409397297,-1.3755445579393706,0.6245945891928376,-0.4103310963894214,-0.2754190732563483,-0.8830367889593965,-1.9577267587769844,1.1988004962726182,-0.7362499986347957,0.49327480458742196,-0.7608886868725633,-1.0099607378587592,-1.392648922237051,-0.5823893632606301,-0.4773226956060437,-0.9135148002507676,-0.22683918420012483,-0.6017121258986426,-0.5418913729604431,0.49362912176245466,-0.7893999458034132,-0.06364903043376496,-1.138974969945095,-0.5029377816802727,-1.9008646807369192,0.017715050047298453,-0.5808264540436723,0.30412004373099855,-2.5387696129514525,-0.7709927996294828,-0.4794489189673234,0.060867795036048944,-0.7861525626398864,-0.8290793152875211,-1.0483456268392615,-1.249743650320122,-1.1768922211373796,-0.6747340856270994,-0.7291587962605103,-2.1198963940221858,0.6777875483221892,-0.5320802181139475,1.03419458968329,-1.9000672046483715,-0.5258156099066897,-0.09572421546490374,-0.5562583870041276,-1.8362231092424217,-1.3413333307329398,-2.100579379737113,-0.06167294773527349,-1.1682180728143485,-0.9217458485806709,-2.2268353006327737,-0.31043987041891086,-2.13398307249094,0.0734072379247408,0.11116693863975022,1.1012962846512746,-1.229585790232746,1.1469824022195099,0.059385667876361514,-0.19855038488646487,-3.167205936863664,-1.0847877406242676,-1.0124252317184523,0.9484089764280298,0.8673491991203215,1.234131849968376,-0.5045105921109554,-0.650473840935451,-0.4586543455548787,-1.9340473633886284,-0.08593065141444056,-0.578340307710179,-1.2227032389266053,1.8609843524589753,-1.7143846258613693,-1.346746697132302,-0.5395664038795795,-0.22001636371507993,0.46942097542917893,2.03336922778373,0.8898050083269464,-1.195034716451901,-0.9242557753022975,0.7197085675319399,2.6409531371864876,-1.3451068749511497,-1.1807257489440028,-0.7979524638568686,-1.6877651422213906,0.21892028015813325,0.29054585156150026,1.2851759571341188,-1.077483162170795,2.0056949410993514,-1.0640444862428973,0.1556077805230745,1.1220402900014776,-1.7175008333686348,-0.8780162226986297,-0.2235325922636291,-1.6532157350058116,-0.23020480350968794,-0.6759464305930977,0.46025071747955576,-1.3462447528988741,0.12399475221350453,-0.3926736275253791,-1.4832055160442623
953dd0313901bb19d674df5ed69d8af1f2208e759b046afcf09b985130679ffb,0,0.18279913679169235,-0.453765400413325,-1.1995962895622458,1.8277567396098178,-0.3531367927620187,-2.292338720671088,-2.524197535060209,0.7099600324768985,-1.6031995649585298,-1.6626336880468844,0.465594514486298,1.3888138610886493,-1.3090282728530194,-1.7220828990311592,-0.8552283855516417,-0.8470666771142628,0.30702961313298704,-2.2871563585872314,-0.4861989549063873,0.20159073272358793,-1.7815931459633512,2.4146784917285475,-0.7010853367437739,0.3787484136715086,-2.2305903446897455,-1.3965599648956197,0.21900528064619873,0.6339245994950471,-0.5524065178178492,-1.7224229822372665,-0.789961182574902,-0.07199805518842119,-0.8229785042869184,-1.6062551331421626,-1.1038874326024057,1.1593231488596076,1.160795645548779,-0.5962949701013004,0.6798886808032261,-1.5717365039875777,-1.0326245807774375,-0.3240644800559662,-1.2800169548867475,-0.24037315621905292,0.0871839299800573,0.8648926056308499,0.38829156382552377,0.7305351048578328,-0.7653543100846631,1.0068907471216872,-0.5176929098579545,0.7986877614848062,0.2709653224845142,-0.5682686405239379,-0.5540128797893767,-0.7483418543017555,-1.5259761930637539,2.5342384970990883,1.3263515413204565,0.7751879875447143,-1.443764714996742,-1.0650335743883925,0.04791240731631441,-0.7522370348408387,0.7778582148672162,-0.5678987602353498,1.0153465779359871,-1.6928989935191616,-0.8025620479173379,-1.1023520836459708,-1.8134534874165995,-0.7896391999263621,-1.1647784240934302,0.7416472336802594,0.0562150965845718,-1.054929887678455,-1.0445245303587383,0.7503154953315847,-0.9035566752265909,-1.660969198100487,-0.8353630739302085,-0.10357758449590848,-1.3733405235413287,-0.824121799506045,-2.358150860075732,0.7995526463947834,-0.06138099530703295,-0.6146114958984308,-0.9974813514991485,-1.0114559208836522,-2.1696179308660195,1.4998005075517953,-1.3573109721241434,-1.0220386075191923,-2.0611732392166546,-0.7169362419498981,-1.9347501687897504,-0.8532743712631627,-1.1912745950520056,-0.7403775370561457,-1.5381520592091034,0.717173466302625,-1.0122515962498975,-0.4079323234199688,-2.2685010225457387,0.1096264305462138,0.6830055559804286,-0.07617734278125943,-0.9558043029169722,0.7239373220456724,-0.9624730715111621,0.31204659446665106,-0.25046791497741033,0.1679077478794765,-0.7398108825447103,-0.33803703846791616,-0.5299001748612906,-2.233638419396425,0.7939683027667561,-1.430620948125355,0.5157759713201936,-0.9942821159386211,-2.541892148282612,-0.7586808407121057,0.24952153378381037,-2.1920021558707683,-1.0130312500749148,-1.8210928835360125
290455025ad553b6adc456ca8fc6f54a66b2b7d6b827bdef106c06f9a371689e,0,-0.39091627606884627,-0.813273619124855,0.05758549889686959,-1.4360181967370342,1.2404001449745319,-1.2308054436574747,-1.7305570880624632,-2.4478654981381283,1.0120827187761106,-2.1580514668064708,-1.3590419708843045,-0.8843721039984701,-1.0073248318643448,0.9830094563298883,-1.0182083842323595,0.5796620633308487,0.7406400274607126,0.4316751036605404,-0.34019514678720786,-0.7030881896012713,1.0174689861860888,-0.6416266344693025,-0.43626841470913236,-0.6198188019280466,-1.9844960934759093,0.3725978083762412,-0.3368168663201343,-1.8788926120103044,0.43961446353287564,1.0158527640477995,-0.9656925566370201,-1.6087761539976295,-0.48025910766563396,-0.039460125619565134,-1.3972155949323382,-0.9859808291371717,-0.014891274065111038,-2.0555578562897625,0.19802285761719807,0.3844571474237463,0.333798743876438,-0.7129685526227674,-2.011391883739935,-0.7717313082957957,-3.010176499584146,-0.32014104677136623,0.22512931067456698,-1.1471238502734353,0.7525108699489624,0.48753409925513225,-0.7438076454860137,-1.6401617333241263,-0.15491442669451727,1.3946301935731376,-0.3069006443339538,-0.9845063862107506,0.2710825015055234,-0.6060691650802215,-0.22749584150988317,1.1669544348943366,-0.5784188205249019,-1.255603122517889,-0.6976024833521134,-1.5722401907758843,0.9452534895378768,0.09279601663906922,0.31232769493746615,-1.5706037633745926,0.9202254613802672,-0.8642551678351351,-1.633800467936596,-1.8071667004967769,-0.6770407223688121,-1.204682896588026,-0.0732125936832346,0.37175265003407415,-2.1617843816032143,-1.538665581744576,-0.09357130122779245,-1.0052955939074901,0.22326098057651134,-1.406430420979675,-1.1772190093611623,-0.014667820940619358,-0.19073903848743656,-1.2582430807372624,0.7463603695510159,-0.9317222066007901,-0.824253365315135,-0.4795106677354108,-2.2396776282127817,-1.5152424717771438,-0.10992816180415155,-1.2180266880066348,1.624157182115372,0.8185133907793709,0.5459004242625819,0.7410114215718788,-0.10275089360937939,-1.0303280449852432,-0.23124209905036497,-1.7158215109588375,0.13383939802039524,0.8231127791347279,-1.1347118343834621,-0.7351763932343028,0.33257343641770865,-1.735582191970749,-0.9130734129461268,-0.2630961823234491,0.290935773742341,-1.5286876002900154,-1.9697421555037982,0.8036746352876358,-0.6109713020866947,-1.4127621918531155,-0.2075162651367468,-0.3244654522210537,-1.1849637060743152,0.40132923830759726,0.29455595663673784,-0.09856889103903743,0.5665815864765923,2.4893894543857953,1.0079493086817026,1.584135808680799,-0.3480423930479888,-1.183389710715081
3e0525b0174d0a74aa067048e838ded64c6cc7dfcd980f4339120a34e1637c9b,0,-0.007072245337386915,-1.5855477549002546,-2.4387146550425243,1.783485870760083,-0.851274468543615,-1.1979226660137194,-1.0120570347173445,-1.796977108560195,0.49406280835775174,-0.8028306579664628,-1.1114570276053395,-1.2127297258222764,-2.3044373885354204,-0.2352455267543251,0.1874086722785116,0.4843812667911247,1.4660500172334754,0.49931500227355546,-0.05526305593191755,-1.9949274933255152,0.6269440997562561,0.37800305935752965,-2.9854551711150377,1.6648850112101075,-0.8260088175428218,-1.2010545057200814,-0.9755547860395317,-0.5496932967452299,-0.39112547471997056,-1.5940653406156802,0.16401993809389342,0.2918055472524863,-0.1935491851251676,-0.8292316800838758,0.217991310694424,0.6467009217343683,0.14329645605532948,0.7332678457510089,-0.6403824577061072,-1.4871339382530924,0.3848685170723922,0.416101081931436,0.9852404677224812,-1.7077510925861794,-1.9422791182095516,0.8442735735229778,1.0334203653952714,1.774816076279603,-2.4179563262395405,-0.5507238137908878,0.3980848235999543,1.199724773050276,1.4642963292677327,-1.3994725973121211,-0.9389530111313003,0.34440595943148455,-1.132233208678136,0.12367736119993952,0.7711690603128155,-0.17744802106030802,-1.868730824825944,-0.08484836488349456,-1.4976590004746044,0.6708526431564459,-1.350337420206518,-1.0820207085866658,-0.9040927391952217,0.3640856347798138,-0.7027097955848923,0.1541771299619482,-0.027799974550910045,-0.9643437799983099,-0.02652550611341803,0.5833589456953365,-0.7072567952965889,1.4509738702957222,-0.2302392493537908,-0.4663469366435339,-1.666113817284987,0.7256475634944299,-1.0827337837217146,-0.5428778657623339,-0.15511975929878757,-0.43493453092670975,-0.9061802051188024,-3.219792371802449,-0.27826605685313766,0.05883442726576482,0.7802839931278838,0.06557837536108099,-1.681274526066635,-1.4587675981721107,-0.6718697276789738,1.5438610776785273,0.5592063172417429,-0.6957754859884164,-0.5775191080295929,-0.9843605233723648,-0.5754214291088552,-0.19113216339325467,0.7814071907639712,-0.42001704204722384,1.0801203780919624,-0.17591432297304244,-0.43211930867661363,-0.19682636489135352,-0.1806238094454835,-0.3108704219921873,-0.6348762788661887,0.11498403297688886,-1.0128379367960452,-0.5603843733406629,1.7737574530049778,-0.3138969705020421,-0.5364894372026302,-1.0639548619219092,-0.8775812090247367,-2.1932596580959283,0.46382421218510733,1.3901808501022788,-2.1867302190385507,1.2785013223826207,1.312691951523076,-1.761194162415298,-1.554676116317939,-1.6069537983177853,-0.04870772833613263,-0.8690423539058312
235b2331ebc5b62c5f69846e3fab61dda3712ed7615e5f657adb480dc961b640,0,-0.6622457934369415,-0.463175010556178,-0.4560665785899135,-0.5691516622037621,-0.35974532726387926,0.519449143739508,-0.8451844289057081,-0.5343218769441942,-0.16086837424627376,-0.09641240250462067,0.05333681429926895,0.9787027792049561,0.6874919391983372,-0.16398168487945206,0.32896654055103003,-0.29878766819178865,-0.39254610889403196,-0.27611073799940455,-1.861845399144593,-0.25240725304289263,-0.045059347786344406,-1.7023016474894446,-0.5997344475433982,-1.570062085931044,0.3313988768808096,0.0710735566672821,-3.0272578721942445,0.4176161125104745,-0.8084000991158427,-2.407004237542477,0.061492819449102565,-1.82338996508974,-2.3480192213699276,-0.9049625351823387,-1.728205818788903,-1.2005489445040303,0.0526935808036523,-0.9018096963928868,-1.0712380040446838,0.6309527115069802,-1.1915783967963038,-1.4617159246349818,-1.3759310599620136,-0.780396903639634,0.3995175990154346,-0.5691817467458907,-0.8127674925140815,0.7935035903981578,0.39464681070665675,-0.04162711595167823,-0.5221931201692339,-0.039227674263278306,-2.022282593656717,-1.3144366524615743,1.2518494125274768,0.7646742138266619,-0.6451106844195574,-1.654686659133864,-0.22945079533159313,-0.13988050939843227,0.2661963524012624,-1.069138511927636,-0.8830075473005885,-0.12517484798362455,-0.43304412107057383,-1.1958668373461425,-1.1181767290013824,-1.3196918832635824,-1.0820920519776154,0.5755083738204598,1.1405315981255122,-0.18311124975326676,-1.070000212436749,-0.7208408475223727,-1.4259258630214848,-0.07448083474499483,0.5099080159421157,-0.3675937165397918,-1.7480511957431588,0.0616398029192059,0.5792239556452631,-0.5454200221381562,-0.07379978592309477,0.45989712717994724,-1.4480033441859164,-2.6379683205844615,0.05156906349339224,0.4827642319718694,0.3466281330883614,-0.2808779168257171,0.2272674083235794,0.5609677521011305,-0.566358294618648,1.3295035899436716,-2.068693681083393,-0.21792360758658028,-0.00780957836112961,-1.2596396197452078,-0.391089030630555,-1.779799240702325,0.06278958645410251,-0.9243543008863038,-0.4374598339050295,-1.8452214644698606,-0.814681644353376,-1.1830017401456148,-2.1177616295221218,0.6787116658344841,-2.660322084577733,-1.1860229243579405,-0.34725443982265525,-0.5198879380895562,-0.3557978485104523,1.290332309049233,-0.7133615425064388,0.3597515854359386,-1.4560291721782261,-0.21205594569849012,0.015480604196612346,-0.11954060044341663,-0.5062068264328691,1.7298023606780042,-1.7345466118327777,-0.7085037286398137,-0.4452828923800699,-0.06752702145239065,-2.4379407476824335,0.45064868523057067
5ee52ebb3c6b0f376ecc258432cfa7cfa38132a145999dc02eb40383bf23a263,0,0.048023299865122784,0.5955758145781098,1.3631377837620453,-0.07858760618429107,0.8961846018170193,0.4259464192950646,0.4272682938077811,0.03711563429366871,0.6300584516983716,-0.17458160750050958,-0.11126641627216216,-0.03659344437416562,-0.1620179023816316,1.2662665977031067,-0.34784457901324123,1.105794516259209,-0.8693944189698303,-1.248407226496559,-0.20998827345849183,-0.67324179245289,-0.7284239186064855,1.1426682994229016,-0.9098423246848917,0.6156208794771031,0.6119205369138191,0.8618447018996032,-1.4511704589656933,-0.006660829266764923,-1.327027100418626,-0.3330954670845476,-0.5511490162031198,-1.4667327412469986,-1.4187393048900518,0.6116034545287641,-1.6782297356572797,-0.11212970757790675,-0.16955441080794365,-0.8889557094597824,-0.8442227169464125,-1.1695322060807205,-0.25323645975757864,-0.7015513863571006,-1.7568609061446008,-0.9255414581364136,0.7031729131219724,-0.34380839383324036,0.5066135458016698,-0.35500197036010916,-2.209921065845404,1.7437711995587106,-0.7864545051686608,2.097619114888878,1.293679141774986,1.1391751432536883,0.9363578265502153,0.04028264133255777,-0.1089805073157879,0.12495434268236227,0.8633895604373296,-0.6117133871078979,-1.2495485810518014,-0.20111469565454757,-0.18629942362579524,-0.8939679009214186,0.17975549388125292,-0.9684569843986528,1.095179549981626,-0.15000182263992698,0.6934364095983051,-0.8943872405402207,-1.5079985259721282,0.35080446226977113,-0.6286280871625711,-0.9499921718809945,1.3238450739342171,0.24287692337787564,-1.2742670609511002,0.645577391213921,-0.4019737917527695,-1.015239960852211,0.6375232433070832,0.44734167147492165,-0.469401377512825,-1.27961406527728,-0.9521835624544178,-0.20202264903409323,0.6471888795130005,0.2743423925697125,-0.6062553485117581,-0.10718995167132139,0.07789415002153552,0.7109339125585576,-0.2970657523728871,-0.20090130851898919,-1.0595464199504825,0.6311965507545823,-0.5455835731026372,0.8410407879850825,-0.938082240651514,-0.5428017292957568,-0.7970674090545565,0.6293231500811338,1.6208767333103322,-0.9938008391331106,0.15542573538849608,-0.04498727193245926,-1.7967885514301258,-0.102379748655755,0.5466713488357131,0.7808144930516074,1.199741585484423,1.3104931404436073,0.3321216218092463,-2.031578208179513,-0.07867464522728043,0.9566324818638401,0.2239195371881189,-0.09808644727602184,0.979011808893548,-0.6994988006838997,-1.1917825369127768,-1.3442078188235278,-0.7728911722619543,-0.6245200373957054,1.2450339276178983,-1.1252062341846778,-0.7368269545554087,-0.34688816528023453
8e7b7ed570b34aafa99aad21843ac62234f9b2efe3c5874cb13361d0ee53d4de,0,-1.9080163146619835,-0.5162388161473948,-2.0806917096770388,-2.082617493479622,0.661606750764524,-3.1648315118947563,-0.8896252915726739,-0.29328253666953075,0.3413479444954971,0.8883815087082169,1.134979043746158,-0.7588095005306946,-0.7185741385538759,-0.5405976062954596,-1.6656008177655088,-1.848345540943057,1.3028369784575715,0.052467059578487296,-1.2814145263969712,-0.2007400114724494,1.1164948715218934,-0.6644568885640123,-1.1795696468040915,-0.6054801564279562,0.6986752288458102,0.24051662417716912,-1.1107284059809377,0.40728087426232834,-0.023211787263277273,-0.3034516378479756,0.2400106267616638,0.20252509709286493,-1.2369451060511976,-0.3038877066548845,0.32979577332908316,0.1915253734595646,-0.1330284480259915,1.5434795807300115,0.33088736899953064,-0.9688245028004829,-0.2695402467602191,-1.3499761495087481,0.2877825809755845,-0.3840716911872626,-0.16574254894099183,2.5702337156372086,1.0400572556483099,0.7841377722740314,-1.4341841651460872,0.9457272495628796,0.3849746767921809,-1.382953280453967,0.15736450002965224,0.36908438934767046,-2.491869123661309,0.23091477745573952,0.713421533757582,-0.5554819648734792,1.0969359759978377,-1.257072323368481,2.0954264323563327,-0.6175532495074625,0.35140603790684577,-0.4020412554481246,1.1282449374384536,-0.3419703441773387,-0.6302204997612467,0.22983905382739866,0.040426681802412934,0.41816397215736245,0.29471422269075565,0.21498849292883682,-1.705883877797418,-0.12446012036192428,0.23734154281435826,-1.5152981073133782,-0.41111235994317186,-0.830901819368338,-2.138772867615888,-1.6199941536171385,-2.2188537335892704,-0.14863982557096667,-1.8841591099521482,-1.3940157196209704,-0.19589392189714888,0.912032627554589,-2.01540662943811,-1.1073464697995217,-1.8765833640416307,0.9189070412227109,1.0438376524244448,-2.096280963477108,-0.804731803911827,-0.1230277071994077,-0.46466064352630965,1.9365469874619694,-1.0723038829999356,-0.14063020751979016,0.5428620840582828,-0.9962780576043184,-1.6770074591037618,-0.45082272494347747,-0.0008743980532950335,0.0948679024977388,-2.7165225244715128,-0.24240373632814244,-2.1306370948942925,-1.2848326769617509,-0.5748802550734992,0.07787082835125458,-1.1539853116760597,-0.38899174478704757,-1.4022909971612982,-0.2119393904765805,-0.7324714728297459,-0.31722011124236293,-0.3054029017030444,-1.7797863073398066,-1.1573041503239745,0.014401782877117797,0.09813014406401832,-0.3732735004411363,-1.0067617224710887,-1.4981639880342896,-0.19615632248146386,1.216769875241571,0.15183604244007637,-0.5215700483655387
78a388ec8750ce1d307967b2b9256da38f820f6ffde03751d9c0f57a32713c4d,0,0.013119054305213984,0.09439038513695075,-1.319257121614379,-0.7811484800021438,0.6014454974363637,-2.015019605758315,-0.3130193406432086,-0.7513860572543272,-1.5781181203046837,-1.611152946894258,-0.0990650467037768,-1.4764563162996391,0.015875130099086643,-1.235594881985012,-0.7983055067669268,-0.8364141166041772,-0.5206745737607787,-1.0497033067780794,-2.0326371261077982,0.36041811701584314,0.854727890112517,-1.8236237074791766,-0.461438218914018,1.155612633106916,-0.5630734915268621,0.29988298475937214,-1.0190480334075414,0.6682401828423781,0.9452604349231338,-1.3134491278010496,-0.6861077677312737,-2.4090072315629323,1.7656428606251988,0.30021713389625804,0.19434549442925275,-0.75049866249573,-0.2441213972207102,-1.093530541932572,-1.866544266136415,-0.061322051815669965,0.6865917643444431,-2.190307553476547,-1.8727181370439803,0.008187732503209477,0.7509003982673825,-0.598488399283523,-1.28115607818815,-0.4392589381635203,-0.027214671703479097,-0.5104417300265913,-0.733896970625312,-1.2229381382825257,-0.15959683153063414,-0.5069354652185855,-0.9185743471960153,0.15653458733039383,-0.6764423321226252,-1.2031834253423461,-1.0568127032633812,-0.2920996732013657,-0.7096265317508861,-0.5296864856804047,0.8328485128312135,1.5690113823148564,0.9417080703916998,-0.39876024963031265,0.30893288639320593,0.6814012492548223,-2.25275570101731,-1.7662952749032073,-1.1855108673875854,-0.07360224373057511,0.36718459592089214,-0.9940961000475577,-1.6814616505490076,0.49102232122055167,-0.061434685444719805,-0.03667214411510397,-2.93590830768719,0.6010348745529843,-1.5536343185153205,-1.7229621786248246,1.0039300167497365,-1.050663544703499,0.3858773653337815,0.42525560448455557,-0.13089142858682978,-0.4614956724494501,-2.2172052772537967,0.5982260433721469,-0.46376211984171734,0.7677134017884348,-1.8827672698380198,-0.8384085149931557,-0.3310017974465005,0.45232479805516956,1.2022692101415828,-0.39538765608157767,-0.7656182405975509,-0.10013764050515805,-1.006099008124283,-0.3804990970567252,-0.9385293290845255,-0.6376942243537163,-0.039354691998104374,-0.1287987510738976,-2.0222057387311905,1.0135072446160125,-1.7245367029334402,-1.0196837600821484,1.4760160916729745,0.42858622818314607,1.22635050849859,-1.8452135935536167,-0.6540572324760776,-0.20534428078315303,-0.1278549808750089,0.1551251197647492,-1.5325501349523671,-0.08791731183885035,1.102088782834295,-1.828286346633254,-2.9135670576019033,-1.9461745710677834,-0.6393603992337891,-1.6756955530366955,1.1785949685762969,-0.3546569608895237
4fd9801c8e809e2abab7cd8c632c8dd709357cf75fb50ea0a2d944a264ba8417,0,-2.1252069002262366,-0.023798698072544477,-1.6624172517162021,-0.11119815828411528,1.4825896675075756,-0.47642518795466593,-1.0997735150775159,-0.32722612918877014,-0.8542056043859012,0.07391219754010314,0.48131891227186274,-1.6664782372744051,1.4129829739550566,0.902301264983906,-1.1561811148117942,-0.43379326451035516,-1.892189017886726,0.2692840351375514,0.6465397035214987,-0.4596586722420214,0.4749241279598648,-1.8840159770497487,0.9390116671452019,-0.02746850102136089,-0.5879409812394134,0.5587805385537968,-1.734401705851476,0.3728353173885951,0.6393527680026171,-0.057590378219703815,-0.6980683871680293,-0.3076942336942371,0.19663871217076012,-0.885645853274308,-1.2231472669668515,-0.5460536927375619,-2.2317704901051503,0.6589370957311143,1.1166652760204683,0.5445761703624662,-0.4297351902338555,-0.7227426864443751,-0.9914968246764464,-2.419248806372881,1.535521665847912,-2.4278085662881015,-0.935128770780147,-0.8577350144623699,0.41575908266686223,-3.2162068224596516,0.42690815797906534,0.2896642246033274,0.2782315829721284,-0.560701244408223,0.9347628113306589,0.3274005643055925,1.4139828838933748,-1.4295417841666591,0.039064256018489785,0.010624621877382778,0.8782398550004444,0.0527020789826263,0.3454067061438288,-0.15025197010560648,1.258121745816104,0.5280767673771671,1.2699998828427757,-0.26878406642214536,0.7362101703674135,-0.4460278533815913,0.5061527052674448,2.1407055436967433,1.2690577953690743,-0.2839035527539582,-0.712138334845284,-0.6277873594291076,-0.8193608058219435,0.09962124592964433,-0.4332927099006272,0.21969139830635542,-1.230986334628341,-0.5021845922915716,0.975783863424522,-1.1834522419827609,1.1011411150012393,-0.9274257034884181,-0.6380628475233905,-0.6775568087938,0.24414077987819122,0.41906131730625085,-1.2029418468286988,-1.2067322593230592,-0.2223389028544891,0.18782603607797094,-1.5261477656371947,-2.1848379313105357,-0.28207226342025693,0.19624072421509764,0.43333406068074654,-0.4990180731497974,-0.42303624993265243,-0.24952962385226407,-0.18295436147399938,0.01785392171670963,1.1097378844620958,1.1489884322511321,0.1896711817533308,-1.1864236879767969,0.8308350519582635,-0.18196168962571263,0.11944047624081003,-0.38878205099649155,-0.13215040396880706,1.228462211260951,0.7771194293124828,1.7097197195417781,-1.0977116490527832,1.7638238709656835,0.9639419958654041,0.01895550867280077,0.003515766226277861,-0.7730922035277978,-0.986868861813268,-0.579700803114866,-0.20640502295170007,-0.004820563861834798,-0.7983468209743303,0.06547274989716587
34fda082876c31fdd277b1f49cf469da9431e4d0d30c30928851653c9010a3fa,0,0.5412302097389534,0.17593169757289567,0.2525327659538914,0.8386808483264047,-0.7673506686154036,-0.2056609701434997,-0.4335247370013649,0.017359422740972158,0.8440088930328085,-0.43712690801901877,0.24168536655317263,-0.6393634821384091,-0.44333354567987365,1.445642270800216,-0.12913673950835103,-0.44410886956552276,0.19366722543778647,-1.7027437866746593,1.094293122133366,-0.9048070766152767,0.1839441977802586,-3.2018982546123946,1.4366622985849535,-0.3000960044859574,-0.7373999269562694,2.975423903972585,2.197309407655415,1.303692883513136,-0.7775860444139615,-1.3000701685063478,-1.5615326666386609,-1.1130068151393515,-0.06357862885323745,0.7562945736424802,-0.4523786461851218,-1.0375505544275794,-1.3155191325383722,-1.4376146566673151,-0.36130804804302696,-0.0664016528835743,0.6499757237844437,-0.7584964932088074,-0.110121201193634,-2.1324427479325743,-1.1643764549506246,-1.9637444245315192,-3.2705075932097065,-0.2646461961713442,1.828468465760348,-0.3772320003557691,-1.7686074979447841,-0.3121295963847858,-0.5099605044430674,-1.8804522973447972,-0.8709884027237189,-2.601997718558155,0.7241154890386351,-0.08774065205503212,-1.9495574606282773,-2.765582951255612,-0.8318890919631688,-0.7163738808054759,-0.8371746001427777,-0.07928179301375549,-0.775739725282153,0.4008668414668993,-0.47712864645597336,-1.3427288535717945,2.1898741953693053,-0.4013419814762378,0.7070312089033222,-1.9367765132810066,-0.30158185778982355,-1.1132571193216516,-0.7832644929096648,0.45150434388922506,-0.4828079477139561,-0.9247741116316011,-2.5228283870589303,-0.2633400945485853,-1.0434356903874293,-0.9673672798805011,0.6617529087812,-0.86997967445818,1.417769341903802,-1.3812517005471654,-0.7497993162893364,-0.3999897488665226,-0.6993796577724735,-1.2885486020707326,0.3270318281837348,0.7513889652531435,0.33333317290468284,-2.490693585810087,0.019714922323706613,-1.3330986872216226,-2.848545564980806,-0.5672602716219658,0.9175498232835113,0.03232457302712085,-0.440154150128583,-0.6268795557123612,0.06452577752185185,-1.0823162135951099,-1.1286719607416473,-1.0745142268260377,1.797487322610133,-0.4166821812896838,-0.8903565221282473,-1.1253585138436186,-0.7581987066584827,0.2721303953627168,-0.637376427803581,-2.5581957435821074,-0.8878497453870384,-0.32181573074633363,0.28898176174044693,0.14301086034912605,0.15535229787203675,-2.5672901354878457,-2.760915588007764,0.7479401122405143,-1.9124192919866132,0.6633561596738382,-0.10782656610040489,0.01560219561328724,0.13451954723815368,-0.4511346806093719
f779bbfec90d43f4f872c9221726e6de2104fd42ed1d6caf686693ba61091cea,0,-0.6754345105274562,-1.5675222637660053,-0.632435545926637,-0.15326472005078445,-1.953214982682354,-0.6341544505397184,1.6511702653722788,0.6332697323315101,-0.5208325972031745,0.7024904373408236,-0.2963981878026176,-2.307834858783367,-0.5129150053519662,0.12251986123133596,-0.6498184394354927,0.30373261888580394,-0.37671755503464394,-0.8118251618346759,-0.28833625946122615,-1.2004458741996196,-1.6025361680693728,-0.4369221465618624,-1.2619794871578431,-0.7647900912102253,-0.1980560374751712,-0.8920579790033518,-0.2916492326403689,-0.34726121733405607,-0.28532305242808614,-0.6154292950756851,0.8665989469879275,-0.42074145674024843,-0.007317549680758373,1.2652729409183268,-0.9915453731615054,0.8644012323531013,-0.8722516286902546,-0.8070762037739669,-1.248049320159325,-1.4756491629222506,-1.1437076199234655,-0.7013984736833858,-1.7596480621832677,-0.4927211953965069,-1.9485808350038318,-0.020898317587507736,0.8517690153427904,-0.8204842232361008,0.1959338632322789,0.9917487531831455,0.40436228195655755,-1.850529492385844,0.36462599864874057,-1.9586699398359,1.3250673447027754,-0.33918767776905323,-1.1205648695642352,0.22150478877058166,-0.19938037393782987,-0.3071031877737437,-0.4668118477020002,0.37290959808649415,-1.1709744548685863,0.32453034695103467,-1.7015543049842183,0.20422391585114752,-1.1648897640421678,-0.5959078891122385,0.8458981942415449,-0.36340072169379606,0.4942968439638451,-0.3266104415023415,-0.27778657634354087,-0.9541586551679818,-0.6338685537140029,1.771910755630128,-1.2741249373923424,0.29699431131907306,0.5833141096473653,1.703770511242907,-1.2267251353122814,1.6040494575972237,-1.2728220731910123,-2.2334841586591274,0.015724738375585634,0.09938366022400147,-0.7663006673066107,-0.43736311261462013,-1.3314793120112631,0.7276508310560834,-0.4678518419733225,0.8237921217614149,-0.33022975458328696,-0.16535004984252888,-2.4735938595402662,-2.034337726444382,-2.5812234813806727,0.1421267442797033,0.01665743248604723,-1.6085015445792725,-1.0721540971734917,0.28540177971148173,-2.0357598824043364,-0.6431806570852296,-0.6076031161732857,-1.0047058831444415,0.18652780196052945,-1.131005597287027,-0.8121979024437778,-1.663613234953218,0.299555581561607,-1.033503049290334,-0.13785075092135213,-0.3777333009571706,-1.3462348081476228,-0.48278528748578636,0.4614539474630229,-0.4544969491860525,-2.044265594347823,-1.042670077286553,-0.3166466807394208,-1.2347532410713729,0.7446033918460766,0.1476384099465381,-0.6605679613632573,-0.613436910363786,1.2381857028686898,-2.1113841557554798
3f8ac3c8bfda5b4ebfa5e7b5eccdf2ee9f4dd9a59f9a0544ad2562ef1d7dfb04,0,-2.680998537633223,-0.009365556692600752,0.10631630191516317,-0.6669156622080437,1.2522982601494763,-0.4990125114033955,1.2798160233765945,-0.23870538582097955,-1.169228807300706,-0.09644268689519869,-0.23899599822332507,-2.429739174312175,0.4853233785994381,-0.8330710649168254,-0.07465113202179519,0.879699213468115,0.1371617344569691,-1.3380802055403194,-0.4377614441417066,0.3527272377570654,0.1290502221982993,-0.2952600991764438,-0.11459146714767199,0.08492792533355625,0.3610832104104572,-1.5701349136272102,0.6557817614000866,0.0852647516067242,0.19006023070367145,0.7665721847168622,-0.16374593248895086,-1.0897967447958783,-0.5328148653819625,-0.6924362996388274,-0.28891533558311183,-1.3587888282063658,-0.930818942168842,-1.78200427610608,-1.385961541185982,-0.18288239688850463,-1.9794129931750408,-1.8782536931534666,-0.5582240417032658,-0.5125151235281633,-1.109271019122044,-1.4614277911981608,-1.1971039321785564,-1.0720198619445327,-0.9055619027205798,-1.2358673527076391,0.2975725727599941,1.3990997562533205,0.08787424006860717,-2.1350769198538693,-0.35087567276506987,-0.5335582841561719,-0.3270772580031336,1.0247076420857786,-1.152018710289508,-1.2402427226765957,-1.7609246605566176,-0.5205592615309416,-0.5756647149276615,0.1336075726928848,-0.6790449747634452,-1.8629754357998654,-0.3198593405148744,-1.8180501778239477,-1.055203757054206,-1.4931625302728706,0.5117064249501584,-0.44031538355815963,-1.8316006797050797,-0.23189936122977373,0.0683600822285283,-1.1346365369784874,0.3566577854916593,-1.0786501927204928,-0.1849792212730984,0.07548073195631422,-1.1068389277318558,-2.1906918461836105,-0.28185680108417344,0.5316894788167167,0.44725314613470807,0.2690353100000251,0.9975892111700368,-0.20635206645702175,-0.25044616424215826,-0.6220717754706332,-1.178392592656679,-1.2716321983974435,-0.06920600291995382,-2.407602071643341,0.22258919718748316,0.33967089438239567,-0.7998384501629401,-1.6522787261826561,0.6699552701636151,-0.5840231164069306,-0.432499781127805,-1.2604601544306773,0.3150628861382398,-1.5681179082750383,0.517977099992975,-1.1895766373750694,-0.11925620096539413,-1.7001253111553623,1.0164800674780698,-1.3569526889316281,0.8360949550851122,-0.3069854928573676,0.17894154516935934,-0.963211540157685,0.7123236947688487,-2.2091358041275435,0.38582947896876985,-0.49990626721296716,1.489409004343789,-0.18614519558355797,-0.01616635267993749,-1.3357388838816873,0.012641255709540888,0.7326415883099867,0.7294710239846064,0.5604386387567872,-0.777013278733927,-0.4553632722727619
9f4fd1247e717081f6ba7ed008fcd2e4b952b16f82c2394900431ea738bacb5f,0,-0.5794127016147456,-1.3307801173726879,-2.0042314635316525,-2.4578917055711096,0.16962910670524484,-2.429009643057163,1.314848724057709,0.28362135934315125,-0.49410801423782075,-0.6878054740826043,0.5930129277236593,1.0341816130887478,-1.0610882486717577,-1.1310138721783816,-1.3405818109608867,-1.4158577082712236,-1.1811216718132842,-1.4524388673265625,-0.6028598009392037,-1.6789299211875401,-2.5828418641751414,-0.6332273132903388,0.7059402674003687,-0.869428516961239,1.4799716129643354,0.26403561671836495,0.18247993604797524,-1.2788589766470229,0.9504213200093807,-0.2328632595439411,-0.30883772165084716,-0.5138323619894747,-0.9915022706794305,-1.1748916035767423,-0.8660294837721129,-1.17955647856359,0.10862593117930341,-0.1793762854486498,0.07763459906728831,0.6969204964701748,0.6753451439613878,-2.045116972496161,-0.13655221451766075,0.14239198644043188,-0.49693466669735953,0.645155276649994,-0.7013852032972729,-1.0756099835389537,-0.4349232548894829,-1.3330969311929226,0.22793159901596138,0.7922916033372782,-1.992383598320972,-0.9586630344407059,-0.25891809209592553,-0.6789595626759386,-0.7129645736015721,-0.6296405675460869,0.8805161792368987,-1.082359469068272,-2.100670385289695,-0.9970523648892146,-0.9356915832919812,-0.4842802974900272,1.5160420490557573,-0.29620148244670064,0.747837311916032,0.1813052994329698,-0.5043063966226989,0.9492855339827433,-0.8384707290597919,-1.8026144546307092,-0.017238706748707477,1.4886250163051054,-0.05765926926367365,-1.4027305091043742,0.5187559142191263,-2.0602276441153453,2.325641798009994,0.40672200426356664,-0.869057221918173,-0.9933821861077723,-1.1524531126393718,0.24571015897394022,-2.309897803200993,-0.8604521297228618,-1.091901782025218,-0.5823929079749404,-1.2464863998774833,0.13374830455070952,-1.8037303599935066,-0.9578233608398548,-0.5114572202598541,-0.250511680257436,-0.5026645770441113,1.1953452849367618,-0.15029157881324418,-0.9639692549437113,0.10706892361939355,2.0032602203606578,-0.37528426689988986,-1.1956405617052885,-0.2289487076590404,-0.11432421178214935,0.6230350562353497,-0.3452812283083801,-1.1021405801626045,-0.02314824503008761,0.21960810504837625,1.0429491777745197,-1.4574916431123657,0.7878347743392027,0.583925813886464,-0.1606326350312247,-1.6334391040049208,-2.3732469114445824,-0.16875144917267715,-1.1751700796539772,0.6363853537150378,-0.39523743582237003,-2.7028912458141,0.8395866257364296,0.7456393382149786,-0.6420230788370943,-1.0606806716060773,-1.9276035698356926,-1.653252092530248,-0.13142472982376008
2f86d51db2f4394de0f4532e5ae274c540d1720d9e8500e32435d863031affee,0,-0.3794450468115054,0.716024908935798,-2.244327628399811,-0.9110528975109263,-1.8216140714066111,-0.35835625007884575,-0.5018477187454239,-0.06417484068909945,-0.3693991138723963,-2.749527189936402,-0.8943951165880724,1.7464701775016622,-1.6079781040179542,0.7330414517794646,-0.3247229529781797,-1.1345910031669533,-0.7918605971142249,0.5159486859619662,-1.5078314357451181,-0.20652845707853368,-0.6532486604618041,-0.26977976548592175,-0.8930379287473368,-0.7669019744702736,0.267131498406206,-1.2407239542104551,-0.363105676807565,0.42086062830142357,-1.0669328722980604,0.10197158760721148,0.3395426823026755,-0.9393105426671304,-0.149689972181543,-0.27007045349195,-0.0990602149765627,0.2629578608124016,1.8851995285724774,-1.872483248814251,-0.8355138830281347,-1.902680183722081,-1.2435931606796482,-1.0732939315743102,0.9949834137466123,-0.6432772886134571,-1.6053925254487305,-0.6137802251040237,0.8581677335661281,-1.145270996306615,0.47236261467628693,-1.4650921803608636,-0.5050542671493199,-0.8279860333625446,-1.1116077697157993,0.5439844082308887,0.07875168661093057,-0.5538756971579931,0.33095967507286506,-2.205519978775362,-0.7595939442259037,0.15162665615150317,-2.395704631414559,0.04354092661423875,0.5121932186381661,-0.5796217026447488,0.5010882764860751,-0.085521005175589,-1.0672871550652416,-0.43940488677190603,-0.6817033346837276,0.6198297022754677,-0.5377841067899266,0.020767006763413143,0.07207221131360297,0.31520490234142845,-1.2696323170265051,-0.226619137659658,-1.1022621242740747,0.3294916125787264,1.1163594717954763,0.15224816090589932,0.47822998388817334,-0.39413444157117833,-1.58241065738007,-1.5512430374394752,-0.0617904657359023,1.037677322355684,-0.8889796805868613,-0.4311203483152695,0.01705529819090612,0.9434954099481025,0.018185493383751715,1.419374649694141,0.10046159769042204,1.5251791711011493,-1.065887479577907,-1.2533306676665368,-0.8711928246936975,0.3424218350209469,-0.7314160448309228,-0.4824654743292778,-0.4041930510459736,-0.5419246234070794,0.6099561734680254,0.7413024959036667,-0.36060656270269864,0.04692367851778184,-1.1893931446531274,-0.2545514933203171,-0.7781011989898164,-2.0128132337711753,-1.1345921623318498,0.15186000628177487,-0.2959728809796249,0.4668068663654156,-2.3264023997197594,0.5677911389470831,-1.5864236905212434,-0.3345521108433571,-0.7737533864515107,-0.16368187249997057,0.9545744938488308,-1.6414278762569794,0.21367812828818844,-0.02278858417978638,1.0767668696069383,-0.36218672891071874,-0.7995509217208594,-1.7265469854888107
5924876f8e7ec59834254d270ccf01476d04fdd8df2e0120848506e727d51377,0,0.061084220005864664,-0.5395012025711763,-1.062426367467118,-0.020590860049948145,-0.3410068565241814,-0.37089278463018815,-0.5526233235220868,0.635238228959798,-0.24371725738390954,-0.19271879952253937,-0.47228197049418147,-0.9886569469458688,1.5272269636131972,0.5419022814537847,-0.6822508762184973,-0.6013705753913807,-0.7338707308913405,-1.2503264817348527,-1.8438463266598122,0.6740371523919493,0.5333897341742433,0.9156992037871188,-0.46670834989817367,-0.5381090292456943,-0.3772483330158115,-0.45753195412692743,-0.6152383726992836,0.4759302471499792,-0.022812511236557614,0.044455948082882946,1.235039425686371,-0.23003242577254127,0.5213984910270919,-1.7115689046822733,-0.9213650554768226,0.451278749661951,-2.021364772413351,-0.2206027324874103,-0.6921062638754225,-0.3552001769653457,-1.6784640102566315,1.549024406378629,-0.3897988586413165,0.11930934042725719,-0.6664441060296162,0.46818889608249753,-0.5799956473888328,0.8389510314053992,-0.5076969932722504,1.0824865371567172,0.5286884284576955,-1.0232396970851467,0.9331101838946814,0.8290958045417983,0.4110126496429225,0.7781516064888279,-0.45279388834853107,0.5295553861408765,1.5168482428218495,-0.07867332880698391,0.11572240005981926,1.1059950688888067,0.43411865396102345,1.4520878296783348,0.032971586082344184,0.3559164504469666,-0.38560386113986905,-1.0273954081877166,0.6601166308320037,-2.8317204187050886,-0.3884433276703294,-0.14008205276017516,0.2550656975503053,-0.10753642484290624,0.8040940644364404,0.1024918569735419,0.28198106351727215,0.8681279221683098,0.37892764470671514,-0.20318450788236198,0.41631747228092875,-0.814358702827139,0.9697743813512226,0.5003844312924992,-1.6838953369172907,-0.732243678571936,0.05157266900547547,0.1628052888063217,-0.3229592707004449,1.315227910658853,-0.15828758738963777,2.0516743382635116,0.3407709114729558,0.8580487649349906,-0.540859231257044,-0.30895397631675986,1.8432884280618456,-0.8827585225656045,-0.13433151675136412,-0.5271561584871375,1.2254206995517753,-0.8965051580804919,0.5203378393189666,0.9421371125204656,0.6232709040414373,-1.719406178901582,-1.621642199992726,0.37417886221453545,-0.5979132630953191,-0.4307127209060294,-0.4312300741370026,0.7967142862232979,1.4730063578556274,0.25925456965357824,0.7410011689859821,0.4931431315033554,-0.5332673148436128,0.6371763357467026,1.4208707733673744,-1.074641925912864,-1.6205862610938668,0.42022305608851207,-0.8010026551747357,-1.0739778294215743,-0.13124917763309202,-1.093314875533561,0.06959124932214295,1.0559001254343672
4fadbadfb531a4692fe3eb8ded975eda7cf616fef4972a1d57f0668c931bf351,0,0.7676469085105888,-0.13291593295709614,0.156376187414643,-0.04245554186609932,-1.0103003446781305,-0.12542466115862938,-1.3276300099142284,1.5776481844108625,-0.47569802727471894,-0.10571038978627043,-2.1406874378127023,0.6322537719460386,-0.021496518738053597,-0.6202207000206257,-0.7853199206772968,0.016121900760625973,-2.148195038045134,0.13813203941922259,-0.7108526355588585,0.2575471730340992,-0.951420034218418,1.3437585387613589,-1.3056706271741418,1.5081817851041852,0.13310929971079016,-1.3343037150745714,-0.9285495336549265,-0.44125158112526935,-0.49096529922863824,1.102013898988718,-0.26617673421642707,0.38120145857047993,-0.24992632282364813,-1.0335370671785475,0.1450769908194256,-0.9842976486040698,-1.6358670836672333,-0.37006420314477995,1.5324092124419657,-1.8072986323063485,-0.3134796304353413,-1.0944585030001543,0.6330723149868038,0.9931239216730945,-0.31122373022881017,0.09076585652782931,0.17017252586005616,1.098977656773385,1.3014618587046054,0.2210095654710127,-1.6227937186770436,-1.0745446957565772,-0.9348075399257938,-1.1377794620877832,-0.3487728785624395,-0.998752215762305,-0.47198430241914796,-0.5242139336184005,-1.702292126515277,0.65612552622338,-0.18369713457212933,-1.1101081044980692,-1.0204431901405515,-2.157299792927616,-1.5963989779917276,-0.8478008051147699,0.3913369236833881,-0.23859120726033176,-1.702794767328973,1.8704694245470284,1.5406503446265751,-0.21476963994299614,-1.453074844639579,-0.14991172188557833,1.5324256743962472,0.36694442867116295,-0.6240186773746157,1.1828403510914014,-0.6514828599670524,-1.2931602113402954,-1.8175044588939313,-2.1036059527561837,1.2943298344338663,-0.08228654557195436,-1.3274806019519232,-2.2215039535837118,-0.8434616860739392,-2.374203953807584,-1.1396598426728368,-1.4431728673619098,-0.9151123740310636,-2.3258413807697327,-0.5026524102822709,-0.5001979887955859,-0.1872176477837632,0.7320502221046656,0.012362987642182854,-0.14226350244342356,-1.6255048567992774,-0.24484008758487052,-2.2789036057948158,0.9283305044461412,0.48833497916731516,0.03279220564472085,0.2514692792079702,0.6190668887897763,1.7956467766689006,-0.7371225527377514,-1.2789544082393791,-1.0691980334230835,-2.8867929920834405,-1.814465291273213,0.03737376211003396,1.1772204884649082,0.2628676422071413,-1.031472472468482,-0.22047957100140508,-2.0690121098544747,-0.6409634270078006,-1.3979667905149726,-0.9113960469454992,-1.0168696592448603,-0.7036602480505308,-0.06628613535769112,0.40034391503355715,1.7400663150351086,-2.670961730710337,0.22815630360740502
09755b7ec64cb684aac80356873a541c9d914f9923cf6a5b8191a95aacff4f4c,0,-0.39172967621947485,1.00533070195673,0.032295157972569336,-1.013868690669228,0.3862114433335553,-1.5163237326526935,0.9939008439625502,2.0660029971035354,-0.27799336519620754,-0.4076319264493835,-0.7719743825456059,1.3572869965224414,0.803841120233361,-0.9050077532892218,-1.0892441607862167,0.1185654100304192,-1.2287527029628071,0.41092017338414655,-0.5904047052795227,-0.6252895980728486,0.6633913622346024,0.4790872436606334,-0.022437218424832817,1.0892423256105443,-0.21054096043897352,0.6986834982300564,-0.12472467545864341,-0.35563878690636685,1.305913262387868,-0.5780486587024232,1.0194976085749483,-0.25321879168027617,-1.316139648112595,-0.220834761182798,-1.22591452145736,-0.027875445816484497,-0.7231783669915757,1.8098050747221726,-1.6975146923706173,-0.007230675156623123,-0.3116153374646059,0.08096075053373714,0.3490329050290027,-0.3269552742873917,-0.4648477718397854,-0.6874072456811674,-0.10469316555785575,0.22994910959617693,-0.575117943583145,-0.3407431612015308,0.45918438887561674,1.2429627349330945,0.5269444816263762,-0.17524812813031532,0.32049600153062285,0.6164809697228141,2.1615925180550972,-0.4382989154345087,0.11798288093019636,0.08538665826281153,0.45059659781247513,-0.7554564605960947,-0.39819758010828027,-0.007260459605055003,0.7482044488378369,0.9893326151052204,-0.3068018979408561,0.10024068345452211,-0.4120047776613205,1.2560926100002248,0.07429824673729601,-0.30018115864124917,0.6898845962999002,-1.0884216814990408,1.0915854182383846,1.5474982978165581,-0.048527146801189414,-1.1278017437948498,1.190404595246876,0.17131676408333996,-0.28992448076861244,-1.0571717471427968,-1.07939356771067,1.8960606168689083,-1.5574661314326668,-1.865879345129024,-0.983951026626606,0.15592106900088104,-0.8240595760767415,0.5849107512232733,-1.134075520179248,0.3428606956570947,-1.5306611246599222,2.2434046252213395,-0.5491429623757309,0.3072075434764642,-0.15979067032345146,-0.5478772444450033,1.1936918296138073,-1.6577838305327102,2.1725209237231944,1.001459040131526,-1.0118680192523999,-0.18137182101132648,0.15092431562260752,-0.4864120144029387,-0.10410840391477033,-0.1608594694585993,-0.7877721863230401,-0.14096127270262424,0.6731894824779101,0.40515291097123574,-0.4859002034674039,-0.03568947231707059,0.865607869727068,0.501036515298015,-0.5620034228356657,0.5241512566655957,0.37278996891051946,0.48091142146441856,0.6169986279839694,-1.538094597294123,-0.11926050540228716,-1.2642017420133498,-0.7645317963329947,-1.2678221654533006,-0.8179835280255483,1.198652517501686
3d7dbe04ce045e1f7f5d81e2cdc52f4b2becddc476802930df035976b82c42ae,0,-1.3488086317937236,-0.7546738998195874,-2.2187303550909077,-1.208590031268458,-0.47403646154033574,-1.5813218575478385,-0.6691567134307772,-0.17274494967994536,-0.5255868719594721,0.7575546941516909,1.7874291775727575,-0.4730168789840812,-0.11620410628478484,-0.04816709888331627,-0.4051326196264111,-0.609746499709322,-1.5509041866184339,-1.3717629393807709,-0.07658514929069934,-2.709521434317627,-0.6587651918924965,-1.5161743359042819,-0.2367939252943364,-2.3281754303973106,-0.7170272930775005,-0.8505046878746947,-0.4347257219876349,-1.0847885845386327,0.9207108440899712,0.48191545290870264,-2.2541319099145767,-2.454304480905905,-0.9703724691844013,-1.7376285529403912,0.15930195748932646,-2.1630668881462705,0.43725148901507427,-1.5602358469219806,-0.24149202026344113,0.8342126998716253,-0.8725657419736398,0.04880486141581383,0.1126533214081481,0.8397478648344776,2.1548422083990446,-0.2551878415946456,-0.6480992820729747,-1.6794817116290375,-1.5819875732615187,-1.030420746332879,1.0667084921271344,-0.400468482686762,-0.1620992155574965,-0.9424269795283879,-0.27690400990027947,1.208235366864331,0.6338782339515641,-1.0517294921335036,1.2405119840504613,-1.6987140123723905,-0.36149540225426935,-0.4178566427632867,-0.7991713778845398,-0.19037435923783752,-1.2665151510873227,-1.796107514702432,0.7539956908640257,-1.6445878817775559,1.5539062677231084,-0.3649224034496124,-1.3662450953787326,-1.6866677618410935,0.7564429865713639,1.4565699361982938,-0.8891483281449136,1.2528327772604322,-1.8332080517462388,0.04545486402052765,-1.3145359842473505,-1.4672969679351178,-0.6265344283801924,-1.9083140552248665,0.34758826675962706,0.6008525005798898,-0.3138248978646789,-0.9335761788309064,1.6948267123977947,-1.0739871363412181,1.3016557831054374,0.1109958841977694,-0.23366492950259526,-1.2692596883447214,0.06953131806374463,-0.14041315680608157,1.2478831092378195,-0.031129132525228975,1.2196018918629412,-1.3961282184595447,-2.122455844802749,0.3178148473938478,-0.866923308024634,0.02898615871984475,-0.5759324501308489,-0.27622509887248003,-2.071356369361638,-0.47160220386855306,0.11954826990089895,0.17407984256004738,-0.9141111531539552,0.7619943922686234,-1.1346238491756293,-1.294070190203314,-0.7357659873059447,-1.7857522955437464,-0.7715406842749635,0.19654537194028457,-2.013299964344373,-1.5150707760927289,0.3994383494845023,-1.1265588826015787,1.0595485907618156,-0.392419097098603,0.7815771118280415,0.1475419610563053,-1.4617567815818648,-0.45143901048583945,-2.0957263934639117,0.13821283767663178
c1665c272f4ead8f0d86e631269c9bc9bbbb55ca01fd7faa894fce01c823722e,0,1.3585447502760317,1.25292400826206,0.6711826235804232,0.1584318845310443,0.12038529436608225,-0.6578521881044218,-1.426897897646394,1.5357414833460135,1.5911314307827975,-1.229139026044473,-0.4468161800073207,0.5996525962081056,-0.4939885645873823,0.26552508167400074,-0.6962546995316343,0.022349439635492963,-0.1951872275135152,0.21850585523415378,1.3786251627425274,0.9180458462134169,-0.17803922046285747,0.5741861629353316,-0.9253283886929482,0.3493010414633778,1.3934103792154973,1.522439344126534,1.5377559758125123,-0.17860589250101797,-1.1773153990285823,1.1888053133327716,-0.1355025442751831,-1.1227305470247801,-1.587160937903001,-2.1529268397351435,1.213714937176708,0.024990034249275872,1.1643409996663807,-2.0777040331242214,0.4886401671371208,-0.12908036655352584,-0.09560697415707185,-1.1520099216006745,-0.912449923411532,0.10580562772990379,-0.75070704934957,-0.5110149484701256,-0.6357953863113401,0.7936907930634827,0.745624592054464,-1.5272660268261786,0.9440816957847108,1.3679754985464982,-0.27986256145940136,-2.650046384157159,-0.501625206064654,-0.5081103450480569,-0.7603994804762987,0.20023211014066492,-0.014706408600095089,-0.07663552629585257,-0.05324814579804954,-0.26372431346281316,-0.09329254824405453,-1.2410546077727607,0.5395777319787303,0.006088742087445365,-0.7880358298699737,-0.054726182622052665,0.509922812884565,-0.19781431963949897,0.46263775647861977,0.14229190248835544,-0.6675228362925313,0.10590814341266719,-1.0113012286369782,-0.05292427840190039,-0.17578624323776684,-0.19483151638355412,-0.07107065040485344,-0.2811311943642758,0.49316702450964167,2.093821373628031,-1.4205737957983327,-0.12136155197305915,0.9951987388066486,-0.22120977760035967,-0.049732346431875185,-1.1568583568750732,-0.11721594659082335,-0.7489925130400457,-0.3819074941408137,1.5157227202636459,-1.316117591054447,-0.05929551339656236,-0.0626690425183207,-0.44019159054292173,1.284631162873136,-0.6105923530802568,0.23334518702515672,-2.400131672343951,-0.33269400391427734,-0.09321795763551655,-1.3566681600391282,1.5774777410467617,-0.5934757706518756,0.009633079081487,0.7711205912177446,0.4068371028560219,-1.273035669304015,-0.14847408706795417,-1.7008794555453184,-1.4097071026778953,-0.1490717324733541,-1.817747146224415,-1.5176399975241954,-1.7073445976097463,-0.7134477129019308,-0.277195695273167,1.981512430296215,0.9502049572642122,1.2284581768540752,0.7146706662693681,0.02337538651151106,-0.4851148314700241,0.8198342053950014,1.7806233927212576,-0.7589016700223654,-0.43979792318916894
c30975b5714c7a386358454f452f0d1f1a150aa655d0154a43fde135db3fe1ac,0,-1.867582069662458,0.41359988401495934,-3.0852777470264234,-0.35430817975455536,-0.11298036426708982,-1.1327578449909395,-0.5898179746590333,-0.38452596358857366,-2.8869782486298186,1.2078490855557598,0.36476487131467655,0.07555231496905446,0.43375416598159106,-0.17518472708515465,-0.06586026774183781,0.2763333844768977,-1.2111724026567774,-2.061272923229443,-1.5397408360555445,-2.067034248634718,-1.4524650201751506,-0.4431165114691561,-1.1171925853184614,-1.98427553336118,0.08090636842027132,0.8982306042305888,0.8091486720955421,-1.1984207936317655,-0.6320996059369546,-1.863810857720999,-2.085727890849655,-1.5028739117173844,1.2354452523052515,-1.0020573658963745,0.37651884564362925,-0.8494507649344517,0.36263806114421604,0.521871248924228,-1.2661057460188245,-0.6503193909597778,0.25768370964537635,-0.42947199384799056,-0.30866271567458187,0.7411921105444619,-0.6543666601699614,-1.5103356237496712,0.057055394668772186,-0.44227792667856203,-0.23028448044900962,-0.754894587305644,0.8402635295621782,-1.7932471363180218,-0.6490550585237833,-0.33599743301193563,0.5493751619048567,-1.3222974517022694,-0.33881742932118086,0.06621281762935086,0.7500282463120223,-1.1137749573623124,-0.8125703293791896,-1.0602208322680218,-1.288915196841279,-0.9154654307103249,0.31785554436671015,1.182587884633514,-1.030727796746158,0.04503704212434778,0.16664211690598385,0.7268983053135283,-1.1221320146985583,-0.13885618907815972,0.10077526835263151,-0.5904613039000927,-1.0286365430147684,-1.1868822212356318,-1.509531812021358,-2.5393566471302544,-2.417068654041346,0.6236690573231192,-1.2754156700141532,-0.2661823997575607,0.27889767523356496,-2.207682155525054,-0.619827876435739,-1.32211232698008,-0.11279407496888849,-1.916923351791004,1.0591337856504193,-0.610710168899022,-1.9973370427045403,0.722793403768851,0.19019818175219605,-0.8005363009803299,1.0387982321543843,-0.023251570075160086,0.522853861867058,-1.9231502957933189,0.09258834912349886,-0.5225878163115178,0.8249003363719349,-0.035542355507238825,1.0260629939915435,-1.4473086446049361,-1.57121957555571,-1.1388201724143092,-0.6516136933458794,1.365068455325418,-1.2835069786826643,-1.2760578652159218,-0.2758101174618356,1.2169463145660058,-0.8510742408199019,0.5896012015476917,0.26514061497484853,-0.013269050009303333,-1.644657424374298,0.4619548803491158,0.7001112370463574,0.3928086560523611,-1.164815884804261,-2.429625269894009,-0.431633367000972,-0.8912200199037179,0.7911467072453044,0.024232621758988326,-0.8803742027108109,-0.10111561248559986
ee40e1fd06b548dafdbc4d9ef179f00467df8d9dcb7ad8cdfdfb6cd54a4b592d,0,0.402605302238799,0.22010023973509113,-0.5559124632372912,-0.1419359102084483,-0.1379610663333722,-1.1348284068741696,0.24991819780275545,-2.228329993328954,1.036521591652014,0.10795582294473455,-0.9754927916215183,0.4894807351781747,0.7809732943169577,-1.0586524331269416,0.5375805044395106,-1.725322821059525,1.3884515928202161,0.61243346949619,0.6282348173400127,0.4222589190193654,1.8094120331681602,-0.5734368942938513,0.033468408630210514,0.769157423104642,0.3973099533351151,0.6663221913207643,0.9552515035891089,-0.10444878833363577,-1.349141574263333,1.038615557303614,0.08689748831950975,0.11288915842535831,0.3263568917738244,-0.03559527927925449,-1.5725513086828597,-0.6225571643362416,-0.3616539268383242,0.697674914901749,0.0072033262188845315,-0.5154666862233923,-0.07073150949174278,0.38593315314599913,0.05393906514127819,0.4077442878266402,0.0719537980345803,-1.0687657171955283,0.11325409693077258,1.0763925793572247,1.0760363461714286,-0.6777112372134643,0.3764993917614574,-1.3173865730479049,-0.20460237721206065,1.3411981502476649,1.0453155886985916,1.8711022943591202,1.2398673105444025,-1.3011829715600114,0.5657075621579594,-0.2905521967698338,-0.3573920765860211,0.8676707950346316,-0.17318864893411942,0.7167321810310321,-0.8179470602045302,0.8074899099647828,1.285677027767856,-1.015397000446756,-0.8911957238229317,0.22118625163223293,-1.577650406729467,0.7897713664671985,0.18303819949921868,-0.8458438147304651,-0.35906386644294114,-0.11766438877015134,-0.3926087517896598,-0.09243753833072366,-1.274985709295979,0.10544282409380598,-0.2601816166719827,-0.3025053658850918,-2.139002371558603,0.9504875762266919,1.1840215362595825,0.39168984562270104,-0.8809052150910217,-0.6618743282604317,1.0385912504556134,0.1411066314799706,0.019876401549203504,0.43058552707754144,0.21367638394664829,1.3806390435636247,-0.5435354672811128,-0.04445398356197354,0.901928347062484,0.2972033654569961,-0.15675428453889995,-2.2282468873711565,0.5496613462818811,-0.5297028814735494,0.038776664074984535,-0.30380561238093945,1.0326257986123404,0.7845296306829883,-1.5008500571509402,-2.2849384645457564,-1.5461031020654663,-1.9060800003803189,-0.8771859134121449,0.7414818779094687,0.018293484891129252,-0.8537753863117359,0.9863587797100031,-0.382474009327743,-0.6362365222457435,-0.8517800219352283,-1.0101397006571446,-1.7952134664121588,0.46297167603752587,0.46437397624552684,-0.7326994185520777,-0.9867427872542979,-0.4523578165784446,-1.9423356019251434,-0.5307748529870011,0.7572240406540174
23f40094c2e2b33b3c5a0c1575a7625686d48d354718838df6d25c2befefb548,0,-0.826383971316657,-1.4864124413425537,-0.20903010428490953,-0.8646961542877192,0.5178717648961733,-0.44621923618486226,-1.3770412182948015,0.48041050081273223,-1.3102551594514935,-0.8049072966766457,0.3118636259855414,-1.1393782442401696,-2.6559328049692983,0.42339711545832137,0.17586548801185864,-1.6210993549163688,0.1580486003801809,-1.990923916729494,0.09144901065396782,-0.9760253562144288,-0.6390115752262776,-0.8916038169659861,0.6860131890408132,1.4203499598472866,-0.987382705560729,-0.4144384784690634,-0.6742498690382438,-1.0327851779272046,-0.6606043290466892,-1.7839793380587916,-0.09437445567951935,1.2439275406030301,-0.5958865055954856,-0.6136566376893056,1.3188803287682855,0.04854970803277518,-0.5794276919289852,-0.8127323584453771,-1.4273541826743297,-0.9158445739565697,0.6568065071031994,0.06450230615480007,1.0089706883006193,-0.9537628099681432,-2.230977893511071,-0.5861100838144139,-0.7605276406992689,0.7690571572871585,-2.555284785045281,1.1184093098537182,0.28561312774248115,0.505944682011114,1.3714200765891302,-0.9224037272022095,1.3627708753786962,-0.28746636806340986,-0.6447816152500198,0.2636793695579365,-1.16085231841574,0.17116105996939313,-0.3327929297834097,-0.6078134444907959,-1.6510171825322666,0.1419098863722753,-1.1872391842220082,-0.026573556888153216,-0.6632743205851119,0.7580511303104145,-0.558275125979806,-1.1884630875081053,-1.721056813778574,-0.12588878301649764,-0.7048600692519208,0.028117865583034835,-1.4835755865983336,-1.0085668702358161,-0.7724404855654681,-1.9853678149975638,-2.3103811169970676,0.08698869422614852,0.3158776590194743,-1.060617426326163,0.02782157547362185,0.7671024914576676,1.1420116623823566,-0.567902494673012,-0.5388547440274034,1.3959618995987877,1.9771227867918801,-0.4085500249908587,-0.9623469503227737,-1.0847546382643203,-0.4341876850953193,1.3754034588907735,-2.0231702553510464,0.9472662957665066,-0.4220040579782704,0.25714353644658794,-1.7262039116691945,-0.824564261510337,1.1496479527599166,0.37972048256487745,2.3209497399070536,0.7241066174402202,-0.482525913341981,0.2695972711234797,-0.2989307561531988,0.7641357586227464,-0.4320228237392329,-0.6475548976090221,-1.413567777596813,0.9550039077981367,0.11101803534599552,1.2344992569551958,-0.5288441046560717,-0.458524122782753,-0.042569285786690336,0.0004937052757725269,-1.04821235437788,-1.9314612574989336,-0.454597691184609,1.2603079120664586,-0.33575046254176355,-0.31345389763415016,-1.3897694433932566,1.707413785456511,-0.4972266081963977,0.5842309608758522
aae8ec7f423ee1840ea1004d2e3f99227684b7f47ef2229d192d7850852aebc4,0,-1.9893993892962798,-0.4943910362266098,-2.261652375011911,-0.8029679019158584,-0.4452910733406047,1.3378570162540278,-0.2989416102903101,-0.5163793185476324,-0.0675382440741018,0.22330535525323497,-0.4129743750285213,0.8795044595418615,-1.7973038642533266,-1.3304890519624477,-1.137628533259634,-2.0686696951229946,0.013231872734022987,-0.18365281306389297,-1.2033465853153826,1.5653692581930443,0.39563599889803314,-1.5807269001106627,0.6384320295065864,0.6540506394214382,-0.03991737873242954,-0.6131177860998269,-0.9044117909962457,-0.6340358777545327,-0.1477974272360352,0.1460565462141442,0.7565357396606759,-0.1877118628470547,-1.2891172076729376,0.04187762003931522,0.5780162213145188,-0.5730825930466175,-0.7001972261373888,-0.049562466132354044,-0.5358889251023702,0.9818513346461651,0.059422051658220565,-1.3023865791380362,-0.8141429068677608,-0.8397340723152377,-0.8012137725166533,-2.4266414693220506,0.6127628375602142,0.3252245201432088,1.99485934336841,-0.9471302679432458,-1.1854880838873851,-0.4341730630386213,-0.9650657566668528,-0.08814171237208668,-0.3253400256403956,-0.08931092583964062,-0.10119861395415453,0.8335928903550698,0.9002035700900306,-1.5633932589440405,-0.1166254291341734,-1.1250087800939086,-0.45530957605036626,-1.0139212130919066,-0.6728081075995037,-0.257194462083985,-1.7501895338732953,-1.0844067808322317,-0.437627066631198,-1.1209219951228206,0.830083951853566,-0.30884756584067186,-0.37553641329996496,-2.751160554681539,-1.378795345333732,-1.705174369780884,-1.8008492181961495,-0.6678362204938588,-0.7506880372156935,0.6313292520429196,-1.8414012727067215,-0.7346305760126925,-2.0382053931786914,-0.618108099893228,-0.7434491684354559,0.60720827249432,-1.217318470279947,0.9677856727748166,-0.4072959741245191,-1.8630689333441817,-0.4934663135345978,-0.045275983381622475,0.3905227779373426,-1.1384434133693488,0.959636718935313,0.15460357660446508,0.4967454021409877,-0.7818199149285284,0.20939599037843268,0.34824122885498293,-1.3569454725436216,-0.4510082187536911,0.8905064043872513,-0.9415245639668738,-1.2747730960072365,0.2352000550350456,-2.453043803791603,0.3330349590330137,-1.1981782768819589,0.47499038930009974,-0.9416954592231744,-1.990569778363753,-1.0782418828249536,-0.8727858385427184,0.7465153112062024,-0.7521127965137886,-1.174189499235671,0.007114065989407822,-1.669816939762924,-0.7837415573353662,-0.03150172684483932,-0.3936380585355259,-0.22259111753796335,-0.8376951457287083,-0.0714332114316715,-2.2627043272263565,-1.2944843732634814,-1.4021460053706383
7e61cafa3638afa20296a06ffbaf54c587671e5ee26dbc9554bd696fbe82c5c8,0,0.314162944972422,-1.6924813703487718,-1.4947205117638778,-0.5537316370709435,-1.5665505656159413,-0.7739288071321041,0.6391148207008361,-1.7753281306778477,-2.739271189384496,1.2370967738315963,0.7138989502952598,0.038990894790916664,-0.2120621995834192,1.4182946752930854,-2.0657044331467374,-1.9070569043939631,-0.8738890707087366,-0.35642037848123787,-0.5705900669200412,0.6362503638990388,-1.0637046230511804,0.05656558557176783,-0.6527855774990983,-0.1809229043586521,1.667043986080608,-0.09846976025006288,-0.70419155446817,-1.1459060001920238,0.14173253553912435,0.12045844113736398,0.7616405708456111,0.1920379757933547,-0.3371280350698746,1.3238315292084282,-0.2448962586045365,0.16774263326192101,0.4638496013946327,0.6305660817898993,-0.6840313480619915,1.3442483423755274,0.7470015442909937,0.010631672766587996,0.8105156820969501,0.23174669029698414,-0.8537777656872885,0.6417733102895408,-0.014962780285640576,-1.467700422850498,-2.428783637492189,0.3922480605317335,1.735916114816228,1.092669092707657,0.2697037747132722,-0.8334844537231231,0.9371968911799082,-0.17127167708309754,-1.525604579712988,-1.2964916458461804,-1.6898079597204212,-0.08871696351754271,0.35071188087440497,-1.679263986795862,1.986633167178099,0.36575208271883786,1.5385067246644517,0.3875807747235719,0.5761901040133428,1.028348111247825,-0.7740684734316267,0.3543115007074532,-0.5719849904206731,0.7699379909319435,0.824845919061708,0.5805628242851959,0.03941780993295159,-0.5450415011515586,-1.6321070820172219,-2.3868692323662075,-1.085440810405045,-1.5198184067286196,-0.8896505764514816,-0.7565342925378328,-0.3789416687668101,-0.906133234591818,2.0391506073718215,-1.3577408827111876,-0.8043527012901822,1.4114784779677159,-0.8878067776900743,-0.6498572974575098,-0.7460533189457441,-2.102994450849292,-0.8939322630999449,-1.2393567435638275,-2.580254899164335,-0.563537530479655,0.11185761142652295,-0.37648584553417264,0.7073757209882698,-1.959963168030717,-1.3792320680190824,-1.1310743282175515,-0.8554915602763902,-0.48741161479939527,-0.9520667022188345,-0.6465202971918911,1.164230533415011,-0.628396991180608,-1.7386655941354832,-1.9431753252111876,-0.3373498254088742,0.36060956252057136,0.7681990975579797,-2.764788926266745,-0.874312601826656,1.336334524016626,-0.2979893060130816,-1.335879546976661,-0.7984258948356532,0.13808607575291937,0.35128730487974086,-0.33037975859517293,-1.7467704024568487,-0.2986675815484273,-0.9412865012616427,-0.8741367038644805,0.6058692172659722,-0.6969361392985303
a0563ff3c33bc6051f18d27657ca69115781afe8a1ecb4fdaeb702e61fd9c1d1,0,-1.3431222608911608,-0.2845667968398432,-0.6375061895992352,-0.5582345856628732,0.7948176778264344,-1.7190715445578366,-1.1517148263562045,-1.0962513805620602,-0.49161114647765713,0.7672766232537198,-0.28750101704025965,0.6293954175459715,-0.8568535846851351,-1.9424179814580342,0.0994714511353953,-0.9472700609014777,0.9857797842879796,-0.5489538354158574,-0.086627314528466,0.8874191817985845,-0.46440846725768176,-1.704079862247998,-1.717640517877773,-0.9304885698619076,1.2426092691958792,-2.0213012411084774,-1.8554215142594157,-0.2463265349723368,0.2817653450026558,-0.10001622847136152,-0.5710997062158768,0.36933813221396317,0.6356658487345577,-0.020592884072137524,-0.6923867994345579,0.5032063881229599,-1.553391604025204,-0.5373335571816557,1.6848681022662246,-2.6010571464730434,-0.42042504468818187,0.4455203203645602,0.7228927811905522,-0.5787094773226893,-1.584103000218045,1.7574259436977404,-0.47619519795501786,0.7275480938363643,0.043341784042106465,-0.342609882666282,-1.2303096804008469,-0.5515474623547331,-1.0673250736885853,-0.6708918363253767,-1.5213965577713433,0.463354034678982,-0.7391401366238739,-0.06629455133637441,0.8700657598457332,-2.0068497963807412,-0.9379375043897367,0.838942468069177,0.34526006303442136,1.1178998868564245,-1.139181024384103,-0.672182228875881,-1.495631327987703,-1.7953147027863956,-1.658297944837655,0.4419127938845847,-0.4636380788242716,-0.30205742584703393,-1.2388599652782668,1.5720270759811004,0.12463950431638621,-1.2524016928388795,-1.3689713150363831,-2.149832902035364,-1.6940196937249283,-2.1932866131246023,0.8649797046823402,0.14314145170270504,-0.14350366584553303,-1.9717567159987126,-2.3085924786087837,-0.06672831489317149,0.6392518620540051,-0.05846510167420766,-1.348588147895228,-0.866979151679621,-0.10296582309477842,1.359716027453428,1.1222630864420622,-0.9923075077869836,-0.41822875386009917,-0.5390835199462831,-1.2207073279105902,0.42831700713994464,0.5781419378385328,-0.2562686018286407,-0.38525089019761605,-2.440055889354473,1.654007641926541,-0.7405281348012936,0.7396155733197683,-0.7770689618930454,-0.2621478866996063,-2.048725272251461,-0.7199975096913431,0.3155560809531439,-0.6725720432321409,-1.1857506732073015,-1.8505408896893603,-0.6983433341703877,-0.6951304567504943,-0.09742996823980077,0.817256674210591,-0.8290544895813092,-2.4787087443672005,0.29435575956915067,-1.197397829744451,-0.09235263932581184,-0.015630055334174005,1.4430146779457937,0.1138771821882365,-2.3662241359904943,-1.0180956302327862,-0.6080456785228937
61ece4cd8b6fa71796df1fbd88edb0b8c387033d3b128c52d0e6c741816f96df,0,0.7315204536207978,0.884933947524807,-0.09767325725059056,-2.0576231101935667,0.41321651187638797,-0.8310448765073666,-0.4389180342828849,-1.9575929200322748,0.6457943804132777,-3.3746489570961895,-0.7503099565761544,-0.7380591480783796,-0.48363930438095365,0.09900568759723716,0.06398049584313648,-1.1922419628971803,0.21928197228042412,-0.1437498621424092,-0.02856295997540212,0.14906221511164447,-1.3239926081131999,-1.4839086778370274,-0.897408981929357,-0.8631036473074096,0.34993651404197934,-1.363000978065842,0.8100306859915154,-0.8005947891993086,-1.1960370036969605,-0.6266432706692626,0.519606422168377,-0.3706145072130921,-1.9859834260076903,1.4277614316880196,-2.0224157769324846,-1.7135757266077913,0.5468877006861534,-0.06182273331177868,1.2772624817197504,-0.7332013398943937,0.9383136342166083,1.0827076952925594,-0.7324769462582128,0.29874878619777484,-0.04222311306107207,0.1459133389920355,-2.059199382030373,-0.46674932332240715,0.16718115825012703,-1.4354870111081743,1.48873769237886,-0.9537938868232113,0.29810711036388404,1.089601585473525,-0.2926200501998484,-1.2942256806886865,0.3364036945135749,0.7494631425139187,-1.2496753853785798,-0.8554627953399806,0.2900487983978934,1.859457784351645,0.6890333464307614,0.08534645213235806,-0.3548128806400619,-1.3694337710555589,-2.308524289011592,0.9042418675130337,-2.4754053243705094,1.2480114185417415,-0.8284429687353445,-0.12480865083940662,-0.47780239431203325,0.9950778269494,-0.6150842123432758,-1.6216077766782464,-0.8032948346037561,-2.1834198675409198,0.17412682750807829,-2.4438437011861107,0.3247804961138542,0.37963442599606945,-1.4570878161832206,-1.778759148974435,0.4341321599625344,1.4160086260442135,1.004755247684165,0.692526537186179,1.2001818949004435,-0.31781585251340416,-1.3598026605338693,-0.4431017697782076,-1.3303163281549581,-1.1148993178423487,-0.06569230870799547,-2.713972041473692,0.46137270286667137,0.16556722805669688,-1.2641388904698383,-0.11028795221158255,-1.0361181159447903,-0.3329800495629225,-1.8402496676582543,0.6694423253992343,-1.0864570327448693,1.7015034569578606,-0.5662106335005852,-2.00381598991661,1.2352901157143492,-0.6084471973486705,0.8551019821822297,0.17876740867960822,-0.7861744375954131,-2.173002717101005,-0.966680624774801,0.5291764785141512,-0.7817074956144222,-0.8972242136867854,-2.400721899567313,-1.7122497562279584,-3.213592411998506,-0.4856319201460813,0.36218224528384757,-1.5166681425303015,-2.153043168536681,-0.7705713872238036,0.29214911608029437,-1.3452303038942302
3df5300b75052580a0245bad9feccf60f391f3a690cce86b73b3c9da0f0f0856,0,0.10463589124680728,-1.5270324241261273,-1.5177440615617965,-0.7037408005516866,-1.8072614916005918,-1.1377501630808542,-1.2870307092019928,-0.3341452760139758,-1.332359969382998,-1.6465879470808713,-0.3977154984187601,-0.43110481335847156,-0.8214314816376289,-1.1023413529713204,-1.2086881582973508,0.04494171995097841,0.7444194874632389,-2.652339052396231,-1.0704464510679006,-0.48660546060066795,-0.08086382777056261,-0.7775317747089292,0.49577473151357,-0.9307029939962801,0.49180565321157094,-1.605681549479148,-0.14541994926915325,-1.6725764164447514,-1.264243267755294,-0.9659696860473098,-0.5634940170032835,-1.570101115506509,1.0871786537132717,-0.3975870159598074,-0.15642830262006846,-0.5864805655278047,-2.07505698968881,-0.24152885815398623,-0.9615280683075876,1.0830812690638856,0.5628784030866327,-0.43859457017257697,0.5433741192741254,-0.16551864624050044,-0.8126113841073587,-1.042738808456553,-0.5856041001662211,-0.9753453392207854,-1.3551805916771125,-1.8708653336918797,-0.07309847923907364,0.14961402428978138,1.667209062633712,1.0580809555281534,0.4957601367569188,0.7131792237470871,0.9028879427417478,2.0072012946224445,-1.8084723225268364,0.13821604788047426,-2.1552373182034956,-2.361353096802219,0.8501918007312501,1.411859222613775,-1.3591876321042782,-0.7640755376271091,0.30075712018182,0.4651322722136524,0.10773222643023272,0.4971049126575985,-0.8475688636346419,-1.074236918499461,-0.3061039533639089,-1.7555417804712543,-1.2284648441475554,-1.2062019351330517,-0.09483204137391449,-0.7934953888947618,-1.7187333796543611,-1.5972840442779395,-0.13242718396942876,-1.0695060903839462,-1.0782744122751045,-1.084964351413619,-0.8022645094287577,-0.43373622637303716,-0.45065769902181047,-1.776492415752314,-1.7067984970840646,0.6186835622509949,-2.5063266779371123,-1.885905389065223,-0.6386998935615398,-0.17147823806476603,-0.23184312277475888,1.1681863385890434,0.0019708159838931483,0.405190053864659,-0.9835042321908372,0.7199032653710882,-2.2624982396838758,-2.049720446959855,-1.0789946386490976,-0.020799615100361213,-0.6196318801342978,0.9916784380176684,-1.507734651333644,-0.7504410794086748,0.2971200415147778,1.6073459957064904,-0.0707289071570407,-0.5177744144502803,2.1772847482293196,-1.4501968063864963,0.34832257900511965,1.1034455370332243,-2.0506232664386226,-1.0577408744254497,-1.1137066142530356,-2.281141838711812,-0.6328151772179593,0.5173246864083723,-1.2480579758321024,1.052673825916458,-1.6355779649455247,0.17267702461173118,-1.9072590285310382,-2.6882421539440067
1fbd5a76d81ac4918292b3fd6deef220a9d250fd235509de33c4d0f6e545c50b,0,1.6603987201743855,-0.9702445968054885,0.5532406495032107,-0.6267145890386152,-0.8599467044884698,-0.6919982831550073,1.0612040183595708,-0.02702248844326527,0.6478429938897922,-0.7364363293133854,-0.7097963558693732,-1.2835146196200515,0.8837551327797679,-1.4729622869293288,0.889492914744407,-0.4553435596216801,0.04427070288105117,-1.024085831629168,0.0592440997140401,0.014808071475481382,-1.051249968142246,-2.207665675500804,-1.547523643399434,-0.6577315145938551,-1.3510095492322618,0.37446579694908294,-1.1951162027188165,0.509874671787318,-1.86758995112181,-0.24407989127520216,1.8581563595988322,-0.013043429729985845,0.959655158134256,1.342363878247876,-0.6341233483334687,0.16788907408812515,-1.730666278261423,-0.7953793999432301,-0.8434232777622122,-0.814637811910981,0.02364083869411833,0.08468386112761131,0.14159823816402284,-0.6933180129393802,-1.2670258510425019,0.04586006304462263,-1.6769048867785963,-0.8446773934929058,-0.7318452001397576,-0.32408222911692425,-0.22223782243562143,0.6909498818177028,-0.022490311051009515,0.11605871440198423,-1.0737817605417193,-1.0300404133274395,-0.5009583011889909,-0.16831646913963977,-0.8955456661688377,-1.4784790923142972,-1.6627484814786158,0.20168665399830565,-0.7904558092638747,-1.239674904582408,0.01587330370209533,0.46068023658975554,0.8808142103761152,0.39845887875540487,-0.6414277454713002,0.044904105594710364,-1.2749733618265722,-1.2781414641011883,1.2022423722897897,-0.5877403674644577,0.5950581831700335,0.848459271111835,-1.5909732946598323,-1.7639512508289665,-1.0914924328791975,0.11509345477761557,-0.26395090931103293,0.47214963919602965,-0.9821069221786982,-1.4737549459528805,-1.9237105388814968,-0.288897878354435,-1.710559962165242,-0.7029368884684202,-1.8796250593080008,-0.5046612543385857,-0.5356152950129809,-0.6417586669131208,-0.7331979444440425,-1.3371065753199836,-0.8700050764569212,1.1541352912418208,-2.1642800352655107,-1.3220955852301977,0.3343100345086286,-0.6748880056869189,2.5153843025119014,-1.74993062809576,0.2426182972345745,-1.0759179550755875,1.244326375067921,-0.7394293681203139,-0.800057658030012,1.2699829488866883,-2.6694795260616724,0.29260344115605696,1.4618878779078341,0.35061570875175524,-1.3644516052563254,-1.4790839038648693,1.0723344754504713,0.6097198707280964,0.06977707434930236,-0.5119098829359846,-0.5310732528221094,0.303360207599186,-0.07163577088068707,-0.45860457129497006,-1.4580152936030737,0.5996637781481069,1.615449415806537,-0.09401207333753825,-2.3231990840344388,0.8034728046976556
1af250fb6ef61ec187c39547227c6ddb80216ecadb39c69ff9a23662c8f8b9be,0,-0.9428817385840506,0.797234833340473,0.5928540206537508,-1.8170570297253936,-0.42968471237340106,-0.7063557837645232,1.3990880139149333,0.23596635845931135,0.25192936222388174,0.8669642006263015,1.0722285075456546,-1.218158188462631,-0.8166653673834219,0.21927531166368208,0.02806748916856905,1.351090595163504,-0.4402064371479287,1.0663571375864078,-0.11162245054511982,1.1044210030176658,0.11280279262308124,0.7579383085995299,0.5697709085804457,0.8932681255953185,-0.7875488262575354,-2.3789734184357014,-0.1215988004557848,0.060515565926324955,-0.4029701011783601,0.3867907667268102,-0.3155555461399728,-0.3489779951556658,-0.6909653842936614,-0.897365763424772,-1.2713901696695218,-1.8528581292959987,-1.070396956318956,-0.7269202500936798,-0.06998755354866176,-0.8698239406005681,-0.8856890970423132,-2.1705002060579304,-0.7030881590854292,-1.3838590068154717,-1.3743600788637012,-1.8080091644857854,-0.49887302017486146,-0.9268159014458344,-0.979376023491374,-0.39207923170286846,-1.4734592118035472,-1.5151031622977915,-2.6616170303556377,-0.47142357733035734,1.465146849776373,-1.7573729253199861,-2.335601576469641,-1.4892871208868503,-2.0370513909062042,0.651247777691077,0.2463736747167969,-1.7262090785516315,-0.41472867924244,-0.5468755725230208,0.4008318672513629,-0.9369957261119558,0.3033629011335126,0.19222489536361587,-1.4919966081280038,0.3093676109539748,-0.086851921099943,-0.17882815233155058,-2.07778669793497,0.6181978313536891,-0.9575241852167446,-0.9703626646455761,-0.3419078712436028,-1.426309062844874,-2.406690891492382,0.4803467038713497,0.08769095942470118,-0.7549062745130346,-0.7795451518458001,-0.402100137293869,-1.202915851927936,-0.8158107504421677,-1.6599578474600356,-2.475603083261574,-1.0910205036005458,-1.0243851536825197,-1.016826808931209,0.4832173672228451,0.7609273911922443,-0.2335710857218568,-1.1830309833642805,0.3741883926786339,0.23089394102077165,0.03983257059521522,-1.8245939485072888,-1.1430581038258523,-0.970834586735545,-0.9490813387098107,1.3070444414707083,-0.5350107632931272,-1.164021749665182,-0.0739558850692637,0.8601509498249555,-1.6451814772105218,-1.3292749717736254,1.116154232753976,-2.195323938286202,1.8476013414920545,-0.9339442623986636,0.04838542467604523,-1.3226121226182561,-1.5864860466344068,0.27002814726308555,-3.2032714249015095,0.0504615500335136,-0.3169159522083106,-0.653167342805467,-0.31522650655976037,0.560380939377735,0.5796378381158669,0.2180266069662321,-0.8429331201441628,-2.2878433945444367,-0.7072395304545398
4f993b8ec873f7e2c0e4e77516786c2974fd2a589579d089070c3cde3516c48d,0,0.004856165103177101,0.7294925894014597,-0.32509869803791563,-0.5364997274093495,-1.4017408009648036,-0.3296267372123505,0.5653454423455564,-0.6448803486851264,0.1317942895089636,1.345328302999993,-0.023179571501105944,-1.2365371593239234,-0.8786986186679588,0.5129153410770253,-0.06265002674246695,-0.6190241678195814,-0.981873014214627,0.691041907964867,-0.9383034427649803,-0.7825621792578334,-0.37461789821986546,0.7366041100768794,0.33983818823611056,-0.3769931483434762,-0.8688051293676834,0.3261624694028405,1.2811492189367741,2.025704647920855,0.5349463320262627,1.0296334568431713,0.7392040983985262,0.33334701584090504,0.5587316825299701,-1.0781716517280753,-1.303439242632792,0.5046208737112717,-1.1697582127349726,-2.5315984088551486,0.4028860856388087,0.15472634972410512,0.24054475617632515,-0.8645339447314675,0.635615203184003,0.8725156006572637,0.00522110180453933,-1.3146261579625915,1.0316497383849639,1.8845909342341203,-0.383517615014598,-0.33506504405080517,-0.026137135259924477,1.0747234269424988,-0.36803142306008624,-0.07627176745782038,-1.0388309987335784,-0.04216441145081365,1.3878454405517966,0.0002856643719186258,-1.1777860832159086,-1.048150372302556,0.7247093494175404,-0.06500951879867412,-0.6641985328750126,-2.3286297823804696,-1.2933771918266692,0.3960996487530153,0.21413432812183886,-1.4045381122043819,-0.20480483647407882,1.09639452018089,1.254277327554461,0.44239201041222465,-1.080917755730915,2.2411433098253633,0.6963199872552834,-0.4612779523221471,0.7375755137455952,0.09376855421827102,-0.0541494444930018,-1.3570594518014722,0.2706512598379508,-1.5168790351419652,-0.2994254268951725,-1.0921788978951241,-1.4689510227619063,0.5771708474286201,-0.3190767056762818,0.32563890592351397,0.4243626959013086,-0.17072858923003684,0.6548787755016611,1.0359022622698277,0.004862199401740042,-0.38611614255129506,0.19378249691316718,0.41255658366423775,0.06842327729952133,1.804566544072218,-0.6723694605548212,-0.009060395520254172,-0.1485883522305993,0.7964959398884748,-1.1776095386360232,2.1298192203304107,-0.6249932782962374,0.6532777532518729,1.897992227473668,0.614500096469941,-0.4668848724337512,1.1136607797925382,0.03227777905710838,0.038002823948760256,-0.985153996566692,0.6129968304089277,-0.20130428744590131,-0.2903064335413716,-1.3263666700967243,0.7195546921123619,0.7133220165406111,-0.9160964040281898,0.2614688377203852,-0.14871076252141952,-0.22114036271437776,0.2919059722624211,-0.2956307450415832,-0.2108957058990924,0.05609067573021301,-0.22821870434891806
372ef33c72a18185128c4599073ecf5d56883ccc060c6c49a1c316b4574966d3,0,-0.5247729909293112,0.7251475419842455,1.2497641882934911,-0.3160908503828772,-1.6791567550195208,-0.4442663159585305,-0.21804197518021784,0.492261353346066,-0.07086006339567896,-0.6289373458888082,0.14557974790219236,-1.6524327226707038,-1.5891571574189025,-1.8815999745084748,-0.67824935758172,-0.8658728047313635,-0.010925301635837048,0.048295532115299356,-1.3219680280448092,-2.517646962572697,-0.12841139122913323,1.1303262139239008,-1.1198825171222528,-1.2127224778040344,-0.15310354746081045,-0.5757215070987736,1.4708062079132542,-0.7988541381671435,0.8465749080097424,0.606233438750712,-1.5561332383886146,-1.2544007631261112,0.11503977501176499,0.5326983369673406,-1.453333605459871,0.9796925931444833,-1.9217270593940354,-0.974272471951651,-0.11553235185693886,-0.38760187358353504,-0.5686895825157644,-0.46549523148905647,-0.11970342872486228,0.07559755390259759,0.3093089968900354,-1.3624022552971646,0.7163693390183268,-0.1984571959326003,-1.553361172498598,0.9097634208538996,0.278850914952787,0.018850622040994747,-0.5075315718547857,-2.5307583021174733,-1.6855489501903267,-0.7722611337376575,-0.6334871058816797,-1.5960924434526529,0.4763720989659088,1.3331852989395412,-0.4304686535130145,-1.019321934923616,-0.6425586442448215,1.2006645472337723,-0.8328665882790782,-1.2997598515192692,-2.597063051252279,-0.9466538457197147,-0.2188498573689618,-1.5335398969703258,-0.6978671254851257,-0.29948351081840013,-0.717269166280315,0.9906231876169092,0.020942670324174406,-0.22202777239710847,-0.19431845182107388,1.251595710520913,-0.1605525699001708,-0.6600942982253349,-1.692217529265652,0.07143325460915445,1.8377854125888025,-1.7245763971640704,0.5197880271017002,1.9110925994909984,-1.8123856240563156,-2.4153294378775976,-1.4527103134700132,-0.752233164724178,-0.19574374792927873,-0.7425938872559026,-0.6590961023548523,-2.0461007977498116,0.1585377688687426,0.6099971024228268,-0.6211684126549248,-0.9808534345157731,-1.1318609743259735,0.7089299385909695,-0.9964868398860831,-1.6402050371975476,1.5872855090549471,-1.3710453094266835,-1.3781532014715558,-2.1573135777021153,0.4012071772790793,-0.8489020089545014,0.9751744020047579,-0.21544202827154202,-1.540745531175205,-0.6056854077537814,-0.21109640583498712,-0.9654929879830101,0.03812101408311207,-1.7000290968901288,-0.47255719192944934,0.4338124958222847,-0.197842086841555,-0.5452929294282942,-2.0974465013211563,1.599346202880892,0.36073418932148127,-0.9589498269851042,-1.4195660392582041,0.16177367798747555,-1.8377403256224487,1.004608734432672
f1ba7af240b7833613912c4d0d68e8848f9f9d521921438638a7ac71f26d7ae6,0,-0.7180779910752491,-0.010139852999694554,0.041173914514012644,0.7501337831001115,-1.233912778937541,-2.418747184333873,1.0195172089036002,0.4106293601257174,1.4972145158405328,-0.669884237720163,-1.0674905649581712,0.4698924764539411,-1.1140020145690224,-0.4701859894561211,-1.3059550673088791,-0.49734095861098165,0.26857947921656644,0.4682667153358779,-0.4669142397741285,-0.8118984428640628,-0.9080297871177156,-1.3573909439478982,-0.4067014841326644,0.9910346435752007,-0.3916231102055231,0.842797959003249,0.05897745543098587,-0.35643765265992106,-0.813476110387373,0.40713912554372345,1.43477956030951,-1.43888464405259,-1.8085881809099023,-2.085301265862612,-0.5578990869939898,-1.7221988707469378,-1.4066533638367338,-2.0458003201095663,-0.9643926683662825,-1.4865827135551242,-0.34672841452060044,-1.7675159773470897,0.1897874837082669,-1.8415414578482154,0.8413505803142894,-0.18178300924418678,0.38457004889992547,-0.48181770133219026,-0.7317194398896556,-0.43858275480618425,-0.5313845749371118,-0.31359167782464586,-2.0281872842923456,-0.327023742021268,0.29582276767042637,-0.026845185140032063,1.8864558678878014,0.8197836571751291,-0.5432134073666014,-0.15817734911008724,-1.3341614034181033,0.19772808045732415,0.7058379369683281,-0.007046582534652512,-0.0909085477226898,-1.201033823509574,0.2637963023184009,-1.001077222654275,-2.2387855074972,-1.1695464348109503,-1.9103911389575083,-2.1947096423247467,1.107857449169209,-1.1611617966917367,-0.40966565599420174,-1.4613585209055904,0.02849550134705625,-0.5757745355039601,-1.2248566373255019,0.7561967242831343,-0.00802061564838441,-2.4531703961082836,0.21380569314581982,-0.600655902588872,-0.05965817396193496,-0.2673144361931034,-0.6503711353285535,-1.3711511844278925,1.4597025099765528,-0.5050300350697096,-0.2283924965142538,-1.120507931844721,-0.7961143187918474,0.6715991733835245,1.7029007620628678,-0.4741305873297776,-1.2952449379114255,-1.339636766214094,-0.9264201356174169,-2.6903627534310797,-1.7413035275960276,-1.6934704322178638,4.218035151566042,1.7628532518247775,-1.5025100339599944,0.0931536808848028,1.6455323874502115,1.6760523981898332,-0.2216529858316661,-0.6869031884592659,-0.9977500109778813,-1.913570357856272,-0.3949536675943342,-2.091636835461042,-1.2200550422854195,-1.978484653235852,-1.429607559131822,1.2795772471275777,0.05324218765847244,0.8692513602404124,-0.6336835963690611,-0.8666552230824106,-1.0474478988366893,0.09935031396728639,-0.5981714679271333,-1.0934551535217745,-1.7896800752674416,-1.547570032298839
556448562e7ced12be8fdfa7b9f103bb2af668008b7bd49286dd8de09f00e664,0,-0.765588451878517,-0.3950965763819108,-0.2861728265954386,0.9886442804337354,-0.3458234442521966,0.8815795457144813,0.6837668510957352,0.6515073461635197,-0.9637027558153436,0.008923720514248501,0.10136525806264066,-1.0648009470129463,0.21416996356465756,0.7487537845058971,0.7656926855996686,-1.2981132775996773,0.4736411477476603,-0.5981174318403437,0.21713306500158164,-0.5198166398866172,2.140294205440277,0.4506310892552765,-1.1785048354115444,-1.8094172005555302,-0.5336962344358516,-0.9712561962181141,0.3921801416572082,0.8856564073343979,0.18016598267130085,1.9693952130746029,-0.0008519960884949551,0.25469647843080157,-0.8681429398078879,-0.25491009331121056,-0.5585732792071405,-1.351931096698372,0.14471076500134294,0.9760800814171542,-0.9987558143439291,0.24291958539839675,0.5735483994959543,-0.8146977411905593,0.4071439775184283,0.13248547006235312,-1.2449060002901808,-0.28226773352120477,-1.1298385873993118,-0.28757037578703026,-1.026255732857619,0.19116061677078966,0.45708186115182836,-1.8420978196127302,0.11561641345043672,-0.4903793645608806,-0.820259238640803,0.06511654492307525,-0.5190667282725553,-0.927265917252647,-0.4133693873546472,-1.9685703903117608,1.07735309768143,0.07148890273553155,-1.5408479378175959,-0.6702412254330573,-0.6145897718412547,1.0921301672330335,-0.5952239680049252,0.3482583969365386,0.8878955648958864,1.134815106589441,-1.140770302380117,-2.349154095586123,-1.5732645587468344,-0.0019827067178764812,-0.5081014542548143,-1.0975566998923123,-0.04623077141017384,0.36244472003691386,-0.6214931801227919,-1.6145433605544568,-0.11501593189301136,-0.3711010894096124,-0.06950287281681733,-3.1523506666112393,-2.1384306122233134,-0.5093491423778317,-1.7406193494559894,-0.2175583023766896,3.356506862690069,-0.3581143070104296,0.16724303827915718,-0.6950179983151393,1.1752842467736881,-0.4086544519712463,0.7857276476811957,0.0913464740550884,-2.790403127772365,-0.38537117228271234,-1.3161155345047455,-1.230664895618469,-0.10281922887359851,-0.8391648717979365,-0.18238141248081535,-1.6786102881685165,-1.1315284029806043,-0.19765333713234468,0.8783756022256851,-0.7113075905054247,-1.2755865004919826,0.36135818210277276,-0.672360194659167,-0.12888876173714148,0.5435816212973763,-1.2184494191257573,-1.101990228158273,0.279009233744153,0.10789675663395557,-0.7096008600888394,-0.6132325538630983,-1.7799841508882082,0.311025121524204,-1.353865978043752,-1.391185258710643,-0.0960587979876345,0.05635271507212311,-1.9274923301059046,-0.6819614647065162,-1.084815621310329
80ee425c6146892ccbea0ca3775b9eac8052fa3d1b710c50b7f081eda90d93cd,0,-0.9861130267899484,0.9823472426572535,0.15233538960461565,-0.4121663114524729,-0.49909105539929843,-1.5865633265218877,1.1438677749913087,-0.45971885814893965,-1.585387018398946,-0.7093844912550504,0.31943170975372903,1.32073994406961,-1.6339504655698964,0.09891540570462065,-1.1413155233683463,0.8538465765589718,-0.1766206538600284,-0.7836484343269141,0.5649648723022791,-1.3686027002203358,-0.9600973367142154,-0.004689796185299827,-0.4969478034433228,0.300813973091531,0.4491573978886115,-0.5312929782925877,-2.107985000100232,-0.05361086160250353,-0.013553680360339881,1.45966191230366,-0.6785694630651444,-0.07967356926018482,-2.029119948306613,0.35925400655796547,-0.5087912089181648,-0.46718038950433927,-1.3103547008161995,-0.1660271992095732,1.5901902289462935,-0.8302028339735517,0.21804775503943935,-1.594677052727263,-1.7814020253822949,-1.5574808673411686,-0.6041780179281512,-1.631311530059046,-0.6078530943922011,-0.8838507897958409,1.312624347854465,-0.7555374250810276,0.7331556945806615,-0.25226703080067187,-1.1913039918861263,1.5195248441945535,0.4414767236453709,-2.023669355307631,-0.1970571724873627,-0.24740625540861394,-2.4622712672139597,-0.9447628498364249,-1.331179083757768,0.10630140189746054,-0.9701509010124734,1.4839043320705185,-2.038465102162772,0.1936229642247912,-2.520869477106664,-0.7399234812367962,-0.5371474223059058,-1.826802953915852,1.3831936251327392,-1.5299720482806753,-0.011177119376974048,-0.22765325347842696,-2.2126910134629547,0.848249147144829,0.2506121796381609,-1.3840223678806174,-0.9974820901311463,-0.7789383020311453,-1.6140553782689235,-0.7077663301144473,-0.9090390028831407,-3.004397660169003,-1.5577749648922494,0.03131375668543457,-1.9233020641468874,-2.0283473876647555,-1.442334304838464,-1.280624374288569,-0.8171487618241624,0.3946773387617668,0.022968894790199867,-0.12339712751132692,0.46759363985182006,2.1160653346181375,-1.147874822656627,0.036679988184898316,-0.9270121421020112,-0.9720813119610763,-0.7890397335970383,0.5301079767697813,0.06432518098281353,0.019356506618533012,-0.7992373403287336,-0.19843896423968954,-0.4823052063812293,-1.58057868196261,-0.8549705763725791,-0.2020383957393348,-2.5054239091975496,-0.9565633419183693,-0.1556113596653887,-1.4273900412628748,-0.624665193785524,-0.2540557829223812,0.5532528065901243,-1.9812707325597079,-1.548755081018768,-1.129482967020958,1.4179986373575992,0.42202685557326,-1.0258858753049602,-0.7397255455897664,-2.222015331254404,0.7707074348212664,0.28223730666554636,1.691775235310006
30e85257122389ec295595de19881641a68f5c75af6d5f5d41369b4df090a7f4,0,-1.2832698722770672,1.0889988769527734,-1.5223083266904516,-2.175866270136095,-1.1092716119251187,0.7827460439574327,0.4315237145366885,-0.0722119500103697,-1.4951485660158257,0.14486463830133478,-0.9168710264366566,-1.9209697663473868,0.028659307767067876,-1.08851220351107,0.3743246486207891,-0.17553344590752196,0.4695981581446247,-0.08686391542457517,-0.14120987333620122,0.07817600346781495,-1.2087401966473377,-1.19556183082222,-0.6669918885754559,-1.6136298980186008,-0.48438522154956676,0.3688619432689395,1.0409018368693563,0.7584934042357578,-0.8225736014260736,-1.289013581185177,-1.4658094922112097,-0.7397501184866685,-0.8725701233731729,0.5433863009326392,-1.3434580502800582,1.5797311932113727,0.6926964510943174,-1.0093824193535756,0.3083470560043914,-1.4459261924743234,1.2180146438417212,-1.0834508409554178,-0.09058112714110234,0.5864889600763267,-1.6891576144242475,0.2297114255331569,-0.13543006575604796,0.6494734593458041,-1.580904051736976,-1.2571620178932466,0.23228238078493352,0.5916650285883528,-0.3180673768323062,-1.5215881198779981,-0.6350650590735648,0.7754976275096263,-1.3933192841221298,-0.6787909528807935,-0.30598788372359786,-2.102189046011643,-1.461997241996087,-0.8538322863496912,0.8495770016100075,-0.8779672174089979,-2.4326928949708795,-0.09139907760771904,-0.24891350090282077,-0.42439790968259694,0.2606035544158134,-0.3325028453756326,-0.7356205686497044,0.3129639853509562,0.9780527005163535,-2.012172285562953,0.47282922231732494,-0.26584907635755306,-0.004869053712954263,-0.7644790369328301,-2.0451515903662894,-1.6497331358504044,-0.7395085879081373,-0.7244296837588353,1.664758267288555,2.0445225651349985,-0.6404962602605146,-1.143280705928044,1.0803195090544144,-0.6516634243948446,-0.8964961056678862,-0.4468861950258807,-0.5057658525234019,0.21722770225900997,0.6244846204445511,-1.2514187142431472,-0.45018236982813264,1.0479669622125238,-1.235102284361222,0.046334862255902554,-0.33896144444592313,0.7664314669339732,-1.3016570220766068,0.518810318895756,-1.6398422611534689,-2.0371283859279155,-2.0388139372246163,-1.7644302681563935,-0.9060065397872953,0.12134488278641609,-0.3408255609178759,-1.029763761684902,0.9188946023659972,-1.5733919145882065,-0.3053100854122158,-1.9998019724339748,-0.9352155944207701,-0.28264611328983746,0.3577163535636018,-2.0830550180610876,-0.4015425662833891,0.0793577653065288,-0.6887796984546949,-0.47511085970886113,-0.1352683758328338,-0.9449618666988711,-0.32454389973238995,-0.18054462676983657,0.049623488704950564,-2.0211946569991683
867be2842b13945d6d88ca13ac0037a66c193a35789e42377d0385093f93bd2c,0,0.08336943455595625,-0.9532438389500326,0.6055542422143088,-0.4379220948863123,0.7719343674579884,-0.06693166805025752,0.5049877802091806,0.7499884889603594,-1.5628279167000583,-0.9376460625370031,-0.40379999710784575,-0.9094636419630726,-0.4816526071332868,2.1345811758397293,-1.0151223835524756,0.22479847488511573,-1.5704115316212492,1.8174079627114172,1.939715731647394,-1.0185818452258366,-1.5270989376989619,0.9415254121512522,-0.1221823958947682,-1.0870896650670971,-0.6504938426939,-1.0491821249473692,-1.604681854124057,1.1867123367922348,1.0482441457502625,-0.19847428733824402,-0.46406115111864266,1.258306234061709,-0.7627550348727239,-0.8417293145265355,-1.0518892245296483,0.29769084971143406,1.5158572982111966,1.0422168052820993,1.1240533283763763,-0.1709882732164335,-0.5067253670178069,-1.7302708546346022,-0.6775054391874601,1.3203175690393292,-0.5356218747382531,0.059177806980160175,-0.42274545158393523,-1.18697221083089,-0.5723311734554257,-1.3320660238269906,-1.652408477702674,-0.9126884030462822,-2.2463570142542144,-0.944362471959724,-0.4516183505563609,0.7950892952137567,0.9449893438941765,0.3614336830476582,-1.3844638366887014,-1.9775472618572163,1.2059627619191091,0.36047839541078486,-1.1840100270092349,-0.900259821027878,-0.06836367469465043,-0.030314219487756144,-1.7794068309258506,-0.5888545860265246,-0.11784410097479853,-0.13047387541202754,-2.975577696877078,-0.332262257422335,-1.932990112383019,-2.493080848251252,0.02924562351946991,0.14004260000497626,0.023573524506038612,-1.1309149412969806,-2.101283766937284,-0.06501307690363833,-1.4911819855153527,-0.39605414300236663,-1.256662354285647,-0.6098729216645433,-0.0918905633208584,-0.35688284404976983,-1.669835860934887,-1.352614406980655,-0.4707259787238984,0.711577127267349,1.6249925717298817,-0.6843835935947586,0.04034562088723728,-0.5343995447583451,-1.4674679850721541,-1.5060705648627977,-0.4434661442252237,-0.8610935091253962,-1.8497281884896688,0.2330750536961118,-0.2880175354845086,-0.3915892785518924,-0.8936013760460583,1.0009653778776573,-1.520174085017616,0.28741695452773197,-0.755368041932749,1.241096412478868,-0.012324467180054977,0.08647619535257034,-0.13663403370352933,-0.24118369192749975,-0.8703279065474362,0.34900631728678666,-0.48532677132401036,0.179276170102301,-0.75789634060091,-1.6288268472355716,-0.00019707879844069187,-0.8507388996418749,-2.2106577527115037,0.16764615884475792,-0.7640475366524567,-0.020020099585156714,-0.7247452006754413,-0.12993631652706072,0.2186547584046611,1.2626720402764102
4ca0359b9ee0995608fefd9133c166dee569ec25939ca3e7a68ccce88991903d,0,0.1521207214306169,-0.578527217574509,-0.8408397947744293,-0.06526395715501057,1.56104518843558,-1.5035313707426756,-0.6192977936539179,-0.6866962138470204,-0.05679581759138519,0.1568405000319673,-1.730349182760409,-2.1861736963346154,-1.8148420609096072,-0.5107152839013165,-0.20905406324841241,0.6807483595025114,0.2984261790447834,-2.528390511977496,0.3808624917217098,-0.7501120092616822,-1.4257271876470918,-0.8352983836279712,0.09454386317846669,-1.2861403054216434,1.161881632984718,-1.4893101828210882,-0.8503715151148588,0.6355581042963221,0.0683714456716155,-0.4572958095806987,-0.47327572988977024,-1.0311683235190572,-0.24455139647222424,0.8655098293046282,-2.2758200409965266,1.2359349511464317,-0.07111894784605642,-0.5387576470231266,0.2252698583589906,-0.06655196319706413,0.5088554731765367,0.1353125770314091,-0.7736434311411942,-2.0522952631278017,-0.6254152476673738,0.6408237374732385,-1.1079611849367088,1.9598798500628893,-1.427513355040151,-0.9488392185956206,-0.5480897857845335,-1.1426116935230017,-0.7323710863869148,-2.851440986828779,-1.7426118220329845,-0.06337845943002082,-1.0279037844734797,-0.26475101089534414,-0.904862977147128,0.3437784500414961,-1.4165312826081489,-1.3056248227725882,-0.7115081803913033,-1.128591609251786,0.18771848103768335,-0.4643115389320724,0.5762870074005122,-0.3306383791582498,-2.777354144713654,0.2987619081957308,-1.2635012353167123,0.4713747614476176,-0.9012718452118397,-1.7434169198558742,0.3627155871429611,-0.06012378731021682,-1.2444380639838863,-1.2629166611413836,-1.2444372702682207,0.37659580112430063,-1.6960486884287371,-2.466300453002227,0.0316961388513175,0.0013069009522887476,-0.28527010316848267,-1.7809516187527084,-0.7350482303332342,-1.2143678422385347,0.03247788328352628,-1.2152240176609452,-0.01123951532258425,0.80843030956257,-0.15470660269584105,-2.5627238463804147,-0.40757269036040783,-1.8738708166210496,-2.0030959530775,-0.009429413422574341,1.6592774355114321,0.6979717473380311,0.8198927431563976,0.09364655593289195,0.19944669214975275,0.6427921145051387,1.5345802306612062,-1.0626791198894934,0.440162511666726,0.29621082778656055,1.2067200419688384,0.177797607299102,0.3550608347642224,1.33898216733338,0.19119409351768968,-0.5005675452034721,-1.6749659271932293,-0.7664722768527269,2.1833821625160263,1.1468363211807966,-0.1572963317522914,0.373302217278625,-0.0485549149356268,-2.8383818922846333,-1.293055437450884,-0.9462469043342498,-1.315477427096173,-0.08691364282363699,0.7861681857519018,0.7209695242802197
7c966fda59b522774ee5e94ea2fbe9b6594a2b69d4368241aaac32ba60e74fc7,0,0.22375541535324023,-0.7613421583050997,-0.9618880049276479,-1.5507029414364575,-1.7344705009059225,-0.3919568944959759,-1.2972736473979043,0.6777771178152703,-0.5406207574560091,-0.03345225297257898,0.4928004903584792,-0.10073308718561735,0.7647197876939283,2.138409286605729,-1.029904924194188,-2.7033312321460996,-1.0077889754353535,-0.23948693123939252,-0.859544308024877,-1.7714873813619674,-1.7081131680072206,0.04275649508321566,-1.6500251685015956,-0.16729299232070943,-0.41331722626635903,-0.3189130730499892,-0.9107216289437874,-0.33925974074982485,2.0483314651928004,-0.34253763371371737,-1.0240362649937556,-0.40553717932527256,-1.96379605507228,-0.5195063897768163,-0.174035200330949,-0.4071447125174461,-2.08808755790087,-1.2418337592464395,-0.25872078411893934,0.48801612477401873,1.0656341122854842,0.4734626379620641,-0.8102500570483271,-0.73554932695995,1.680554366186692,-2.3845506300491266,-2.33586933675125,-0.6913442348808603,0.3280563146307467,-0.9278569320273649,0.7718227172697004,-0.8383703949972846,0.39424247953166147,1.5815295877320255,-0.6747322771546009,0.32594196066367775,-0.5435581495537213,-1.2645455871302287,-0.9040005405350664,0.2781419053252361,-0.7004588623364392,0.29254041956149923,-2.148963201564437,-2.213386053550854,-0.971946917509432,-2.001047935507888,0.4379189139585095,-2.233435419009966,0.2936817687397346,-0.3443895408085383,-0.6347667942335268,1.2119065256886044,-1.3480808840786596,0.889031637660071,0.09921279109766296,-0.4008531472796191,-1.6167087279942378,-0.6424402391963756,0.47939088651380135,-2.91046119749177,-0.9135837069980458,1.0205826165001128,0.8731379083369974,-0.33107212323190816,0.1628262896657851,0.20054900148738486,-0.4363716595226873,-0.3080253208685022,-0.03769744426548005,-0.8610414552754417,0.8991730465798526,-1.8310732687980917,0.6188123831089771,0.3818623837729155,-0.8759825194106861,0.4225049194017132,-1.2624468815374568,-1.3038935012493753,-1.0179513831982718,-1.2575248340828988,-0.6064650146461632,-0.8820049958912943,-1.7678390942751445,0.0980271159929284,-2.8159418102072604,0.604072189505892,-1.2140872462597636,-0.9457945598668279,-1.0187131202857085,-0.6246266837585303,0.5644659939580273,-2.1014503603112833,-1.5017133939428495,-0.03662258677407185,0.8720994991146562,0.034295124864862414,-0.8545732165923186,0.9228927999308243,-1.4468855015751558,-0.34742759024535047,-1.2360943428696567,-0.5836715918872939,-0.9545939729455182,-1.2109780051258587,0.11590678508243762,-0.4383339404653856,-0.27854055720875287,-1.701093550667078
