file_hash,label,vexir_0,vexir_1,vexir_2,vexir_3,vexir_4,vexir_5,vexir_6,vexir_7,vexir_8,vexir_9,vexir_10,vexir_11,vexir_12,vexir_13,vexir_14,vexir_15,vexir_16,vexir_17,vexir_18,vexir_19,vexir_20,vexir_21,vexir_22,vexir_23,vexir_24,vexir_25,vexir_26,vexir_27,vexir_28,vexir_29,vexir_30,vexir_31,vexir_32,vexir_33,vexir_34,vexir_35,vexir_36,vexir_37,vexir_38,vexir_39,vexir_40,vexir_41,vexir_42,vexir_43,vexir_44,vexir_45,vexir_46,vexir_47,vexir_48,vexir_49,vexir_50,vexir_51,vexir_52,vexir_53,vexir_54,vexir_55,vexir_56,vexir_57,vexir_58,vexir_59,vexir_60,vexir_61,vexir_62,vexir_63,vexir_64,vexir_65,vexir_66,vexir_67,vexir_68,vexir_69,vexir_70,vexir_71,vexir_72,vexir_73,vexir_74,vexir_75,vexir_76,vexir_77,vexir_78,vexir_79,vexir_80,vexir_81,vexir_82,vexir_83,vexir_84,vexir_85,vexir_86,vexir_87,vexir_88,vexir_89,vexir_90,vexir_91,vexir_92,vexir_93,vexir_94,vexir_95
d7a0453822a445c250b21101ab90d4dac72e176bbe1c6e7dbdbb0694d1db50d0,1,0.5740027064396641,1.2896447425856572,0.35610491313076775,-0.7414014570887645,1.5038431914632062,2.5762631820619046,1.2246724770753488,0.05255491502395154,0.4264337304955317,-1.086834311550186,0.19571109679756776,0.55022824808408,0.038813333743364375,0.42431860968939933,1.429200237262612,0.24886025584459004,-0.9274706143764873,1.0856898575570244,-0.8243326006987971,-0.6206423565160759,-0.9666913108374877,-0.7067701310199102,-0.5982043212320963,0.017065538316414663,-0.39516831386234447,-0.42618372677737126,0.058180014002389924,-0.7645539834115471,-0.6407620209483746,-0.6359920645105548,-0.14767268954371376,-0.028043788668406344,-1.0755899562331397,-0.8019942353571111,-1.1437034083155977,-1.22191906893686,-0.2461543799425171,0.05558696284480234,0.5559347450817046,0.537859487856503,0.04739531831808058,0.5103812542953436,0.1799654414282188,-0.8331948893657202,-0.09838392041913105,0.2655685637420581,-0.5178990206320684,1.6322027737412221,-1.5247629719779519,-1.3128428405751817,0.6804747138544465,0.5361744413554806,-0.5189244873576055,0.5229746001445401,0.41902892804799147,0.17989100559764948,-0.11238481621112273,1.9752542243168627,-0.2384350094879752,-0.16501191699528706,1.155902337988157,0.9311223146171568,0.15554619262409725,0.1366228924760141,1.347664526974929,1.372888340262397,-0.702688168507492,-0.6412353975551369,-0.7751694297172509,0.684588729911209,0.08116559135150442,0.30598850182228143,0.6964485766732327,0.02853958413410823,1.3143464679266181,0.2264787444291147,-1.2657326819350518,-0.5925589415299983,1.0821474975803045,-0.4077376207473986,0.09913449572822812,1.5690352257023665,1.3287151650787705,0.3916854817924596,1.0970255132543598,-0.3034055432648066,1.8550902108231562,0.03933763738463053,-0.24771933657132084,0.3740420398688075,-0.45031302021173997,0.6793224828220947,-0.0029059519340463302,0.8814349940160675,0.9014150379120145,-0.8675944984136867
b02c33fe254975bb5829dca0b953a65ff295384063f0072ec27f0e22651eb332,1,0.5463695899127987,0.595306638996656,-0.7401212453029624,0.9918206191044825,0.7733433353237256,0.3865253914157333,0.055031909311251195,0.29920278637972836,1.063937745481251,0.7188955391801854,-1.5737093650926706,1.4865694070384514,-1.1439001946838843,0.32645588172759166,0.15025729232298568,-0.7000428663335316,-0.4023144434404726,1.0028976736224007,0.841647861390415,0.5137464237093768,1.1144410206164026,-0.7689933283532974,0.7848403302320415,-1.5858726888675407,1.197798562257809,-1.3007033375837291,0.9015562246295841,-0.30299008147727025,0.32566588081189074,0.18478636253815678,0.26984066925733674,-1.1531132494104785,2.2253290884022348,-0.15751583133341923,1.0995090054143162,0.7144655159199899,0.9820287168676793,0.19535193951192237,1.6967606781140103,-2.157792756478205,2.0990769931561477,0.9833266883282836,1.0550291218671362,-0.7262442313936879,-1.5072858778034617,-0.7283715289464834,-0.7303050467403414,1.573545195610988,0.5946460434195606,0.009333428147514485,-0.5773124016265171,2.462715259457966,0.7114128740593193,0.5210172379991841,3.093422361414226,1.1469000759093309,2.992293017821234,-0.2105778028784674,-0.7790846874877104,-2.3022506331788297,1.3031995909353686,-0.900748006837816,-0.31974249527142373,2.242672008460917,0.15108702399113494,-0.1580710765443687,0.43339720949932037,0.8793096384379965,0.6447125809300235,-0.7219128698780218,0.6080534614930062,-0.6840521988958214,0.9236139224962816,1.0135426450577973,1.3127531104132195,0.42376908840541555,0.5069759832685812,-0.1801433678111516,2.110406465716443,1.4088137202296118,-0.321995331011241,0.8908502388823215,1.5297992416147617,1.2429044909521196,-0.14819131529326635,1.956140179511264,-0.04304222345231179,1.5202054579617736,0.31492768025698475,-1.5383387992274415,0.9647307138408509,0.999810570140816,3.1496817482165436,-1.2784677451513184,2.440394038824014,0.02027697954268126
f20d16951c4de51e9b687e086314910db2e13bbf5b8d113c580ad73bf23d6878,1,0.25749559697188024,-0.40643785183376063,0.29635562079010436,0.5174108974156847,0.2720645798974892,0.17270703558076156,-0.5053967516879723,-1.5513191397040624,0.6481323588600455,0.9365539260366257,-0.39267280650903086,-0.6190965434898328,-0.1579112080522706,0.9804437046260739,0.47192116351363605,1.0003435381813501,-0.3107218262186745,1.2895036201043548,1.1014228930071517,-2.2140774373583576,0.41069932810926024,-1.583074143018787,0.8214772719138869,1.0278316293514702,1.24961520306264,-0.45665996685933097,0.6637979465661117,0.8660058732867585,1.5334454815732073,-0.6066559154062453,0.6343721696945136,0.11976675601780112,0.12924060294204842,0.35883383328559,-0.11468405215406885,0.37137100330938816,-0.6674791827925444,0.0953157671093276,-0.1644337987157048,-0.9146471188409524,0.323744525654701,-1.1078424997538279,0.3608225108246863,-0.07156717587637573,-0.1479547154975914,-0.18564241443686222,-1.4947087509870722,1.0850958122242849,0.4487793975715477,-1.4175160933030297,1.4578294589901266,-1.6233631700167988,-0.05403224881534871,1.642780657828389,-0.5882090435806566,0.48656309869859893,0.4061759468887598,-0.7867787841238,-0.42172933706140314,0.29788220639730845,-0.38432068412617953,1.6796473269260952,-1.1327197947504728,-0.3186285840396989,1.3955674838937466,-0.033426749277062295,-0.5299995989875905,-0.23675058615505992,1.1390910210224092,-1.2695653366494632,1.4193506189090561,-1.7574260440295384,-0.4467669848495873,-0.06074299500805713,1.6172768508290793,0.010785430975241067,1.190577284646396,0.7732809513771032,1.3397527731397982,0.40962165077233165,-0.2994337795376738,0.6460450803904538,-0.3284731438865506,0.3993293004278364,1.9530380086452528,-0.9317314940560879,0.3037289251520016,-1.2568216285304807,1.1036312354562594,0.28143339558525526,-1.254192144034537,-0.5067067118363019,0.036645952880820454,-0.7536335405340706,-0.36348669688695434,-0.35076090356577605
249ebffe7b3a5e15638c95627316e43aa24d4f09b04d520a3d25c103e5168f82,1,-1.8862525128037575,-0.23610423067223832,-0.47640686786141384,-0.30896190418115443,-1.0222172347418756,0.05013959892134545,-0.5974262225559898,0.6906414560489329,-1.2305430453267912,-0.39295763856009436,0.984003282699105,-0.45690574159457786,0.3291851400917602,0.4193341779450007,-1.2515096588847059,-0.3474452452524947,-1.1314971246482113,0.6621157846523227,-0.05226584581171681,0.4510032802902661,0.24173690478879906,-0.5327694168784995,-0.9511011413032215,0.9881584149290054,-0.12159189022037975,1.4947075866786914,0.3136004306071757,-0.6432603586932526,0.25466632331687056,0.24375421196596603,-0.7955716331042427,0.9123921495530576,0.31959653204312855,-0.1773436265929725,-0.6832281510388255,-0.7846981481162716,0.11611490474320496,-0.7230929983041886,1.388370475126853,-0.5073106273432325,0.7162428870483656,1.0995553207562883,0.9399790492448766,-0.28773654603379833,-0.6685165099895494,1.3724929122677578,-0.9017288970626991,-0.5186148471749905,-0.41525211185498073,-1.1774853864525188,-0.17256598119354427,0.9309478847247439,-0.05848711541326912,-2.2460247433808576,-0.45163351625305936,0.9121859313450278,0.048857876621732556,0.8207082333817909,0.34511660948317946,1.8615358988168047,-0.21898489465503468,-0.05412877441612135,-0.5089079293069774,-1.4442353995317352,0.5765594393979747,-0.18201724619813364,0.22553043918781557,1.8255929869191907,0.12142751614041575,-0.7275020489523218,0.8303156521032088,-0.12427850222555331,-0.3076299522758828,1.1440500335351937,-0.37947095785808893,0.6156710915472485,0.40323872270307554,1.3325423858616297,-0.9798117242196496,0.24811516037195086,0.2432420212048344,0.37326849858199057,-0.6952873250389622,2.049723346736388,1.6152647279935928,0.8177816921949683,-1.4363151079161554,0.05534758043793242,-0.1116333724200066,-0.645965569834193,-0.8439280343771443,-0.951102987348091,1.5092975989657513,1.30552135406781,-1.508307570838715,0.5933895688520106
2e4ea96a8fe1da2bdcf8d33b6f047f52da528f06a7c5607fbf2556f875ae5920,1,0.7237469682190473,0.2521693363821227,-1.7620112041338682,-1.071950080406979,-1.1443113522795392,-0.45252026603968976,-0.29738247130676854,0.04038681222554445,-0.706913477462334,-0.6451803918968628,-0.4152973558149686,0.30234009105314674,-1.654144342606946,0.36951784380806996,0.6533667531388907,-1.7695778862830602,0.2645305357072242,0.3280108333005656,1.5120894603504134,1.046357045513846,0.9913534917580579,-1.3402870559916311,1.72854698244399,0.5285761400089669,0.11515805877081485,-1.868664952521843,0.48175583764321417,-0.47124833420333734,-0.49877567119942745,-0.9575139073336167,1.7550298326391351,-0.7508154212151414,-0.15465554986175079,0.4537521013041618,0.2923016188539841,-1.0053406641948492,0.6832295013971326,0.679254850601027,0.241691290694649,1.3269014128722443,0.396670701323286,1.4951739826431427,0.8690269952995717,-0.3022964346164577,-1.3614886537175968,0.9362081307776696,-0.26907178449816394,0.2458581041477739,0.7853203393142849,0.7516044696233608,-0.9649803176337203,-0.544318704858447,-0.44808871480574836,0.10299644023911243,0.8224114176500852,-1.604990367155887,0.5571462244416813,-0.43488406568692584,-0.20060055468244747,0.7035052092027845,-0.658728783752921,-0.9137197588044517,0.26664276903792683,-0.10581060943256837,1.4160923200245286,-0.46431132351485616,-0.41965311466718336,-1.4254876455035552,0.28225493687916725,1.9680754370354185,-0.029762770114318715,0.5611585121956174,0.8206097871398544,2.8994932032259855,-0.8226574731450949,1.2245702697053482,-0.49610444772704737,0.31957090995818327,-1.1182301262721661,-1.3815923187133352,0.5233080111875028,0.22130230523203098,-0.4340363176421204,-0.011009309681651536,-2.0080997872429465,-0.6329419894704885,0.9619843036137086,1.1273701993604281,-1.644797872280388,0.2999238409086955,0.03877698580758973,-0.8937362626341544,0.7445955750293902,-0.35098241777785594,-0.36266891827117587,-0.7798583839216926
96448a78292595053bef9466a320adfedf023012c0e97bf58784c9788b8216da,1,-0.7120407982878394,0.3895958283167087,-1.0257679738874854,0.938931752305683,-0.2684424589392689,-0.23700713360006959,-1.9325654449975436,-0.6067156121779411,0.13814840040650697,0.09414909536815652,1.7886378367120237,0.8551198390678054,-0.11146114064277296,-0.18587496896223038,-0.6600084901297895,0.010157830441556177,-0.08932731661182766,-0.7604320051611589,0.8645356370994749,-0.4746042086734612,0.2652687564019123,0.6606167374153332,0.2548976181865621,0.7250619832919458,0.7406848532995197,1.6982905402214024,0.8958639292470503,-0.9744784002365254,0.3483093861196428,-0.24393210608043187,1.265408274589101,-0.40139204529801004,-0.6001181623767975,1.1861714775911856,0.8750823614342912,0.5849529732754924,0.7013547578008903,-0.8793310661504117,0.018810603021007954,-0.24177451707721864,0.015474879181320622,-0.6340171109541339,-0.05087158102158029,-0.9564726733330448,0.4060422332891695,-0.14515678573680732,0.8529501330256232,-0.18506317409476578,-1.338944199103775,0.6340062284098525,0.772072774625757,-0.1263887657802859,0.053002918245710184,1.2037028875866782,0.43821618258461126,1.4551856648651997,0.6990184821514233,1.1068825962570605,0.6368000391592616,-0.03655654710432747,-1.033760500387308,-1.37983431915208,-0.11787771880432361,-0.5305627802728081,0.8017438611728573,-0.3483823650003101,0.42018691599127267,-0.25967491664418885,-0.1369528174630147,-0.45797796492763576,-1.0944427178920368,1.7571347140529947,1.0830742397796502,0.3195799481734424,0.7490286201837003,-0.027891975615463194,-0.4165861137047051,-0.06451810417306691,-2.2980264810387814,0.03895669972544082,-1.6442003411770951,-1.2268977371625573,0.49977929731624493,0.4950620083112752,0.4916802391291764,-0.4800398838671528,0.4557938874284287,-0.1852197952564634,0.7014795154878524,0.5001869579907433,-0.2471660750199438,-1.6187997748044154,-0.36602993868933065,0.01797066860881613,0.2413553878754699,0.8827180173028846
23bf879effb670573dc4e0ce3f5b3240c2304d63cdfe6e5bfefbdace495842c0,1,-1.8537231707311381,0.4550278524654056,2.5658353861640615,1.4823118456430162,0.6920129672416664,0.007644629789128499,0.6860621940942163,0.678528638086862,1.1798409637753537,-0.4795808717237882,1.7827770162447254,-0.871991130861107,0.639734993481033,1.8102113621436942,0.46739825477233776,2.010955390161356,1.3164276572416589,0.22034244942333442,-0.24812541054427684,-0.3690881973360419,-0.06982168918007403,0.6220411481265246,0.09412628062525025,0.6795074571990155,-0.37461631577178567,-0.9109623439374406,-1.207832875123735,-0.7545993667276287,2.3458955042175504,0.12301203414457404,2.044045836932494,-0.039999838595509124,1.0022626309678977,-1.573657778845428,-0.4849425357032975,0.07598240857972549,-0.2638940746001547,1.5267695947934854,1.3417586398381482,1.3046195203525963,-0.9332681489461863,0.5906764249142622,1.792786549681682,0.5077732911951084,0.603407505507909,-0.935012209301498,-0.43128211716679915,-1.4017706583975262,-0.011980408099231538,0.8619035889495438,-2.244233672996172,1.3447111831711573,0.58621974492224,-0.6429653312139427,-0.0785571089945929,1.7843222186082444,2.3422651040223172,0.0499232205713081,1.9185421140340086,0.17333310194500465,0.4809534128703702,-0.19123547620602652,1.3679226032695169,1.1224208146352592,1.87902432230905,1.3862791117664568,1.8644974950880837,0.8936861246908127,-1.1591680230495918,-0.9405552713597751,0.7331952130370907,2.150274556709574,0.911382761401459,0.05769783822706975,-0.3464602029235781,-1.4722980285341993,-0.2679725289871083,2.136206338755196,0.6827996610570863,0.5415675875766204,0.764299912130231,-0.44069918825233945,-0.3400383448502229,0.6982187602943867,1.7586164959368813,0.8558837991461227,1.0619631714317754,1.5847622228631262,1.9899086130317216,0.9049302277322373,1.4901419352202905,0.1567880339375013,0.5459931078187233,0.33679785925478306,0.7472007462030663,1.3831801820819203
041f1d16a2b247c99d391daf00570ab9b389d3df0b1a1b41221cb7d369206c52,1,0.14018024034172466,2.1777716633949074,0.059610108340957146,0.40416144844668794,1.083821345288227,-0.2256615450672983,-0.2015646412032005,2.3832058701148178,0.943711896320834,-0.5746333328098743,0.49888485002080385,0.2142983208340548,0.9375205017558885,-0.24854516596235254,-0.17188078395161874,-0.2267408074710554,0.5550398242843916,-0.43494274847597436,0.6496291241703775,2.0138634470629935,-0.3049553589247598,-0.9861735227231907,0.4400383692726702,-0.6023035379678405,0.7030228982388974,0.828406063473651,0.3711056239349678,2.3908942598796687,0.23734078484512944,0.533783701108424,1.8459201180768734,1.3248988733729883,0.7104424932718121,0.69781870968929,0.5613252533457056,1.4554496698588864,0.25986757756891643,1.3926797981383763,1.7348549731320333,-0.38972070214588983,-0.5390094225592265,-0.8232357499597348,1.057710130290778,-1.7820131071599925,1.6467532530977351,0.6552167558802624,1.0388506919896539,-1.1130108086622363,0.12485479525016574,0.7554806581482318,0.5192228941706125,-1.6495567525230803,-0.3891538956156689,1.6869867421341496,0.9324086756562094,0.45438718442301473,2.1298032107671174,1.1469072105594542,2.3370838560851768,-0.2384840471093419,-0.1128961013913119,1.3959780725186217,0.33265460437062244,-0.2891687703032579,1.4345576247286862,0.5033132522116845,0.28930295110882875,1.11686162358788,1.693588730727056,0.15797289325049663,0.2113900219015563,1.205355123566001,0.10460694022894398,-0.6013469521621219,-0.6643342396221124,1.5263789364787286,-1.145879997584689,1.6535016500949486,0.20935723404955375,3.4669767666333557,-0.7645890970981886,0.6036081038513905,-0.8890325921094999,0.35874969156744985,-1.0839103731715143,2.150067363258036,1.7723364739217398,1.6794290559692,0.2787786704416806,1.1041599307142285,0.7522319937598722,-0.405058140745745,1.522954312984246,0.13242477145370324,1.0839548446733456,1.2910881848489344
d4feb844059de8fa0a7cab031b57fd4eb68f3384eb326ff947520f487992baa0,1,-0.3456169810552988,0.5213681754811061,0.4384245921316345,0.6225977804768354,0.5165039893449541,1.0995845184298987,0.12174985770448934,0.6727986014285071,0.7289695304169368,1.381661897935932,0.8471917341602059,-0.036780425854564404,-0.12486715797442832,-0.3492276451165576,-0.8837998393677716,0.7138012900101969,-0.1623481161610896,-0.547055807822211,-1.2689444187266377,-0.10636392133229289,-0.8229047475612412,0.2578634173327016,1.2574748418857102,0.5633828021980936,-0.9932416940743929,0.3310452360889169,-0.7893594685112616,0.11376467146181701,-0.38161483128717766,-1.305144859057181,-1.3725835399814967,0.5158850210854762,-0.3054553704184281,0.987103242598454,0.5638892303301699,-0.03036950871020161,0.33119043089199546,0.7113745143713583,-0.3775024713262539,0.7929914704174277,-1.4088414765016943,0.3320551141865452,0.7650327160132968,-0.830904969996361,-1.7644744921875373,-0.7381779671505042,1.5699377907508336,0.23764980520737294,0.5411146460204939,1.3246888441953875,1.601241996124984,0.9003863349722583,-1.0356329341517618,-0.5899415710736209,-0.004620051240726425,0.9947251531968008,1.3108891118515142,1.5042340494022424,-0.45970119521297204,1.2159667305724207,-0.08686514968390928,0.9259914494387032,0.1400982223248677,0.1708645392452895,0.9103557664167713,0.7283308972686644,-0.05912459606444387,0.8537634660080947,0.16213729391981815,0.6350813246579039,0.5050858359374117,0.22711654139656393,1.3181590088194082,-0.6526789736102225,-1.1793146596184299,0.6726414493001275,0.10065190319945666,0.6236852095941372,1.5116913834067256,0.05586981765324239,-0.5803631146845769,0.5165970894470061,0.17106719083815403,-0.06624174891706541,0.04702192560912499,-1.2113946288087118,-0.576851004263283,0.6759955953907391,-0.6724487934904206,0.8517006068885933,0.5002035928880101,-0.2634203747414965,-0.023523247024370253,-0.937851447979746,-0.00449730269364329,-0.43007040974462873
6f06fa082e6f50d84cc645f4c7197f0642b250d970ea798928e4ee3ec82452dc,1,0.988735441032611,0.8419963757850069,1.011919747712029,0.5108101142923497,-0.26953553391945195,0.6875075853073587,0.3476592189492088,2.071231649111225,1.44860421872505,1.5103519123050089,0.8368287480238947,0.42800990218785456,2.1763982112038365,-0.1468233061394022,0.016210255108060054,1.8756691828416137,0.17304477946659327,1.6827232748657566,1.433266530853185,-1.4054400366165356,0.6804134595864875,-2.073759727346917,0.2052149519849602,1.3088942099136136,1.6102591879842012,0.5639683073234644,1.625065890344569,-1.5245071152886238,-1.0649707367127512,0.8997714440120849,-0.2946494175481018,0.7091682431500611,1.8835612718391617,0.7708747687560192,0.011053420658418245,1.3151846507322897,-0.2876564320180022,0.9337764242237026,1.3848735606310025,0.7376795318756441,-0.2956100967621488,1.9895338680886487,-0.3993922085296797,1.5220407972759766,-1.0778409343839206,-0.05248133316795528,1.2936622998308311,2.2016340998234663,1.6381969671718455,0.3021919931921213,1.2107019687353342,0.019969068019450642,0.12007205045688035,1.7566541132035691,-1.148716884750521,1.0224036797313834,0.5128365775072171,0.06385104429679855,1.7552484204712235,2.0040657644354765,0.9243291746197899,1.2406211734521517,0.3379871106978563,1.1844763521711439,0.6372231005722924,-0.004817234439135953,-0.3743478118623814,1.7261975430577032,-0.12097385665649493,-0.7423436960886851,0.6920429814496217,0.6290886661653605,-0.9928619483498246,1.1564943595317358,0.24824426360128182,0.3130141954964572,0.687274237509125,1.5632213125942023,-0.19299485076729306,-0.15481932539090232,-2.2176642046885693,1.3342712146530245,-0.5775323979394164,1.539777493839933,0.9582779359554883,0.6038907955523838,-0.3711882637501147,-0.8023609840571004,-1.4709976914685008,-0.08190648036403417,0.1497948986632902,0.12340459883089128,2.692649195561492,0.2494687053906126,2.4383966826467036,1.1293466346776981
5bed181f64afa9790a28f29773b9c0bf3c030c8b999723635b0c31849ba6c855,1,-1.5345734070217825,0.2622188312963426,-1.8201869438233376,-0.9289476612646548,0.26037291018109443,-0.9828919878184738,-0.271304024996574,-1.3091035073259663,1.1463387552758781,1.1535037600661433,1.0432650026480752,0.4611476938625383,0.4288866153829175,0.14298991329170296,1.3478894125767198,0.6618589485902818,1.4272387163451676,-1.423314112704197,1.884106202149913,0.7450884517906986,0.9051224153559959,-0.7891385694414357,-0.460192040081595,-0.44357628782404557,0.48522064051720737,1.6174262598394327,-2.1102336657800436,-1.1083382310809051,-0.5531538070870425,-0.72447178454104,-1.7204650062708116,1.4079360411464827,-0.45611209936190017,0.9985122941906533,-1.2508870045645377,-0.10377171296771157,-0.10911557610263739,1.6567225834709012,1.1499113971540236,-0.05788242512338243,-0.42244660505910225,1.274835485560632,1.633880349202623,0.3263277429003491,-0.14071690846161633,-0.009709148997267561,-2.3205981821068176,1.1283113403143132,-0.4065042088164187,0.4767114281632268,1.548113132025056,1.3535803132105286,-0.04874138732571093,-0.6279579322792429,0.33077479713043634,1.0439436317545496,0.5417689115503109,1.6426553328538487,0.8985769266188098,0.2281609213389475,0.7961092575153688,1.639001779291015,1.48687402868766,0.4772517375982373,-0.6354799317611878,2.711270168743308,-0.567133113541928,0.7038256454598043,1.460086621474891,0.10100486534372871,-0.11881192340794255,1.3267824851107444,-0.3894000347817479,0.5668233912549248,0.5916874249110886,-0.8111996631282837,-0.4240790369538959,-0.3259427617584156,1.4036478472884495,-0.5030071839245028,-0.848743499861142,0.08661516175185402,0.8228720255730423,0.0368528672495233,0.11993249462579586,1.6703179171811038,-0.0016243811853326462,0.32606180411388774,1.3792109333946856,-0.9572879705066935,1.2339330100924897,1.448488366192954,1.5740077431220159,0.07642488153090776,0.48802843847039834,1.2892697821480468
2e698dd936e6312e55823d5dcfc335123feca659cbec05dce4475e9cc11238a7,1,0.3206245958611462,0.23048286832547926,2.36720585345526,-0.8093239269172798,2.044826487131122,0.010991698454285465,0.3309748680613209,1.6627833062616089,0.7324468341272004,-0.22790943209450254,0.9492900672519462,0.9244877166407129,1.2195413942682922,0.6534768406419723,0.8283894098471186,0.5656856055011803,-1.5217043216318207,-0.3433185613902359,-2.2875144736171458,0.15466630413302018,0.8466655432096889,0.8958667979184652,-0.002566972878528917,0.47822490692966657,0.500007029377964,1.906432236620399,-1.2779657170751895,0.28227328479569097,-0.013684011523859008,0.5124755620331968,0.31760578242244214,1.035122870057868,1.5719289538700352,-2.990786496102325,0.7689009146936205,2.10022545291045,-0.009968264695798368,0.3066215123914714,-0.2555238313970634,0.16198133013909521,-1.3090585567482482,-0.40378296279498865,1.3321318483088496,0.6342145794201242,2.4100835037413066,0.8252359924688735,-1.6432922271815151,0.4814597476366414,1.081480174064905,1.8371414695584058,0.2966280192636784,0.9013138545638566,-0.12072181706890356,0.10575589517490291,-0.12238047697855485,0.8906096737076392,-1.0420474619956623,-0.25173499706103225,0.43356370542861355,0.3207104841969788,0.6290472440520942,-0.3689431310560346,2.4001919755414542,0.8096695059008363,-1.0854626901303912,1.151359454714779,-0.10457882535076385,1.6006790924798544,0.40562816636603355,-0.24547911707204406,0.7016080254084445,-0.3912014436063267,0.8976693780295989,2.8545120740733267,0.7251381734230689,-0.6572680848425343,0.9746894528048244,-0.16968015835952738,-0.09757578933382616,0.1145583736027177,-0.3383537097318178,1.7138231350970643,-2.1965961399494,-0.7662152101937757,1.3999899850046744,0.5100556718434114,-0.9970252046713773,0.2641401770938734,0.9909554368338513,1.2278876889917447,-0.36419701825755396,-0.6182263832167969,-0.36541632651520883,0.859211888186022,0.9152430604029849,0.1369237718063957
57756cb0b46a8b6405b1195b303f6c9cd86c50c49c79a78de337b02430390a2c,1,0.33408983790992497,0.25247508782370676,-0.5572404683362868,0.6041121813772122,0.05257539778519166,0.4052586303399003,1.7713280311683903,-0.17103531818612216,0.5686593619482749,0.8345306126196761,0.7171162892054713,-0.6393812708948512,1.2850072952406442,0.08759318279263983,0.8241991265425579,2.282565611547347,1.3030895642001583,0.14208800163375146,-0.30096561261129506,0.583311833089446,-0.24622423375355015,0.3727249199739735,1.2220170681938396,0.5710760490830356,0.8472027741411843,-0.043538015441782596,-0.37741293856745917,0.6377123825065544,1.4082718141082076,1.0451612187884591,1.6975796543628925,0.28000945668381383,0.7159841452967737,0.6793228730328496,1.5168065815503418,2.2127999828070175,0.5426250396228384,-0.7433002409743084,0.41150179435890716,0.7594518424145948,0.30290052003816015,1.861013147753896,0.882541481189272,0.7641552032436207,-0.1698939175420373,-1.033038017863225,0.3533564518575913,0.7860255299836797,0.1229876008017286,2.1733999943290954,-0.3427400028692021,-0.8824551351530056,0.40316709440085324,-0.48606555249438815,0.7184116984239682,0.048826410822434496,1.82271966138119,2.255889895356959,-0.054549218511568576,-0.7566172130064674,-1.2319161725130814,0.1386834487556664,0.16133254365003735,0.3296035839444267,-0.6639589246105464,-0.10617906016406042,1.441467583681,1.4290048553987267,1.1983792229162071,1.960935882227703,1.7301884941873475,0.11302182434045671,1.1985528026494892,0.8225277172785906,-0.8302071842011719,0.8273222424460855,0.6615848387060088,0.9010033231781556,1.463259835804055,-0.2570059570900916,1.0989609084557355,0.7082449283724339,-0.053414939760686175,0.29365665691663895,-1.0783866991928954,0.012431074191698976,1.0834887644557993,0.8658926229668679,1.1215180316628748,0.09510907059004281,1.318664910227057,1.447857321219522,1.2727675194661252,1.8199617121855747,0.261851382232407,-0.4551203334276955
f466a65e30ac02db734c1475fe417710c96cb289217d4dbf608f1a3000ea6f5f,1,1.1240506095805212,-0.895895641700756,0.31071612154483524,0.7279511923335605,0.0635007477857793,1.9237387981037513,-2.577455226282412,0.34825623646317316,1.493975527075703,1.6505482233627442,-0.5494441130381207,-0.7421851699110956,0.06259234438223993,0.14957115209476465,0.8575027729783808,2.3975610205631472,-0.32607755715169384,1.2837343262920766,0.13017935403893777,1.768986182764762,-1.4867728637134636,1.5293848820571387,0.9174451754590848,1.368186576059748,-0.33493037930077607,-0.6490783002288923,1.0742709174552616,2.0547517198085172,1.2299651591602743,1.1372741480630282,2.1069134213121994,0.37957837971013264,-1.427787055858635,1.3697384059633715,-0.5753024089963821,1.0885014426055133,2.060062333938198,1.4015621876059141,0.30529083473135277,0.9552462119554134,-0.3848209311449438,0.17841660319907934,-0.42606061228274883,-1.477391200764483,-0.19960342468183734,1.7445491239205466,3.397209893293338,-0.11289597013711045,1.4667915096238766,-0.11577702356088704,-2.3215632985020624,1.184971810319057,-0.26870360995158443,0.19144924158301002,0.292814298108948,1.0649747161402834,0.08189681002629995,-0.40222946591136666,0.9235972756050496,0.5307034240776458,0.7921561718770669,0.9496150758514817,0.18454184924722872,0.957342030340218,0.46471488805676286,-0.4106873735146661,0.8123659821774748,1.8348283203827227,2.0567204614721586,-1.5908229073663995,0.39801857765506476,1.068156500003746,-1.2740185786143214,3.03405308380662,1.1507554690646364,1.9273475683711783,0.1728645306984361,0.7150895958243857,1.1130352183493775,0.45823457031101805,1.1974747342859227,0.7888619146050926,0.1583071945608034,2.104218710181015,0.025273407497167777,-0.792439582766991,-0.3760782568596317,0.8626628383910804,1.4018807379995066,-0.573766887349886,0.348432424209776,1.1719673388295915,0.34403498606703053,-0.12361887986339093,2.0370708306675835,2.1745678553361127
d5d10253e6d2b66117982758bfe39eec3e8f23396a011ea76f769ce27cc3cc53,1,1.2306482747002039,0.6021783896872424,1.3986501696057987,-0.20881610562254505,1.7442880024306402,-1.7054231487013176,0.011980327977855199,1.4696328120666282,0.7918832937484253,1.7391775854051024,-0.48403978740158826,0.5511821117961659,1.2355394976343232,1.5376181145464636,0.44931917482784056,3.1206827310577716,0.6117991435335234,1.5606212924036975,1.8399058990537487,0.38343877812841676,-0.8499666267782984,1.1719708924505061,-0.5348360495873736,-0.22856292076527832,0.9418316336788207,2.200722840660722,-0.9232058217075266,1.9037269376001338,0.2186236426371998,-0.25518399485785925,-0.278483239675515,0.728097366763715,0.29264290440623364,3.0714792528852684,1.2388902720708375,1.744106663579124,-0.06455918507839448,0.97273434630642,0.17496000081614987,1.6671353457005642,0.8125434382701061,-0.7221148222958775,0.12825970410913462,1.0612248062023335,-0.6219120535454177,-1.2004350100048617,-1.4733475198899002,0.6815556852113689,0.756431587013439,0.21856598856624493,1.0766606621149994,-0.7732771991863127,0.5752417154956435,-1.2843276260871845,-1.9662923556216785,0.37700247459396763,1.5970236982116637,1.192792388650308,-0.22846917399065636,0.21033132684812017,-1.5961129612952192,0.7021340085652723,2.155620419662161,1.457399354275508,-0.8132049123479403,-1.0664362457626608,1.7672528232011153,-0.576549033121006,1.2915425035251225,0.1897980702442194,1.269465152215829,1.6892268658026568,-1.302060013939252,-1.092759851723676,0.5262144044592162,-0.4732556554682099,2.2733586827346914,0.47464781424956765,0.21113672018452717,-0.2797793044808641,-0.012763506502323774,0.5555926091322124,-0.15325514005259228,-0.6658076402854565,-0.019799766256392792,0.33098353926288737,-0.30519217433742435,0.46855947782797347,1.359193944834718,1.1114078129439577,-0.5580404545174288,0.45209542532886615,0.2728828506674332,-1.2229316012505351,1.6474442306324935,0.024750231138666867
4a4065e3a0c06d9dcb2943ab1ba67c9f8894936c6aa34add255f7d30250a7118,1,0.6202606278942884,1.1946019834618637,0.5682621605401108,-0.20270798726114758,-0.8579813232319867,-0.5407445454962112,1.8472063723314835,-2.261184354315108,1.3991356666020702,0.7318455011353163,1.6377626683297808,1.0011956483666564,0.5405151202724244,0.18660947708228698,0.8664337747670616,3.064034826540189,0.4991878552882198,0.4180686027342944,0.974686069908866,3.0615959019166135,-0.1768880866230548,0.4029175304130172,0.18317071611967584,0.7120963522036898,-2.180416927203929,1.2099148755772386,-0.16115743364662194,0.8008655354582008,-0.700183697305647,-0.11015532779683612,0.6186708963619264,0.05867273251715066,0.1499444715109734,0.3338385426849676,0.5552927997962744,0.3620245215439746,1.1580645282818613,1.5624064729193994,-0.10424983406432808,-0.9474618754197807,-0.07099236860689961,-0.04689302541442719,0.6394058194583963,1.1183079901715283,1.15958366277744,1.0749994113383543,-0.016060586596874926,0.357730951125917,1.1758876190562018,0.7475224276306623,-0.0344062721462392,-0.7987031524224015,-0.6567829030660215,0.010774829213925113,0.13880521718499822,-0.1180618627180049,0.7723722235625647,-0.2921540335752543,-0.1715200528098964,0.6398814750278644,0.48079499332070114,-0.9275674363243613,-0.9160284913804927,0.1962938131636328,1.6649136130095126,2.8665878941433114,-0.4528145951501426,0.87004387818349,-1.2184331169958817,0.5916168982499638,-2.1677968775273646,2.6748684849545503,0.052533441520141944,2.2630559228217346,1.975817037721209,1.2332832797300444,-2.387236978858449,-1.5542459140091407,1.3650340393021403,1.0928387213602564,0.4075263864107809,-1.2526534982230855,1.2273469160562316,-0.42709469789833415,-0.1986104797174339,0.4742730771693753,0.10334819358190073,-0.434206744855694,1.4693913444690965,1.3299838448876702,-0.5692832625216232,0.19474878329570822,0.7896532070600992,0.8358881018273343,0.3291900327639986,0.4398074019329399
d525f9625222e5f86aed156c48cdeb3f1fd01749ff9192df3938e364c7247350,1,-0.08946454634685419,1.233807552516621,0.705966919538629,1.4493692772340965,1.2412150173415828,-0.26215966142266733,0.31079980540891444,-0.5354624700468037,1.8247549859767564,0.38780788753613515,-0.14913048733341067,0.07621317935164318,1.0033021415392147,-0.40524197504141524,0.7263025727760519,0.9380575984610389,2.493270444254448,-0.06712846793322014,0.9054313089354178,1.6689378507944141,0.029378779289828016,-0.6795383628174185,1.1742634608503832,0.013747399743891275,1.9178206689355837,-0.801447260427079,0.19865370957746992,2.635655638627786,0.7441325683607461,-0.4654679937071027,-0.06954772989017578,0.6314608305441464,0.18974321451702789,2.2198948538264203,0.3638015341771868,0.7410981703115918,0.22824481383254352,0.07498687594004183,1.3324461473462348,-1.144678920432233,0.765377836899631,0.7133824479953065,-0.6004575965229528,-0.29264393383839127,0.6822209507091448,0.16923819548543648,0.1688932427917541,1.588359751535917,0.14632168858115308,0.1108870205450645,0.5395627831377973,-1.202366579981481,0.38781750613566135,0.6881701507243743,1.2730705885577063,0.0747727358914625,0.16256991628463413,1.4872773669750956,-0.8280421228945936,1.1684522894350715,0.2156393913316391,1.166282281132913,-0.12502523789189124,-0.4437881634613623,1.6523393842625838,-1.2267989881007817,0.09838659766400447,-0.08597836737593434,1.0034527987193946,-0.10575483883885325,2.0082877858408077,-0.3824312185206882,-0.8991536787794598,0.4293204965712406,0.7943433099859762,0.27662021036879525,0.09587406000268234,-0.42845720406574295,-0.32012895905635563,0.8060697932688944,0.2450441613502562,0.026773589731788797,0.3399402063204612,0.16505919175934658,-0.9396923717132653,1.984680545671817,-0.09479875333726967,0.38964961780893753,0.7027597516927859,2.257444515715468,0.39972063747151765,-0.44951735416919303,1.609720777555924,-0.796225921828592,0.2614933259529365,0.5141203589856007
ee566beca98845d526fde577f29ad36582ed1ff47dcc437cdf29f9afb19c0383,1,-0.2681203594409788,-0.5575177962779494,0.7014003953104148,0.5887991377259488,1.3229895542153602,1.6341913785849504,1.3595103153971952,1.1106847133638729,0.6204809131961873,2.5497366406553885,1.1659371809153607,0.7174490627032087,0.1315601349899997,1.1315666286699542,0.9705674412038576,1.8389428505005578,0.1545410224550833,0.9735368509441058,1.1071996434797002,1.5716336999755698,0.6908637879544473,1.0195796996973365,-0.29415486188564194,0.696398659182086,2.061232262042694,0.46524462109545783,1.8099887329248705,1.0183136712543972,-0.676702638696286,-1.4687604025708385,1.2956302986463262,0.5488566101551856,2.9100944397101496,-0.05387230750258301,-0.17827326656645803,0.017522357259546983,0.5841816204310077,1.7321017898227689,0.12242174160589855,1.1809195226261777,0.4067722657713362,0.5818689214660892,0.17978826394499725,1.0929708744537967,1.035480637809297,0.8462605585059757,-0.6898982419182721,-0.7633449708173943,1.326554940974849,0.103088306286612,-0.19801664257637897,1.8550126651805696,1.3080204669878182,2.432956777422669,0.9894619117348112,1.607860113708968,-0.8175018878329425,0.9159476144412708,-0.13564314296613267,0.3985697234715498,1.4367767446790738,-0.10242947635093058,-0.3121106246803212,1.5039780436020616,1.6584450638383976,0.16736852149518164,0.9047138932855676,-0.6634294121649582,-0.11010835928283352,0.733714548374601,-0.5419004997535879,0.13738215854267796,1.2654272808554592,-0.3961949815155842,1.1091251234864967,1.6958728603650766,2.0540890071940936,0.8093293033702409,0.10701764635383663,0.8624974989713972,0.4442495084654723,2.1783926447249686,0.39848975164830014,1.2581587792446929,1.437963526037902,0.49723972505481484,1.6562540552625298,0.49882012963991396,-0.4750556027799112,0.5901485867072009,1.0395039456053206,0.03691674197953265,2.0729204569351563,0.732259455259878,0.950617929802808,1.2956613737308889
79b8f959e61e758a830fc930be53e9f4db333360e3bba6a710616bf17f26b4f7,1,0.6435626654078119,1.1573351126453757,0.7754197688377772,-1.0524037757997644,0.7928787756894984,0.7835516654209235,-1.6566906215220971,-1.1624076668988554,0.4341435523780727,-1.05787403468312,1.1482004811366582,0.5880835692305278,0.41787621382951046,-0.8434858391330708,0.6307135407703321,-0.059083466876004326,0.04376487600835255,0.03687221297903767,1.5096487921521153,-0.7042945340838507,0.3437457641618778,1.262108552491213,0.7816859135540255,-0.8255202860520675,-0.6983040758043008,0.8126717077884824,1.3207542036380333,0.015654454453318145,-0.09430986443212838,1.1968775701494143,-0.525188797011493,0.0578673220295749,-0.7006589470784137,-0.7634892015051834,0.44616057659802544,1.4675206710222732,1.0500677629607948,0.8466555055126717,0.3835185272986962,-0.34289129858522577,-0.4045082230183479,-0.7341610522911368,0.7025466928062688,0.9528848161632945,-0.36693464654759494,0.9868796816664467,-1.8015559423463927,0.8224774163944895,1.3496461510726916,-0.08356340150805969,-0.10576839615410383,-0.008900582319208483,1.975066367524021,-0.6798950376700147,0.014100450070043069,-0.7871731896269298,-0.7246694440805818,-0.2369548310290138,2.0141459995751676,0.16727422441521958,0.769458694810356,-0.1791006544234034,0.1569319319490761,1.2354086191104021,0.7605806538469587,1.6531089195492747,-1.0934522576136891,-0.6160911432030001,-0.9668004256777281,0.5507087033024071,-0.27866815362268277,-0.1862220180588845,-0.36826514274892536,-0.5446214805495847,1.193672663275237,-0.45411810510487494,1.2222171240998003,0.5653444479175543,0.2673189552083146,0.05899070394200073,-1.3795597935795865,-1.4991530706077514,-0.495681695035461,-0.7075004016880517,1.5427453766237451,0.1195233290781221,-0.11432875142319499,0.9804642602395303,-0.22678311628946426,-0.8116955684904401,1.9007113003665046,0.8543446223803515,0.3926525169857671,-2.3485778835239675,1.4787789983372528,1.2074159271834233
16a0ea0910b90dd1eb76ff05d1e6851d21105de821f2246b64a5d8733cc4b81e,1,0.32437144792913103,-0.6538888279839259,2.074789108088221,3.1059590309710665,1.2616637077651656,-0.4912093468009754,-1.1518098694393195,0.9927209270722055,0.43622187826609793,0.024592887830030552,0.2057977555890292,1.3751846991682255,1.7499463432930078,1.4364589734879831,2.3953257483861683,-0.03151258910182239,2.0533769559305246,1.411894681586076,-0.7517092880865849,-0.01863052771363849,0.6866354886299502,1.8549876690399414,0.7588612373849868,0.5671634783902664,2.127052583398528,-1.1377884079147322,-0.3367420959461031,1.3218270888722459,1.150852790982995,0.10878109653794038,2.168147868479549,1.3965539763649353,-1.5785570102232716,0.5257305965511758,2.636086339260318,0.8818408755898444,-0.4066263054817456,-0.7648644903884209,0.26264535270838624,-0.29781458351861245,-0.3587655411431365,0.6770499923445462,2.757223475127981,0.7393965656581989,1.1816943539110654,2.4656480907184735,0.10442439307881596,0.4614563496544767,-0.19310247558950097,0.8017932720328972,0.6293913023237356,0.5673157309691862,-0.5080044525988792,-0.22209658708669144,1.414611930295259,0.3739980352979374,1.259368176450044,1.129342788961094,1.1388532898392782,0.9885094061631954,0.9799987993459129,-1.182343710026602,2.349710383903145,0.05494025409850317,-0.06076364882305979,-0.21066071672066916,0.30029936991739925,0.6573328228255993,1.2966315454041186,-0.20729364561583075,-2.2676664266161426,-0.25896955009608824,0.1647883053724465,0.8412186942175575,2.705541341283624,1.420485553820357,0.4350501864942975,-0.2905189565415821,1.7036684362256573,-1.4483933299075031,-0.11691425971261249,1.733257690583458,-0.18827559834472968,1.8533380708680767,-0.9502014305372755,0.2335781209714906,-0.2241178603315127,-0.8384006887955323,-1.002339619874811,0.15502890196707944,0.33373701289424473,0.36733269659389023,0.9120594163162623,0.059512912299044124,-0.005369565398581466,-0.24474415951733364
3a748ea392a6dc4bcc11763535138597d92da2d60b908afa6df44a890665161d,1,-0.052467443763790866,-1.0686611714532375,0.9408576530680856,-0.1941549232158586,-0.3590699302354746,-0.21681103375000726,0.1946625998266681,-1.8691804091590187,-0.2261628700659358,-1.1519553739058819,-0.2932876312711915,-0.8028312018292473,-0.20423953407990775,-0.9041986283906588,0.9864776817962109,-0.44515437388635354,-1.0959761622732462,1.832920917400821,0.4500319104634246,0.3216693660433827,0.8720316291429552,1.0651518689632107,-1.3911697821513713,-0.5524225894480741,0.05282844359963812,0.024693757067306865,0.8104015773386036,0.13998129438851353,0.056869129825060705,-0.09695775417678609,1.6923670748743334,0.34450002324891005,-0.32161092985125417,0.027660197027727776,0.4117049131336874,0.4986698160918133,-0.24560419127659736,-0.49375091828556417,-1.5020721836863014,0.12261765001083574,0.6085392778994956,0.7088992315960103,-0.08639786895439205,-1.225056501982263,-0.6045429528702206,-0.7465657658431555,0.7189559116682058,-1.8367681602352892,1.6253493818259324,0.5167777734448901,0.08166436344646694,0.7504131212743548,0.35949135543931104,-0.3413426939928041,1.0997417368892446,0.6639274161778381,-2.588311489920361,-0.6432060910512056,-0.26388180010031864,-0.4540701058746133,-0.8283560337649317,0.7041525226200126,2.586301833506368,-1.0805283283559775,-1.3570936847894448,0.7223695236101337,0.35969597022652855,0.7098785169864067,-1.4563573561785295,1.6096302302613474,0.07837277069987128,0.7380314914384755,0.12847185193727959,-1.5133023317042698,-0.28573859953234576,1.7390059215305231,-0.4070229016274092,-1.1526636875268061,-1.3442937776572024,0.934877677604055,-0.19372838920242264,1.8375770258859578,0.82892985323518,-0.44506190333159146,-1.327225787885566,1.918334857840498,-0.8501995061116308,-0.2451360642762777,1.9565078402272045,0.32614866921862207,0.07587256376683257,1.5804002277933848,0.3130070313305002,-1.5550282570463034,-0.1715883421608152,-0.6646893561631864
fdca82c96af8eee9feb3414eae2321ff2d1e6e6d26a2de6a99953befc3079a46,1,1.5475155939833998,0.6862844459413954,-0.006596991325746815,0.12064776814632533,-0.27099330611637895,1.4708108452585535,0.5324367561999745,-0.5727548642135992,0.36320309230190206,-1.9586258327980608,0.3131343459380209,1.900924540202749,-0.25620732851054984,-0.5417315206925448,2.1745419338421144,0.1920543831188738,0.05134875475192979,-0.15834241668591992,-0.4167982629652746,1.2559425966799462,1.2355708612532097,-1.3678448063705813,-0.6167354251615317,-1.396831801878788,-0.826198906455931,-1.5500381270335706,1.0279298469234774,0.5540571700347066,0.036558603074675455,0.3193245011639256,0.055832645819117496,-0.3375919524768503,0.32221931216406285,0.03739740174932901,0.3404462120723637,-1.4002067032107954,-0.5335467123083338,-0.04313401088716309,0.6820723209690387,-0.2682141931777111,0.41658279092101586,1.4043863154492022,-1.7034355914011479,-0.7394495059095507,-1.1453530580259712,-0.559402606846149,0.25146764258791476,0.5786725900219947,0.8614189929705935,0.6657951580063962,-0.5596939329890511,0.15175863079033614,0.16035548936156074,-1.0938058522617742,1.1291435994083516,-0.44960679922373503,-0.9442813370242149,-0.6787128062237883,0.4034703513307042,1.8367220253762642,-0.5915811564792816,-0.10918476241085955,-1.8244346437801282,-0.5786959805818296,0.0434938334217238,0.10446091600570762,0.4360261354190522,-0.26582330474248617,-1.113526019896082,0.5921219363559027,0.6588220836407461,0.32138782496169416,0.4305598983075806,-0.9495565681640913,-0.37733668458336467,0.49743023237858774,-1.4296615024647057,0.23691314218835102,0.8674748091472546,-0.060517554766353565,-0.6477882539209511,-0.8868773690698426,0.4723254054474529,0.0813107631211159,-0.4763434449733563,-0.5814230181413899,-0.4543379099830205,-0.014452085089849465,-0.05272478663052832,0.9251031997740147,1.0377946335081583,-0.6950049011169295,0.21014847553115507,0.9385198630739564,-0.45755561250270127,1.158891807914143
782538630a2b980bcdac841b3282490e68dc9723809f4c555d5c29a0f0da30ca,1,1.347733412417735,0.3940963932365569,1.0444128584881316,0.7629647946074334,1.6455911926022386,1.9920992734835954,-0.03620585818418259,2.9308321763445577,-0.38476923205216473,-1.0910482290963506,-1.6427090032718752,0.7519246617857496,1.3436541108135907,1.0480791694758094,-0.020139844585301825,0.8415739480784248,0.5649796005611725,-0.09370252484007968,-0.06056295826114261,0.8073311559069267,0.1341293925776397,2.1294812944730173,-0.7585611384719869,0.9112514711671846,1.0220106874899384,0.9303945519174053,1.2325782038057072,-1.0938714478345133,-0.16628160840902773,-0.3775082749953368,0.6815242702881945,-0.6409361463650592,-0.24816826920188895,-1.1062662797382443,0.10904686144612885,-0.3621667060243684,0.6695450579885807,0.4136819551989893,0.5869820180587908,1.636453579529773,0.2605894338536904,-0.10676628744074007,0.1904595340371087,0.8325156834426826,-0.08629095246654159,0.7442410459739826,0.9394135369216292,-0.27663362156333304,0.6496394735743556,0.34531520636975555,0.9297151315550107,2.061676331272957,1.6759962563904307,0.3677263099419012,0.4993055850222634,1.2470173728528815,1.3311756442003098,1.269863940388565,-0.4917268847051345,-0.3228096102714794,2.1436610553923825,0.5897343044157055,-1.3948024692931367,-0.09954652798499627,0.42013104550118774,-0.7092682212792534,0.7728882969624833,-0.8788915048869985,-0.20279460894142431,1.384624752789542,0.03632008818107968,-0.0016256582004998688,-0.8353349672565052,0.8381663143120418,-0.22256883560668134,-1.0741288254158148,0.10514201341109954,0.6157761629886362,1.7822533700945389,2.130419720608452,-0.5270888593469868,-0.9595715070065486,1.486246712863025,0.4241511351433205,1.1036667613071338,0.7488919508098797,0.5894427839368908,1.8743553526053354,0.13657083045718632,0.03200451533786508,-1.382840419186481,1.4777603046673546,1.787447424700042,1.1336795935026962,0.8956100692183913,-0.5379543117824663
d39eca93093beb05cf8f78f90594b9e85eb4fec93ad63dfa35cf3b857fa65d02,1,0.1447636438800502,0.9830382099326453,0.5512097433585793,1.1813399844553552,0.5810867328542831,0.8422003920568413,-0.4929428022521434,-2.317344770044337,-1.1787031744593883,0.9006175106891248,-2.6144184700344586,0.802719950812931,0.3257837381772301,-0.08348053594629434,-1.2847742749487923,1.4636975709530509,1.7648517570315128,-1.081090718317956,0.010590849358287718,0.9978155547529786,-0.35187336175093575,0.6771955324028212,0.615016142669797,0.27800285064128605,2.459974798531783,3.1199050442266216,2.456288668267513,1.3659482257006084,1.3101378804945076,1.1109223476614558,0.16014661008073094,0.6455215896310178,0.9210272283384994,0.3598380604765091,-1.374313653280372,1.3150467866590876,-0.7956503269389811,0.3936593623783726,0.32668299431630166,-0.3982170474112826,-0.5298747409044315,1.1449251968369607,0.6298315208674063,1.7441172232873265,2.9392614303029907,-0.19271431876013967,0.9310058823482779,-0.26641889810900965,-0.13295196431501882,-0.5699229257516074,0.2253655304584668,-0.3350354429893659,0.48056059126654704,-0.3289168535131032,-0.4696646027314494,0.3279447635968848,0.8800017098208599,1.6132675563354342,-0.5428531697897558,-0.07017580933855361,-0.7476466293987083,-0.10291148353044371,-0.09944414031672794,0.875544221849967,-0.055125943164751084,-0.037020767022629464,1.9436366010412613,0.700452638464762,0.23317210154642753,1.6989371739702843,-0.43493048215089564,1.4110435283397489,0.7974553655234218,0.4496530028478208,1.5155114542252495,-0.7955422187996867,0.39799153824706823,2.0389876831120044,2.1325264166339273,-0.6348981996236299,-1.3168199609068558,1.015885349110355,0.9737958230540606,1.2725593965263704,1.224544459716328,-0.8948920226870916,1.7364393823419808,-1.7435436700711178,0.07309592598584871,1.426098330495499,-1.7914691751635046,-0.9344141931664462,0.37473242755352376,0.16384578893894364,0.8988671209242959,0.049900282632302034
56ac25423cfdb1116b4772fadd158fb4079efb8347f68d356020ac1a63a6d9c1,1,2.235668234490692,0.07137638948995773,0.5018909720378071,0.2598733489245758,-1.7555804687057153,0.19528926390637824,1.00144420096946,1.1813695369778872,-0.6643975030863272,-0.16123004801032065,-0.7205703050988068,0.021360063967026804,-0.800522002607509,-1.2163244657680923,-0.5769513605929459,1.5007283716909077,-0.1266105957781215,0.6683924497483418,-0.0597710758634169,0.531881454828834,0.11268260860995272,1.1535982821812496,-1.016460645735677,1.1646542944402096,0.5548695467219968,0.5715011856510586,1.5873297997209292,0.7275095578256147,1.3124691805620843,1.5358912977462695,0.5116050679694071,-0.9029247396284706,-0.28549343491857354,0.7259345083999844,1.754903254663712,1.3109548034806617,-0.889695905891565,-0.874708547574752,1.6432574809816627,0.49209304733813924,0.5065559591830533,0.9233657402156059,0.21493696798253503,0.45839377825525374,1.3715377929663333,0.24823230472854363,-0.009785220693649288,2.355963504895906,-1.3095750890867506,0.7276552657817223,0.22429779540042594,0.13981133144935676,-1.322704142579513,0.2899253156566936,-0.8796821627781333,0.6361673217849138,0.30855994356487493,2.19810859613096,0.5552030155442237,-0.11719555992292552,-0.24623871515970758,0.5111094565042578,0.2407784594177551,-0.5698594565594038,0.8053293565711953,0.759572071272111,0.3063176715755505,2.056290684796076,1.3645539371251396,0.875957057335724,1.5739083635430147,1.1328841075246403,1.5404329480685788,1.3019383065943309,1.709295887815754,1.126465064634866,-0.991393083893191,0.4672918173894961,-0.9728319509373919,2.1168133842945065,0.010499824813463052,-0.42735428351278393,-0.3585572752763326,0.08730138811684252,0.01387614358437278,-0.26206178168285743,1.2753944956140897,2.037971754709057,1.1322981827100729,-0.7877991995812503,-0.12917674642793514,1.5165973905429422,-0.7278533606087149,0.5524782802074699,0.5227953848917211,1.1353619308038418
ae0cb143d35ff0ed2d28bc073546cba64d868717b693ad0b8f30d93bfb9f691c,1,-0.0033461933628181895,0.344146218741098,-0.3580736418678826,1.5850441304685232,-1.310279068928505,0.11881890924888872,0.7816451282368032,0.6248293680750694,0.9024157081252484,-0.3634990889804479,-0.7145942499344853,0.07162591860301493,1.2896958147116881,0.4311948592611997,-1.3012294908845743,-1.3490319098779935,1.0997946549205158,0.9249390093056491,-0.20671437671588405,0.3901906251256443,0.0946142917861788,1.077785933934681,1.1763504335823327,0.9312193018952862,0.36544077787600737,0.2545471754261858,1.2991742630758907,0.167788912431029,0.020853285519481707,0.2134584098363344,0.9316639977174227,0.4714147292631682,1.5919918712337104,0.5291145945616089,1.1002467527907935,-0.41197246346726213,-1.1099482839948698,3.326927225164472,0.6304469767661951,1.1385721816380614,2.20232852820279,-0.25352352866408095,-1.593508922859249,0.7300322960979608,0.8661606664026845,-1.118720331359791,1.2959125169154377,-0.7172844657401377,0.505724888159308,1.3522112307196195,0.41607643748897394,-0.5723192616275179,2.4894971548990354,-0.6567966681249875,0.8117859196114285,0.6152209283182587,1.575609477374189,1.457673501391144,0.9614371445912209,0.1455018335498755,-1.420626062762395,0.6401699218534876,1.8633672533682322,0.5859077173341201,-0.12027519557837629,0.7779953623842503,-0.43406750806528693,0.9262882911310573,0.9338773393938256,0.6663996566420688,-0.04622031121377032,-1.8685343193402046,2.260576638152444,-0.37269963874392337,0.8147441116713355,-0.24914231222515704,0.32687564011086123,2.3594331999844904,1.962884483400936,0.08985061668221406,1.503346904021278,3.302890981407465,0.565420209740032,0.7699709428718009,-0.005407905309957273,0.974710301169436,-0.0023293799376763458,1.4915455708823084,0.4972426551088862,0.13532992348889628,1.1485618339791368,-0.7228061405110624,0.5852768702365565,-0.6047629659176827,1.0085609349253462,0.5580949400641773
c48deb66da2a1c866b68b0aca9ef5f9d1ec05cb4992705dfb9466417ac1ea438,1,2.3581484058821687,0.7273507346561339,0.9055758720174796,1.6142820698567144,0.8571733919344868,1.2253612570632968,2.7705680492178413,-0.2980370822722578,1.860818146683303,1.8709608665117516,0.057063381853684536,1.0110018678849197,-0.03218833697447408,0.6809504458092022,1.6578417546228135,1.3787707473367263,1.4237314541635337,0.0477360090917297,-0.30657690635892226,0.44857066427583403,0.15495895236788165,-0.032926260200169366,0.18347348365263838,0.9800845436904022,1.2857045231659412,-0.09700153868076222,-1.4299747041239312,1.5351901966905497,0.2768891592333025,1.084370560199267,1.3077602494605167,-1.4210952760356887,1.1369228159739,1.3121736450617192,1.112462903662185,0.9911245527348416,-0.25775279112927213,0.20663789167641736,-0.7544086199415925,0.7814966845330992,1.6232772366507962,-1.2658505948750878,1.7044067706836656,0.5378332919258132,-1.2127667300901885,-0.4380431862068092,-0.7154326328707341,0.8105716523063249,1.7361250554513326,1.9433448537657423,1.1998667378696561,1.6593341899790484,0.8291312577657663,-0.8110029106916016,-0.975750814207384,0.6914107166403636,-0.7404103106169423,-0.8304980451269872,0.5843224560388969,1.545402563087958,1.562179351771433,1.4075717238642027,0.3475467759536529,0.6159400442935533,-0.2360601431670795,0.41099043438156146,0.6665954942094303,1.2530810337812262,-0.642380735964676,-1.296940604517963,0.25974028448616615,2.4150963714636315,0.8522130960626395,1.0931372343392458,0.39345744200520116,0.5525557774977794,0.7073854298042076,-0.01700456356854607,-0.6177066773760997,0.7696984320984775,1.9158514034949445,-0.275745389391009,2.122848430360975,0.34056853183955954,0.9351173965892482,-0.3796296441872892,-1.1234822301822447,0.3632387418713632,0.042269347070455154,1.038994461302189,0.6954598118489972,-0.6877341653533885,1.3100191639977292,1.526418730155112,1.5125498005389892,2.063765174666586
8240aec343b44a44ddcd1c2b2476c80a07ebad64f95f59a3fac27aca58661160,1,-0.8449355463797998,-0.6643829693926798,1.422987024570485,1.748628642721009,-1.1185471470462482,-0.46807675883157374,-0.7671814832645044,0.44388038285355874,0.28405020899814987,1.9405740219541585,1.6053738239797766,0.01229547325114122,0.17173784932332492,1.0931913835369966,1.5593620864886728,0.5643801558717114,1.3379524997739347,-0.4062882209727749,1.0150534507333426,-2.55914047816301,0.8682227743719606,0.6521558015603627,1.3386604341588393,3.3181578619768226,1.4761954759554605,1.6621887849186057,1.507954009767034,-0.4079283213944607,-0.6865728462871634,0.10913771493282765,-0.8639069669638689,0.4155710154181588,-0.9680131394853448,1.3222083412621435,0.1724659359817063,1.38327764771112,1.813371901390858,-0.2979578729606891,-0.787240660442782,0.39121905633779797,1.5230013522843913,-0.09086535638908244,-0.020568315609425403,1.8550260588583742,-0.6028776021145391,-0.5065817203867495,-0.9713964116566534,-0.38372470806831743,0.8216113088765636,2.081480248016882,-0.9549584798751144,-0.5167103905725265,-0.8235989366582974,0.7712600945859871,1.221834687035632,0.9723800035360362,0.20170311547367997,0.3867463355857198,-1.022673963817015,0.14330413775182893,-1.0863739881365055,-0.43148884981524793,1.370362475298523,1.4945364794626663,0.005012162118516017,1.429645152090632,0.8299466656294876,-0.980476778190303,3.4502320803029085,-0.5472491747033457,1.3313571886676148,-0.07389834712945703,-0.7372815307895328,-1.1223817414183797,0.4610285258388132,0.12767689116729064,0.2492187583455332,1.2736473409233109,1.342654150343248,0.08292840566380426,0.9870539072935467,0.5617087630711439,0.9367300290389622,0.5051851273389626,0.15178141293007275,1.199169966349369,0.9364495472062472,0.9138700550520554,-0.4101777888073761,-1.033838891026667,-1.0395316198470899,0.4686803193140179,1.8088965763338725,0.6524157289394832,1.2826491025064688,-0.016182280445893205
932dbbcf4c965c27d49178d63338370bed4782aca2c9f35520a8e2739254505f,1,2.4170621352584307,-1.767695226388887,-0.6706341217199134,-2.63381752692528,0.6644918660178494,-0.8340829914498564,0.11298022813488165,0.6925694925960061,-0.9855253630344029,0.109215323534095,0.36533101757991787,0.6101844597869013,-0.3933751993483197,-0.40499870723967707,0.8937406696064105,0.09482286152942024,0.567963490947259,-0.7203819734121575,0.8285513335819367,-0.41102894128317347,1.4753833071132632,0.8800994333265174,1.0050048704572094,-0.22423139406604237,-0.49667975872362924,-0.80564662120349,0.30318437231505735,0.2143248205168355,-0.7276958226918497,-0.6740754623133418,-0.22541236267346665,1.0650621955114454,0.5882670294718317,-1.236535472309931,0.561719837768028,0.7570326364114921,0.7579348763479385,0.8492157974411569,-1.5380159241534792,1.616849561517045,-0.18820422708230733,0.8897999616224825,-0.8527876709683714,-0.12101598303484432,1.686626676829154,0.17443690188843453,1.7048334103671008,1.7935975820759253,0.5248261126291827,-0.9732507805726773,0.3691824185022147,-0.3795077417550904,0.8474793313484594,-0.08288081933694824,-0.8096815240806665,-0.842329812910841,-1.3824679680678575,1.27872011871601,0.3621683450722888,0.9546925818971075,0.32074194416980817,1.39741346726377,0.9473839149464411,0.21600417664348157,1.279658416498703,0.3955326075038484,0.7059243106552177,0.4013694996955998,-0.3734020156242933,-0.13908484024809498,0.6052662392885999,0.3889951407195301,0.5464399609909012,0.027309684112156833,-0.48051167232997566,-0.11048401239932654,1.22023869869831,-0.20962991233465128,0.1154812057654616,0.534594990904173,-0.6437398211693757,-0.35190827613214615,-1.11368535587987,0.026233984984206205,-0.08061261425251204,-1.3652961508903556,0.4409004800389222,-0.16358834271819866,0.9724236827813177,0.5907957253342375,-0.5232985765076459,0.9106645710922474,0.8106971216642118,1.087708358860469,0.09394127873597935,0.833601634527906
991016fc240a051593c50817be27d0cb6628b8efa2c9750d0336522b6434b736,1,0.3245973066493337,1.1635723581220958,2.1970824888561795,-0.2101773724620558,0.2974828416635409,2.177566778304832,1.8951340811096151,1.2598115139540311,1.255202846374561,-0.36593100777195686,1.6070060063854288,0.9942099128866808,0.8651072588040807,-0.6028496727320163,-0.12473606009762478,1.1702975760955627,-1.4449818628385298,-0.7844108906645489,2.5542251593798495,1.0777837713514526,2.0019105762287555,1.4189645349302222,0.9157004951245176,0.8938552155306309,1.1502821189775503,0.19752897923361254,0.7056262388905814,1.8225847860305906,1.2890873134408936,1.0068564825430486,0.7523782777023071,1.9992558583890312,-0.8218155986690548,0.3966539477507522,1.0551693220489546,-0.12076227074264051,1.8117383666315978,1.3134772567770052,1.0647860455207776,0.025089890835305884,1.0004466449948906,-1.2322651316518862,-0.6622649072466049,0.05239073879251567,0.5407262864876284,2.8797908121894795,1.0313902299581512,-1.5328494002085535,0.962646238258912,1.110503209375929,0.8316613152062867,0.7376391018349671,-2.5986316192302894,-1.653330129135021,0.1876948514491168,0.3652134546583498,2.5873424043139934,-1.165608902812403,0.7401362706662191,-0.0825467713641283,-0.6348612469886193,0.9262517377551309,0.7980571315585587,1.8290139179119536,0.41952864661996314,0.6608186746721041,1.7113078278510356,-1.5838113813762518,1.6871004569485804,2.1836976838937456,0.2690670295598113,0.1667371279218449,0.4708571538848896,-0.705367096120698,1.8503250043952246,-0.28216937079305526,1.3703626696669757,0.4956761166873962,1.0579529391957148,-0.6826968906331305,1.9070178214261224,-0.017981755308961844,1.2778248200825366,0.15838496661930163,1.2158973050075732,-0.2250331957119771,1.0989557601514486,1.1254308488064049,2.1778861703175365,0.4071392958492515,0.6675844800332147,0.03414269783094703,0.8785017341327092,-1.7762581268386501,1.8442815251962257,-0.3936710858931665
3e7ea5c39fb573df813b3d7db10d840647cfede8cb6df14390d574e90d25d982,1,-0.5385216790680523,1.5651214279558279,-0.27256588952104277,1.4490802367936824,-0.5952480505700688,0.8523738612493568,-0.5708246639675518,1.4826421730276913,-0.7635020674276654,1.395441372621306,0.9128391351657891,-1.4900947114676004,0.5779806725721444,-0.4048095916404636,1.9571712856311154,-1.1057726487866932,-1.1332903862164896,0.7106740689638663,-0.5163886983763009,-0.6904640183286688,-0.0026994994187448315,0.41399021104192846,-1.045059028422991,-0.9415301427001377,-0.4241640272365855,1.273200332256662,-0.9956376841392833,-0.5405577722423544,2.5222993879166653,0.044616384319214886,1.2512967788332552,0.6011340518805633,1.439152947695446,2.9319470094245603,0.7079190207655329,0.6618465161596114,-1.954413703745058,0.6067345831111189,1.0911893786733515,1.1007279051637626,1.6108956052047003,-0.9109773680938955,-0.3194516467564913,0.5236391639193954,0.13457383713781845,0.560221550241663,-0.76863284003716,-0.4506842384241785,1.2061609189626603,-0.7383227819663964,-0.08804761492792265,0.34305050070115983,-1.2715268455291913,-0.13245409820499968,-0.39404488788673975,0.7947738223549408,0.047861128849619336,0.836232972272351,-0.3817998219020581,1.8209638399645667,0.1775960772224574,1.7468725078119487,1.737513773380512,0.27187064304220476,3.3981225710026743,0.1370921884538867,0.7909679981663559,1.9247225368170253,2.1010932263295565,-1.8002957795107946,0.9493300193663318,-0.8285158725371953,-0.0890600102190918,0.09590796477604846,-0.45595309962441116,1.451499069112319,0.7054938971542039,0.5282052775642889,0.5788392903384605,0.710933167852273,0.47348389718454675,0.9369442260216859,0.8059067451807657,0.6581433522313588,0.5067053146507384,1.2208082230720123,-0.759586423910037,1.1708375003179068,0.6461615317575238,0.903031855123011,-0.4963595499566629,-1.7006227844439223,0.24402230830855365,2.430753884267743,1.8556089767495223,-0.4741261432544118
e9e45c548e3203e45ef89e1fc6f88c81507fa31cb71cecc413f39f9ec7168482,1,0.7739009094622274,-1.1813999929053962,1.6809146684320802,-0.19657102322798925,1.4418543425035337,-0.2887285383328384,-0.8731603509103516,-0.6847149497695535,0.19361034458148896,-0.5332271897582155,1.3440913174005673,0.8020788713836366,1.2155949363490037,1.8318981149763922,-0.028638881461877652,-0.6945659893960001,0.6427801645638931,1.6360674438148322,0.3185641714745825,0.9209954251016553,-0.37957984514620785,1.6753214781182706,0.6356268301903607,1.6639988816253983,0.36750400280051776,1.3078775198961567,0.9815411626096942,-0.7089102194324203,-0.3956650897803225,1.8565160808681789,0.9331530530222418,1.517134626889837,-1.0440700730025452,-0.8734183824202397,0.12847648095007957,0.37304372092415194,1.7793371414969874,-0.10754461090257794,0.01752245320781841,0.6317668728877126,-0.8836290703712708,-1.0291716860667004,0.21543835383591703,0.884568028751663,-1.0958967409193152,-0.9549065462050037,-0.7251843803728723,1.5653313007606289,0.1856007937901048,-0.2872813214019392,0.30424502088209804,0.037803952018037656,-0.07570013170428469,2.0048666616134687,1.349995877842514,-0.14733834113550814,-0.7108229776358529,1.812694070787969,0.7575241075230972,-1.650316008227799,-0.20611342626504048,-0.294367854062601,0.30913362573646286,-0.26418506217160215,1.9921588150564231,2.232784816073531,1.128739321740907,1.063224676981037,0.4764709432146731,0.6620165182426158,0.49195868910341134,-0.7325338418849298,0.6813334656323984,0.9033097832812791,0.4457362655044147,1.047495498665746,1.7336040937512847,-0.3452390016396303,0.797252663700874,-0.16266479896855196,1.660160526333122,1.0881163508936607,0.890060798421686,2.156336350277163,-0.008714900292770722,0.584833391316633,-0.23644115550641587,-0.7416695060612384,-0.23354864898973887,-0.6553285596016897,1.8613453482923434,-1.3471982338508197,2.671335539031896,0.49964492696452945,1.9790292916801704,0.30765512137597095
d20e704165d278ec151a090819d815ef9f2ff3b65e4f9c648be786189d78f055,1,0.16619123536859282,-0.21991095319787463,0.6212784447513898,1.037202156102642,-0.18959057135779767,0.938256902007796,1.5563290877389466,0.7876500707716367,-0.13256299774528046,-0.09675650529741486,-0.9069064737580055,1.0428924319777206,2.000201821776356,0.17494944825883643,2.6545705452388333,3.861715965047794,1.565543143878175,1.3435771234006393,0.6401128771962313,0.09771424796316824,0.36111687571697565,-1.7580699195389577,1.1488743718170187,0.16162589273852498,2.6108241878493925,-0.13021208751875551,1.5253178052940342,-0.040786389552824154,1.0082104999196055,0.8529434435225324,0.4356566229643116,0.4391896933185415,0.49374602981599236,0.5995286056428042,-0.22943053429777788,0.9362091030461248,1.0939079236712521,-0.5435415884882138,-2.8013011335329314,0.20181030967323504,-0.7769682179575641,-0.12166019559814767,-0.29871966502597425,1.0952844709860887,1.6419454435435765,1.0384386124080294,0.8246865962594674,1.0853612744203844,1.3038184141233424,-0.5549854720881883,-2.057175775306125,0.6378291103257367,0.15676768728827703,0.3522386744665511,0.3864361479622159,-0.8853533558896599,1.6218522008270664,-0.4216899712690559,1.5220953258197043,-0.653132424246923,0.17991352958547613,0.6669351775979873,0.12338977812730924,2.1714054436235686,-0.0034880097180893244,-0.04251655761385703,1.3515315427476402,2.19859792151211,0.3655622595545567,1.3803065003265003,0.5704041862078292,2.1055322480269174,0.044016188185137084,1.0086676266524415,0.9162128768121349,0.16038779932300382,-0.2890637962875301,0.5463148024172643,0.1263073503170536,-0.43157298558519935,0.9384764113569719,-0.33772170468188534,-1.3838517885602504,-0.03741611354858798,0.5998120223273146,0.8801808017145583,-0.7297978564900913,0.9177942249156683,2.1841579063301744,2.6327557649617317,0.3484185274747307,1.4965733529492713,-0.8362149435329327,1.6325435114561568,0.0957623273910495,0.019297368732798414
9b48c5e1701ca74fa85417ca83e25d10305c8daee1d91087f7b70459bae08433,1,1.628443214801715,0.6982860862383173,-0.41189621395446074,1.3503511903695926,1.021434838052849,-0.3437317422204106,-0.027752872353782487,-0.11934321775548173,-0.505532189730735,-1.2662174331175335,-2.260954288693594,2.1059932515088335,0.9082548706026159,0.23375105971581123,0.9205728460739536,0.8424088973303584,0.41582134516948366,-0.689606042487672,0.0706865922077336,-0.3073534849995093,-1.138228879390931,0.6268794171122216,2.2360104890704493,-0.16504943487077955,-1.183355257683452,0.4887766572087767,0.6546441940258144,-0.8425159641406247,0.05273762316306499,2.6169314877057532,-0.22940630910270532,0.5579649791631436,-0.3742068804134217,-0.7471980080437499,0.7153002811548422,-0.5863401558422409,-1.4568713683129695,-0.12967296250004,1.141118531740024,0.05085029418987336,0.6533321643255059,-1.4586644034026122,0.468598196712915,-0.053946764566411454,-0.011234451505684084,-0.7152898298200848,0.33275024081414173,1.0198357585664808,0.03162211620264187,-0.6482120649178237,0.3643631114211827,-0.31525427280871865,1.3617679908259734,-1.370040770855485,-0.06103067064790807,1.3651007826477222,0.9538170225613061,1.58523208030382,-1.0511134344210686,0.743848970414217,0.5466198351049456,-0.05102144493376637,0.4406664186777687,-1.8378408207683536,0.46552561545902926,-0.13169700830367942,1.0279946770337873,-1.1159811319658557,-0.672346750087774,-0.017013168837586412,1.2884354251078292,-0.34985433072029537,1.8106768533548576,-0.4345437879625846,-0.13285379470178316,-0.11664329995055756,0.5025138128164067,-1.1203068308519444,0.953315099284795,-0.09917203841449262,1.1035920959489975,0.7496694387854856,-0.05712083184297137,0.638882354390075,0.7237164074556945,0.7537096001770736,0.007280623515857027,-1.1735929889018508,-0.1283803727091578,-0.5699398052810597,-1.8562138088072315,-0.35934194461787206,0.26519689601405627,1.0280491092938235,-0.3115333717035394,-0.535329232229638
61a5d89cb79a97aa21fd5dafc4662120a15b3dc9dab3206d07a6bbb76078a2e3,1,-0.016024355168523102,0.7635555514867445,-0.6858298433082466,1.4768484694107782,0.8526350002441098,0.32315735902441706,0.4044728207860858,1.1172453184047038,-0.9473035801047414,-0.8155389123576459,-0.12118424065105428,-0.3379470050000929,-0.7717776703063853,-1.2677049724658938,-0.31362431157681214,1.6254877967404895,-0.13003099162807544,-0.7920999655895988,-0.15998942713885994,0.979973774459078,1.6060706307763646,0.1777745041820154,-0.42723767656099304,1.122862727121668,0.5589763132909195,1.2072141343250673,1.2235779547332903,0.09926070764473272,1.5205299778650958,1.6659031073457933,1.1829018984060184,-0.5480148385237824,-1.7924913364872035,1.0035580967021898,2.6608965669740217,-0.7350244725717957,0.6382923597892907,0.05184008755074579,0.6857863354582397,0.33688520311361736,0.7900131175002492,1.7988453593329288,1.6436011971975635,0.2847723289724028,1.3134032418182382,2.7533857824341377,0.4245884263113134,1.2548404357718868,0.46205860500615537,1.1320091964811076,-0.31134168149452995,0.6264360052653531,1.2786500288908316,1.4415888000864872,0.4459729197059431,3.471632209728147,1.5064685639912558,0.7618654624692034,-0.12188903770407505,0.6263630685087553,0.35551152911810013,0.46385932217680226,-0.2793938904165026,0.5700961410548975,-0.7152884088747529,-0.6993634381274523,-1.2092920080580005,0.44987132509303,2.579110706756463,2.4934577086387018,0.644176012173449,2.495555831783599,0.9288385713015807,-1.297752127999061,0.3461781579410935,1.825017008723433,0.9944694363636001,1.162458328341429,-0.5673180999607751,1.474926866444713,1.1619379046754057,0.7153473329991824,-0.3370278130022992,1.2350405501972457,-0.46782311691266787,0.16898404095842,-0.4463601144695677,-0.21662313924746868,0.31311703545437586,1.7588638958344427,1.1058428616574587,-0.1304233259658108,-1.1247822135225543,1.1516989671550515,0.19543615456511887,0.06018803690016539
e0220d07a97da0495ea5bacb2a9040bec9fee48944bb7a40f3f69460ab1005c8,1,0.15256752307891244,0.0030175352777664366,0.054347664987119376,0.3595203735853135,0.5349549775624767,-0.1877295683611936,-0.6233872524265149,-0.924719597014175,-0.12827013208131147,2.9128120256179875,0.45774456737366165,-0.9131347787511953,-1.4813428164825333,-0.10180689477616303,-0.4188990084969156,0.7945622197900076,0.896715066972511,0.06729201856114236,-0.3985527463032411,1.11772456545742,0.04512524818191205,-0.7160301263936304,0.8169031919418152,1.0107147794294589,0.14316267586423917,0.8782469968589722,0.3754515557899299,1.2080168109190388,-1.9258080286902621,1.0356359319818604,0.6492248606023634,-1.3101420437611364,1.2908259647046296,0.25024838338110383,0.5475399683357318,-1.074614747745929,-0.36953857901196674,1.0599607836814264,0.392332630394688,0.212148094030031,-0.7227596189304386,-0.6036055816071452,-0.15148741194186377,-1.131029379502224,-0.5765502959158844,0.23830160466142258,-0.16427556815950745,-1.0276750382983264,-0.8904559137235938,1.110556708237557,-1.4140503536046558,0.785567803308266,-1.3797857113853973,-0.3266945306753958,0.9447671283261708,0.5337397424211675,-1.0062466763415676,-0.7436496046691464,-0.005622088833695804,-0.5208401361689664,-0.7589004749504442,-0.2784009634778295,-0.07711597982224264,1.1104983960335484,-1.8848993470080269,0.14546134004655994,0.773520188745888,-1.381709553385663,0.49021785222845343,0.8732419950121793,0.4046727407513701,1.0749278854409665,-0.9202414274376896,0.06906963945115792,1.4647086041825232,-0.7707713188507823,1.3238687482044758,1.8480535711068178,1.1478947360993808,0.46396746685844537,-1.0501284277539422,0.020717437765171043,1.11702102528839,-1.3878577210680734,0.4961710618088845,-1.3918514510916506,0.37107063490889014,-0.32120200322096915,0.5509260762118797,-0.9815134146460555,0.03612432551303199,1.1878702900251945,0.41132736394998004,-0.4024839371881585,-0.9312993473855883,-0.6123417456171132
dfded1407ed5ff5f7626a04e761131089fed9680348725a173f3c91e7b3aadb4,1,0.39778185251121756,0.09609337938756118,-0.7499376269170583,1.3858692771891028,-0.886040378452804,1.2037529885052043,1.0847897942097475,-0.9805036282503868,-0.8039926339687982,1.2656204295379905,0.9601031675159608,-0.7033425775781359,-0.5022171709764511,-0.3449588837214964,1.3521841279066207,0.21509548436352346,-0.515763411672099,1.3074542226400858,-0.17451107121112577,-0.10234681158282105,-0.3402636805177359,1.1625512312346584,-0.026459791357924478,-0.23039310652968215,0.9067898945191527,-0.9584259045004139,0.6717915421286558,0.8132094061221551,0.02042221953375438,-0.10828511302357635,-0.16596958621015406,1.649417427444614,-0.9463470970650405,-0.2121612385668436,-0.0007454442418495799,1.0309014707264745,0.4805477351334492,1.3854057192313471,0.5204118486210051,0.711930274548411,-0.03677250785954276,-0.23647137205857385,-0.40911848600342215,1.0050934343717535,0.9260511948080561,0.8905132149642416,0.49885062748629627,0.023705476946428716,-0.773546830654874,1.529563599681468,-0.7671532528992583,-0.532044336940073,0.1268434822131362,0.22174929182020442,0.7796845396700938,0.9846237512979437,-0.9166229319551724,1.2443285829128472,-0.2953857226795819,-0.8896532591661636,-0.8557260264636296,0.6452442891207653,-1.5843168431849513,1.5712446201139318,0.13649711049546587,0.2209630576978916,0.9331165028227371,0.925987666780359,0.5105994546615702,-0.8262961566910227,0.637805368206336,0.14435914936821664,-0.4402127438837773,-1.2330275369479349,-0.9508546398408573,-0.5762670282673942,0.19887357411595513,2.1967609445645535,-0.6543134220678546,1.0217908984317357,0.3335723720041118,-1.0591088445224701,-0.8497643996464086,-0.0031304719377335533,1.6684840671578764,-0.39058376262411143,-0.7549983485319701,1.5922101775397621,0.6720552615179888,0.04344085063039857,-0.4309909168619508,0.10780912857127742,-0.4578805896124301,0.018144403678034826,0.4654222163508165,1.0131051260615007
7868d1b9ea96f0d78b1f9745d68a73878f7973eb356e8f82cc280566aa26d7db,1,2.7724618498878346,0.439907769052611,2.1767954204867177,-0.003512233591325742,0.8125041618213081,0.7914245908340887,1.2341773202812165,-0.04633470475516875,0.4525501706476739,0.27055748468250695,1.4275453379940397,-1.281755497943783,1.0765542395832899,-1.903317466862493,0.8267090712861715,0.4716571156198366,-0.8926363097014266,0.5540696447958102,-0.3345713391634684,-0.8178349181975024,2.9464814158218644,0.8671654329730708,0.3657773427212948,2.953243984171825,0.06651076609754426,1.014768466623862,0.1703437758122247,1.1374690895802106,-0.025282805476243175,-0.19403745164124675,1.3213769331826042,0.4660148175377171,1.5892435155283742,-0.05115320980562488,-0.2922356107227505,1.9761216346882764,0.3233523660920693,0.8039662288267295,-0.436374819323398,0.11528108118812053,2.4407725022175484,1.0240228328689147,0.8443748200115673,1.107021504539104,0.45901233151475707,0.17858287933738615,0.9215845789901557,-0.23635072316711855,0.44891078385684935,1.668490036022357,0.3199307280494398,-0.5819331277895364,0.31804080689167036,-0.4282138958112337,0.30312863087441877,-0.4687268582432874,-0.6506626190073543,-0.6538115341185642,2.410864618979947,1.3506714992838291,-0.04652662502155369,0.4624370096926903,0.7847658928130427,0.7753801341895938,-1.3147043618050736,1.2983135664128658,-1.7487970112247557,0.34562292720854376,0.8573351285257036,1.2834127206847503,1.2923204444214391,-0.5820669465623901,0.47660477582090255,1.805766281223245,0.3567182907446935,2.3419081033086995,1.6253654364149503,0.8485302381417709,-1.7935142342996888,1.590960559934631,0.6114310579588134,-1.6086563468942177,1.4470695456429665,1.5114528936087757,1.1603726566139414,0.6498958703169815,-0.5849485010770938,1.2960596825465527,0.6865401495659323,0.21304948278042546,0.08852286614515137,0.9931888892936153,0.9350224292062675,0.2793642454511538,0.6710680017403957,1.1714376295384534
de91c2723610692bd0f4e5b615f67b734a3a1a42f1729cc7a18417abad852a98,1,-1.5864694460561284,-0.44213029764860023,0.5203647467951569,0.6540644845002692,-0.47667266253364227,0.49676958891451983,-1.8479582139093493,0.30017165580878946,-0.0163753052961004,0.4009273626144311,1.0322126945272014,2.6547603355581617,0.41122089092269515,1.348408342277045,-0.31569289715462356,0.3120205700303159,0.23174296496432223,0.009105026545892514,2.2439907942491946,1.165271076093299,-1.4009119918564599,0.05274334771921618,1.041827246708452,1.3052645706057775,-0.3203737059513567,2.303188390358566,2.2727385342804323,1.9917274425900469,-0.23880498278531193,0.35354282722064323,0.8678018592179285,0.2947332619591615,0.8430641887951291,2.556355217804416,1.9916164022864884,-0.1014089305030601,-0.029214174896736056,0.01125087567164157,0.6650210187929229,1.0658229082640651,0.7453658549402391,-0.9412624340161416,2.1768141544289143,-0.9962996884330741,-0.2960213960184987,-2.7566446215980873,1.384917061046853,1.1153621855409273,-0.5967183091229229,0.5975618110385894,-0.3316572340400355,0.32190128768226967,2.877333988973415,0.3214084755446829,-0.7752692629592957,0.38813815316156586,2.016221894137395,-1.2060153952428947,0.8064701062077351,-0.1699043745724762,1.4417484765020263,0.5316970899111382,0.9667687284859781,0.42997603160031167,-0.01811156295852817,1.1692663331341844,0.08176904783425853,0.33509243571160524,2.3594633577966366,-1.4727602565673301,0.2363311916741162,0.27929265538697046,-0.5246612949647994,1.1274329539107923,0.25220573125218226,-0.4072992414946963,1.8975025223300395,1.606456019034027,-0.43735294797346713,1.1553298778006356,0.5161792559418952,0.6093905826693966,-0.17505405445219258,0.10064496441821447,-0.06552549501948018,0.017036685572535293,-0.39261862404012254,-0.5971879002826634,-0.10793383903497733,0.4958102524851838,-0.5593514477066188,1.8603436390706676,1.0648178185001347,-0.21195064013053366,-0.973887168701456,-0.27454756177330686
7c0ccab90410644ae15fa42827dba262ac2706bd834e51f6f273ef1971916b3a,1,-0.17180386527709984,1.3440370536139004,0.9407845931404737,-0.6151250769745802,2.042912423580101,0.8174997295904822,0.9110606404394824,-0.34186402390572346,1.4172762533542538,1.709203330219609,0.41717911193116425,0.7427877889430742,1.3646860039321402,-0.2015221363376828,1.378643526474226,-0.9619533917670047,1.1285810436067498,-1.1059997523577438,1.896181380273693,1.6620774298969145,0.9704541003492095,1.523334089338944,-0.6807513174410109,0.8590469115389443,-1.0756695082794199,0.9614197902708985,0.9581113024447545,0.054420474699158006,-0.3095567753742223,-0.33625810520831867,0.7391791694645465,0.4069020186179723,1.4146826856853973,-0.6947593926073072,-0.7782774127067988,0.8805567498915571,-0.9591098415219484,-0.4403950314547099,1.3676617667251207,-0.9662133400484743,2.39550570127299,0.4020525639700361,-0.5075033584814943,0.9103908516809464,2.2821236990979674,0.6743900349038059,-0.6424508904534634,1.1319347592635602,1.0968252812989796,2.1786297044970073,-0.07076225644847717,2.0212530252369483,0.276251165708818,0.5129141098935097,1.924616360039186,0.7994278366561907,0.01904359589702996,1.361714556263966,1.8712880895457848,1.9204978771166097,0.19520465215427474,-0.48616229895272345,-0.8033507459565066,0.6387650596155479,1.9981660619327166,-0.36345836298080886,-0.30021517142138726,-0.8539571995219689,1.2321067439244446,1.4957889476054693,0.5190926843191932,0.9882012140487717,0.3085646501739868,0.02602225442537137,1.9023272044752066,0.9329302946037944,1.1663282557625874,-0.07281398931693231,-0.2384235501691363,-1.196121798308643,0.9436241836582623,0.10004298272045609,0.5493590740330476,2.385521600676772,1.256708292559238,-0.7668035278171117,2.5332671351711777,-0.16959711250771625,0.742589587075226,0.7523024879672171,-0.6314130209555696,1.1907719414166211,2.1190301087984693,0.8649464508781363,-0.04137659719823167,0.3770821844913066
f315dca0f7de73612c1b53e84bcfeda61a7061333ed933bd3ea6dad0b56cd8a6,1,-1.6847174748449756,-1.176295451010964,2.317177630104417,0.0787815884396208,2.066433971911637,0.3728451033238239,0.4808184188083878,0.6457743362911249,1.5528166548308968,-0.12148726560652752,0.7280926634751176,0.346842661194223,0.3994274746737503,1.0342575219523023,1.2254364719663444,0.05590562966299051,1.6850260079328174,0.17457338840195777,0.7834007103647016,0.6911894148160175,-0.04904731739422474,0.4011950939595741,-0.06703235491748322,2.5995300510291757,-0.10709921370343334,-0.27142964219368426,0.9821715097686989,0.38412430320908597,-0.42115464184520934,0.9844541327235128,0.05965482554407853,3.012058436236889,0.17686783829058617,-1.0079024892685051,-0.4485097826462816,1.2043705839371284,2.5332456253786857,0.5846141352855211,2.0906113145271616,0.15364823222652302,2.3908912571590424,0.3046075241908772,-0.08948684404583251,-0.5395603462032594,-0.9332487607476156,0.3165590373208929,1.2704368137712398,2.1972580255248295,-0.6079400348644045,-1.394160505747187,-0.3236998190068325,-0.8875752958643492,2.488767135518942,-2.3065599973939497,2.651196540284367,1.2462259633632136,-0.9894734230258777,0.4704460708725453,2.5744288472541306,1.9916669572597372,1.2142085366366562,0.9010347342679599,-0.3558299044340557,1.152191936251428,0.8915195495584498,1.101287768921097,-0.5832092407932934,2.1369559289774465,-0.397923756684998,2.173061159024616,-0.14124548195397407,1.5060899733796862,1.0086322923768862,0.45845389878073317,0.7392049693810945,-0.8928650730805258,-0.8516372402538743,0.6416861286862701,0.8795084681365098,1.949124967554823,1.4291851627050352,0.6988861642653128,0.6532215772473511,-0.4237886496646789,1.9311187843093012,0.4500185955413205,-0.5995432420446135,0.978867157376869,0.6180199784012265,1.1491491873040602,-0.8719078044710309,0.575972743839573,0.21274230365828467,0.2734533520329765,-1.5287309546352743,-0.42789671359509557
d21cce55ebe09a00d507f7d99033b7bca6c262f01fec2902f1c28a48d90caf74,1,1.5192652396293012,0.8086051397971129,0.32144581381287984,-0.006214474889577493,0.21076682515386305,1.3740335389375957,0.5314373232699888,0.22124682705746912,1.0054607757848166,1.4795298574459044,-0.9732731801330154,1.9968028034353247,0.7741982602399262,0.0007777923249424612,-0.3075001426150171,2.160727407071723,1.666434896737026,-1.363367127761,-0.7655476344538108,0.44921323956869064,-0.8031445275569579,1.549127611743471,0.8970946765215114,1.5748539387810692,-1.5779504982265227,1.0732648262217634,0.6979930699351521,1.8709667007239519,0.052804739097981446,2.673353934932152,0.2761343094274292,0.008447847186703883,0.36934599593946194,0.9764366492937421,0.9567826014996941,0.1133591952275691,-1.5185722583934878,-0.024732200347884592,2.0184416368740425,0.0012976922640245414,1.1338288995831474,0.6931538909177556,1.161527275850121,0.4802414192484781,1.5125752119678673,-0.47587579125843293,1.0284725382253268,1.1129383003271793,0.4854566014319357,-0.1499260742935914,-1.217669945237613,-1.40104804391807,-0.48990482115054346,0.856440642487823,0.7094970615947154,0.045984781404377006,0.5364458655371576,0.5007901142909282,2.0641296567895293,-1.3877780087212432,0.4699354705848914,0.5949353785466153,1.6734243572442675,0.9150140141163597,0.48907938384013006,-0.8095098983524049,0.40785063369305574,-1.9642971545178662,0.2974992720051597,0.33406747377317225,1.6171259461136087,0.4519977173681813,-0.12038583915426812,0.2374334767662295,1.2003770295162375,-2.3765974306514632,1.74477007502877,-0.026619786804602585,1.3185206938507688,-0.33395366518784186,-1.881554754521195,-0.18646343012418212,1.7825419187828495,-1.4090056163853815,0.9449772485340647,-0.18080340076602752,-1.1510762483489674,0.8477239806498875,0.018222230046729904,0.5943332263511514,0.5849108814156596,1.1911114346809581,0.6225513261810394,0.32772255989058746,0.8341194447699712,0.7099055084682042
63cf9b7a2db7d89f0d8453addc96970382a91f6a796e386062976e9c845efdaf,1,1.331266277808012,0.8068208991966671,0.8299739573236827,-0.06108885382710977,0.18886238814516998,0.7887310168090695,1.4466099003924522,1.2442652795637599,0.15841199689773489,-0.07403441629549593,-1.3398908816996529,-0.10913185994951755,0.31566611021282664,0.5674722881589643,1.066269935672214,-1.488726304037912,-0.7256443702103627,-1.0653381997094058,0.019738372768083767,1.1001502050546574,0.7029755518016123,1.6484568650346485,1.2404436809447406,0.263182122189827,-1.7570927167552006,0.13366001373170178,0.5318340045665524,0.40724269936991186,2.2815466002830584,-0.43881254764562616,-0.09745172200748542,-0.5382850871750609,-0.9659525036566463,0.7264975557621365,-0.800642918671841,-0.5748934606199998,-0.18316803361968748,-1.1832798786982952,1.1042947786510822,-0.28575589491594255,2.0014494602374273,-0.5266210989326443,0.8967915356322899,0.6942515384618747,-0.24203240559802108,0.42511778921549315,1.4946943950727194,0.3420269249434231,1.8403849991522918,2.1455559496709165,0.1763395304767489,1.1260570740479183,0.6137121388459738,-0.12522439593203954,1.3537735184051862,0.1326881809189452,1.2697331152904288,1.9757110191890082,-0.4488311240580711,0.5116635599123003,1.425888390243311,2.356307697253305,0.04245873257222216,1.8055315193876207,1.5341550167439466,-0.05668272599692903,2.011826843478383,-0.5084204676630724,-1.9490023794670357,0.8294487460942485,-0.04137122208877542,-0.042016417880314516,-0.17367540014561011,0.2624378745548137,-1.1538981258604772,0.33822475364569593,0.19937165814064173,0.8873492516627001,2.1946695465454304,-1.083548559889785,0.704119277096683,0.05126161358990278,0.36604772196187324,0.7919054934353711,2.4820270478219646,0.7258987590971065,1.5165079185411106,0.603154038159796,1.3554483964784634,0.23161379810984417,0.5613201744731384,-0.8132501057071885,-1.1381602489725478,-1.366518746346844,1.786205871113872,-0.7075702056720675
41fe533df4fa1b69525106d078607b97e52bdcb796567439238e06863e42bc86,1,1.107713254124906,-0.9076827545291672,0.4296593772549714,1.5703523363308354,-1.0650039261029818,1.147404061484748,-0.07134364119171799,0.23760723877260953,-0.37262919691572116,0.0809237392263436,1.2097395244865132,0.39956874568352607,-1.7770974420696497,-0.21522333941900684,-0.8141912648724458,0.2851323480824972,-0.05177868648854861,1.3735661929971572,1.1140178495859265,-0.6785328436378292,1.0315691411921393,2.116822713924817,-0.738653528008459,1.1704009559794577,0.7034068029082219,-0.6260492577088288,-0.9133151731884618,1.4496171915496658,3.0581145288165565,1.7033330285580768,1.5220480401960441,2.6746662740732385,0.8858958657947225,0.22802412624224194,-0.05449746569634409,0.8794619348290298,-0.7683578619477874,-0.05036792990763628,-0.4872472918443969,2.1619215410389816,0.9170234218638725,-1.0431819390048311,0.4873539939211161,0.5849903313950455,-0.3198473112264233,0.24074401434033188,0.5550014825966343,2.4039796956208677,0.9078896093017172,2.1869302892022935,1.416194833975449,-0.6107711333207456,0.3559259312625781,1.214728563250592,-0.7315969903365825,0.49984530812217703,2.167266822692008,-0.4146892010194379,-0.0680307446109557,0.6652166420101131,-0.5042928817461605,-0.16402239714478273,-1.3665659610206085,-0.5562282585913361,1.8148742641504687,1.016500516076625,-3.337291581988302,2.196973771887512,0.4722170078494799,0.4062051043847451,1.1205647933737133,1.45522351284407,0.29684858970237293,1.045091661175768,0.28233751809282304,-0.5731325906858933,0.1761344027608486,0.5421947729098316,0.7069036236682463,0.4147185645333367,0.0893470221611159,0.6650521112557728,-1.1480197731100348,-0.29401773232879247,0.7647133930438073,-0.6334523081670693,-0.7549400544610849,1.196956083643388,0.68441372862047,0.7034617114953132,0.9561029321408954,-0.4293985798319513,-0.3102414674480527,-0.07089626717714775,1.659625973918194,0.6907779128761424
188a46010a71aafa203f2638af480193ad68c8a16ecd1ddf675667434310d01e,1,-1.0039941348771295,0.5654324297282519,-0.1443754667859578,2.0696864698272406,-0.675332490077525,1.0424395762618905,1.1266581028386708,1.3316640969556544,-0.5996968089172565,0.20530489582810002,0.5413240806045381,0.9920405350949768,2.3085188890004007,2.720404576244741,-0.470140527430695,-0.1596919326077464,3.120283308585138,0.17166273728847448,-0.5969214679982532,1.7439733511877606,-1.5328459628171975,1.5230136169060944,1.3530224617577566,1.3599290504608192,-0.7399501011479644,2.4120657291769616,1.287979821603424,1.4183151417770072,0.3553881306057898,0.20385191349370563,0.6919717349114498,0.02450794284752182,-0.32197026666911,0.3304926090740644,0.03179528744948946,0.39897865750425554,0.814328066169615,0.9102671722018469,0.6698785935825372,0.9345259329175476,0.7246140038205371,2.072161686906623,1.0262690187364583,0.8442576958638583,0.41920227398290666,1.317512456051219,1.2508540859497859,1.3326350544456096,-0.8897424181892019,-0.5836215254053772,0.8442736663659961,2.432327697519737,-1.156978498744549,0.5433674239568647,-1.7067661081308794,-0.00726694365325542,-1.1403049681205744,0.16710292932519227,1.0530130682702716,1.7966325171848498,-0.344696713175755,1.116366405343487,0.36514135319704233,1.2423858524185176,0.9616019565916332,-0.9091672739384403,2.0974118150910814,-0.3404752407681906,-0.6484512053276039,1.0475627078705447,-0.5635577504078902,1.1327144105854414,-0.29426504642018114,0.9967222222268795,-0.9042663582453034,1.3365637332847617,1.048273117776807,0.5860264957692667,0.34576770431656684,2.4632636301241977,1.1619829441124985,1.0924008860268426,0.7990436398608202,-0.9480267933794904,1.7348894541547568,-0.6879498280437663,1.0030732118026875,1.4159120032183765,2.207734853449084,0.9056200159643407,-0.5120446513156109,-1.7256263106213252,0.5867510107066517,1.2703076620860048,1.3967404569420043,0.4794808196326063
9c710adf7edf079cdf22fbb8b983f6283daddbc2db0fe1b36c632f9b6da9a4c9,1,1.6204703433667464,0.8645492784202291,-0.27126202379601294,-0.014363380818007337,0.6828825929856476,0.841241175308221,-0.14346909933578478,0.41494231469914256,1.881434802089267,1.239460670082062,2.0551329277763655,0.5782192002584136,1.202015774875902,1.5479230482220236,0.9212713382433688,0.8469055174633495,0.5674156120408047,1.1487180208970456,0.28623947851696097,0.495839583926484,-0.11879569188879452,1.5317489661219796,-0.39608005600634066,0.3417409964244261,-1.0433897594288672,0.10608755154803484,0.4363141321775464,-0.41815215091831776,1.0830129239505797,0.5437886196565058,-0.9916269525246583,1.0652912107886257,0.649156570600677,0.19630526042236407,-0.6179080294204731,0.009180040750600832,0.5648446392134854,-1.23272633047098,0.6916314346306149,2.8317375726611616,0.5560621595254859,-1.7714090743578041,1.5285036082036867,-0.5103800287991079,0.7086834116052945,0.3690791024563834,0.27521900189379,0.6639146911166616,0.7023119492958614,1.4842063162274965,-0.028439765113437043,-0.49794874177840337,-0.597557522303269,-0.3397211315250465,1.0352745233780312,0.04639708472005921,-0.11048549112707527,0.8848546662494593,2.1563512426058447,0.3633303413769594,0.8025994288889601,0.152155718271469,0.23866293513967907,1.3051864051560909,2.1735956075342298,-0.638177588957151,-1.001492744872326,-0.3397964847073566,-0.7041358165811178,0.36963859640143926,0.7387515364393824,-1.2204892821853992,0.3800516108418059,0.817919121007816,0.6521627752104006,2.3629422243675404,2.910058613095745,2.038658424559485,0.342713534513964,-0.9174311610316652,0.6067087078030993,0.2899981312882114,0.8720525075010206,-0.5926600322569395,0.32870395676765973,1.851246057883547,0.923953457384487,1.182071274301845,0.5252686826141948,1.0118133549057347,-0.09332568180364842,-0.33894264183421585,0.2977676486909906,1.9751468061075705,0.7272313495042675,-0.4221510592372561
1344231199058368ffb4afbdabd50c996899c550afe557e801ff000b7e81cc79,1,-0.22764150821567752,2.742768608816414,-0.7175048305690452,0.9976221717251124,1.09105504776047,-0.3988904050575087,-0.31447416711682047,0.9713405061955164,-0.145531717879766,-1.3043402779130464,-1.5631213227070775,-0.203577123414445,1.1388654980340305,-1.2003442435693765,1.9007604880460893,-0.3468124338673197,0.8555822699172047,1.4566573631967796,1.5918540509918595,-0.6077222629819719,-1.876423418638414,2.057762691689479,0.6348033041909775,-1.2284994766739872,1.3615318248563086,0.815244727215293,1.217558898434746,1.842308124920522,2.50709491273674,-0.470653647687074,1.0256600222805272,1.4529299778562637,-0.513879678291747,-0.5320683606545824,0.42393584356170755,-0.5582506079850598,0.5692787017335067,1.0256028335669727,0.41339882642388404,0.11120331899108199,-1.411962607401629,1.3287508138814692,1.3848386476348198,0.3791434978546191,-0.5050356635542155,0.9803453157801039,4.389505353617466,1.0980912041576318,0.719110107175364,0.00947171073119768,0.2585055996505137,-0.10045070464818806,0.057247001557630364,-1.1713004187802616,-0.8380943954524067,-0.02708250257933037,0.8669670699210574,1.13222156021427,-0.13735077637653292,0.7602791003716004,1.0822484671851789,0.916620114563425,0.3179814107837337,-0.8356065854667685,2.672996378462397,-0.7305501368903934,1.565513145956404,0.8435621569469861,0.012917400334892304,1.5949231536871675,0.5353362197427903,1.673394808055917,-0.15862625114175155,-0.7317993221050416,-0.34867174883179597,0.25675389889086914,2.6369434593787537,-1.0487075108644843,0.6810561599472689,-0.013748403425667854,-0.8476196883596079,1.7815203816332712,-1.2100354222399183,1.5812395896100884,1.3684716060298436,0.9177685972170427,1.285366136749141,1.0032178425141687,0.5710742371068405,0.29627134386712684,1.8597769196630654,0.8589530402309786,1.5591350023231856,0.22921307611271136,-0.934112276880869,-0.09952823519840442
3b408c59a3a5658f69474b4ffde0cd9cf043078d0f04fa45880e48049767d7f9,1,0.5332292966949982,0.3714607915727639,0.07953294613087569,-0.044497686033843964,-0.2437862465480739,0.026337389962545865,0.74908547808543,-1.2861113089485903,0.1332392864237044,0.08124992082265864,0.667556590297377,0.4439141388967268,-0.5338401004584643,-0.9762058041930809,0.9267021853213927,1.6840878204451926,0.1551583443047908,1.8316977009000608,1.784245302154989,1.040276191665303,-0.5247417589870371,-0.38440538141524794,-0.485576589268259,1.6585778962725677,-0.15846583532620284,-0.2663094372432501,-0.4493967626439758,-0.1330144108967451,-2.1056964847027,2.8999417050815115,1.2879304142549268,0.03472464610363496,1.4817244064001596,1.3052150774095868,1.9594174719272226,1.9987122444294403,0.7263998583024511,0.07691360543864223,0.19414423911346423,0.05412099026138989,-0.369732426476367,-2.2914836620931514,0.1882016453722164,0.19272498236002844,-0.8617299524176403,1.4547855704602983,1.2114823288972736,-0.18167521623180527,0.7636989871020268,0.19124617793914234,1.755777815372841,0.01753423835185619,2.0117550113768816,-0.45196233562492355,0.7741535532863701,-0.239403515912016,0.7168678278984606,0.9158421099263807,3.125921098431604,2.321109529151627,0.22104572225581212,0.7982874806924347,1.135838814214885,0.23362205247120926,-2.352535661950081,-1.0592965586809482,2.0330631925521656,-1.0629562696302224,-0.4855954821880464,0.5594032769949481,0.09801441427862179,1.4675341093280556,0.842172380965918,0.3272130865542796,0.4612615215078618,0.37327032960931583,-0.3920473006414462,1.6614963027938567,1.6629817797285718,0.5050056376587506,1.386021952683807,1.6773496910267824,0.6517625796160601,1.0459523392282835,0.4336665082048159,1.6032879608825559,0.7978704446654167,1.576597558446538,0.44134988519148666,1.7045634267466403,-0.8891301242059754,0.9491455210822513,0.03070693806010183,-0.8292215683022653,-0.7085921937701858,-0.12722198173673488
42634c95eaf4df6544f3119ba96efb9e65801d8d37bdc2e321b282d4d264861e,1,0.1504098895991538,-0.5708947121038142,0.12975824246214124,-0.03687437275307959,0.9803894003943749,0.5479969535043276,-0.6577627126106511,-1.058678917697735,2.914793080386226,-0.046323931163153476,-0.589199461955353,-0.14142362261664726,-0.027866436400427408,1.5251473499753225,1.370885785950013,0.07229210958879623,0.1988374674032355,0.5653412348101046,1.6406200040570496,1.1038773378443145,0.6021623336020147,-0.603866006842411,0.29623925906024307,0.04804458100584591,0.9566673461178509,2.6667062790108598,-0.4657316085798919,0.18451659698866063,1.1428582451249896,1.3121094415424397,-0.7165812244888343,-0.23365402431350868,2.368089911572804,-0.4889729833415184,0.31181911696218045,2.1774888622741693,-0.08609081216231207,-0.03280708268450508,-0.830945699191086,0.07166143095747333,0.42567672329289663,-1.199907827796113,0.5837295353300397,0.45551785846230863,-0.3698979615074305,1.5515846339140116,0.48101237985597833,-0.7078572196905806,0.7346321846724224,1.9098681126674693,0.9352039377158214,-1.4252771316131372,1.0232953486349738,0.608237546359012,0.8462236318995466,0.8908083971018591,-1.0265425338992147,-0.18809684386443115,0.9296685381324056,0.45003304292848156,-0.8240610528241047,1.0652486307089275,-0.16196161683769955,-0.3892169048731179,0.27155576917271107,1.2710476499484782,1.625015091817096,1.885940918708193,-0.33988790705545796,2.2921033349032838,-0.8231607955744922,-1.1636097956410087,-0.0932001798895141,-0.6901246423451097,1.1781936206652817,0.12081710929000439,1.3164559229933777,0.9614471446381225,1.78175426727209,1.3431926513451689,-0.6645430301272218,2.3065037875744983,-0.6869680438703811,2.399551065918713,-1.367808662423956,0.2796223177493513,1.0993369746341015,0.6580365401483041,0.3727904863762999,1.659652966020094,-0.9484424215883316,0.4912953923018286,0.5171625765032738,1.2939643339922988,0.43644826569834255,0.08702578491703003
03b82ba84ff15b4469e270e8c7335d6a0f0c8a91b2b22a6a18993d8a24ca3701,1,-0.20423521842835213,0.9415698942439511,0.5230809413493122,-0.8789246164446605,0.44088882884979075,-2.171734715723594,-0.6552904181316515,1.8307874987489625,1.9974445719312166,-0.1402570745440067,-0.022822392163778904,-1.0472985736976548,0.7483419255407298,-0.10919863368295202,0.7735880631108667,1.8496522847699435,0.9018897734300542,-0.6571952188213355,-0.05732560656243678,0.045648541879176094,0.38197682171159186,-0.37136524371429114,-0.8617415741433012,0.2198868055609322,0.8996159737550737,-0.41910562509783156,0.7353206476436587,1.3576007246362998,1.63358360452926,-0.5948502872139003,-0.9298044305274471,1.281636898311562,0.5345607694705284,-0.18924596969384105,0.6525858141604148,-0.6056486737024138,2.037999065601586,-1.4726069975736835,1.8605263165098793,-1.9818922387779863,0.7644414654737771,1.4988478614226035,1.5255767237489442,1.3695314134088492,0.3878147735424324,-0.604892283845861,1.161295843700593,-0.5729174701613164,0.5667393242116082,-0.575457890369103,0.08424922582347483,-1.7873816953824135,1.8371902310673112,0.811329504463589,0.31501093801320446,0.6608077793234564,0.38306424207977163,1.954524571866617,-0.6869242467496183,1.249297974680886,1.1156096600861007,0.8727985093036514,-0.3100459276056485,0.6862883344450212,0.5837455769997059,0.9522436265318219,1.1770934798062733,-0.3681923856016541,-1.594677284615573,1.0214159970816254,1.0994359051860567,0.318333759210772,-0.1959859532263224,-0.008880262845250925,2.0520030285283015,0.5981024215877815,0.5443418351376688,-0.045772474897035856,-0.5974552089828018,0.5331675374399198,0.9548302525134319,1.7423026316275247,2.9719408800455493,0.39416727940262275,-0.020194239117104024,0.09346906733950439,-0.05702214527185934,2.4184434258315606,1.1243289065719573,1.9907804234804982,0.8512334677330247,-0.1934394564759363,-1.22087556016456,0.5241290658517579,-0.18912482830072525,0.5298205152516074
303f732947f1b3e417e8467259c3715adfbfb4f4646baab46627fb193a22da4b,0,0.3212048290098013,1.5527225798776036,0.513737226650478,0.6098006385149191,0.23763534056384988,1.1219410876051437,-1.6017679603875734,0.6941193766764744,1.2139768934252624,-1.1328278995066685,-1.7783605195663548,-0.6460277371233727,-0.35927945634893477,-1.3658314748436604,-0.3164183786672623,1.4611651414029514,-1.048830473082185,0.7451106675471473,0.834961317262261,-1.5976042158685226,-0.4410955518383847,-0.48379910748497146,0.008168494863236675,-0.1907159021017203,-0.8761488583330924,1.400716659654586,0.6202923393201473,-1.6453802381346574,2.538653016272781,-1.249770000778724,-0.5955899640370771,0.10577197584974156,1.073477713345185,-1.0752267374371125,0.5618003508350633,1.0046815512972742,0.13331843471466134,-0.5717823894442872,-2.0544558463768707,1.6289033626285447,-0.24080619126990355,-0.33682600189700884,-1.398394186464387,-1.4898830922310065,-0.07288501752919235,-0.44087740291995403,0.34448012784585336,-0.8078466553330882,-1.3547717146443383,0.7457275434838444,-1.9179339353026075,-0.5129802852188002,-1.4572560045433025,-0.6359412216621531,-0.6840488452242666,0.7380202502852196,-0.25773211466435036,-0.44793712667718594,-0.7986104593796921,-1.9930315676463723,0.7053329187927406,-1.683151587434865,0.5093935048348635,0.2257732891448639,-0.7844047973519693,-0.04691512270479836,0.31281504708862606,1.7512349814482344,-1.9467314330781404,-0.48572549270333115,-0.774732002574228,0.4543335824355568,-0.820483430887822,0.988443230367813,0.42242141634296204,-0.5980940365629196,1.9453561266347306,-2.245411263031897,-2.3663421793095845,-0.5397087200357674,-1.3443482894003995,-0.7489098628612502,-0.7710246426293481,-1.07166076095438,-0.20696775923891086,0.32422008075577863,0.6053167787228138,-0.5625755105206081,-1.5557176940672481,-0.43570083021204,0.6227624249863216,-1.6734476653446393,0.9494593259413191,1.1437624942522047,-1.5354709559189677,-0.90343020997521
d8598a27ff52475d2a0cc58c7720a537bd19e67c8e9d651c6efe699c41dd0f6f,0,0.5400407504708747,-0.878201225071658,-1.968115216187388,-2.174917766679954,1.239403825689535,-0.528921362742792,0.20886245650226903,1.2928689313541812,-0.6422792067427351,0.5621987809574103,-0.460929569899454,-1.4002804544328566,0.8301093215617952,1.4984828799035885,-0.25207993237704485,0.4202233149186231,-0.9560602552433449,1.058385833155572,0.885984738849298,0.696745219457679,0.9382170569875905,0.6672034776430882,0.3067827481684381,-0.0191729295450645,0.4016466836616491,-0.19753441520367285,-0.6976715722409871,0.4524916543330806,0.12638728769713836,-1.1565609665241747,-0.4771102328965362,0.06412165206732448,0.280596273621667,1.1268352977622371,1.3624332458056905,-0.16348425509597136,-0.9411482173396342,0.3763760972293677,0.10565954555803811,0.4645492133892623,0.6255194810996144,-0.5779855905465403,-0.831941923738444,0.9762822548323391,1.0560046416512054,0.12390110034271096,-0.8038474349129455,-0.48138865899885475,0.6740887043691421,0.656705611928329,-1.2470248331770117,-0.9682017005359113,-0.158459796479351,-0.838175088056198,-0.09622894115404018,-1.0401684781996956,-0.38765420152921815,0.952621973444213,0.9868585370426792,-0.9944932838259759,1.5870749803302922,0.9389947348223582,-0.7201280395600699,-0.6244358866616941,-1.0288779987154528,0.3477873051843274,-0.4158808838776119,0.06282175945984672,1.9769261927579898,-1.2059818380704865,-0.3600498261120793,-1.2122015905206762,-2.7430186091670166,-0.6197941426231638,-0.2578256640890061,-0.2149660639209754,-0.4920279233704437,0.26829627489360863,-0.6112328375256606,-0.9688988173234623,-0.5960089468010291,-1.3608831981792853,-0.21089774441897835,1.3847760984155641,-0.5981954788649828,0.6096478208430074,0.36591722134930893,-0.31341561948396274,0.11306555294291104,0.10046223084451598,-1.3326480850730664,-0.07928952619977642,0.20336313337355483,-1.2603942329385374,-0.052415263547268054,-0.8289103483109523
4e8521e8adeb7005536797f0add3f5c7cb97f95fe805bcf2bd42470b4501c9ba,0,-0.06674737340990788,-0.5415159130292796,-0.11946051348353054,1.0568812860678787,0.21449127774809468,-0.380712559782974,0.8517459760228818,-0.0638954594304087,-1.4285927663843303,-0.2679044544946303,-0.10450885830120875,0.25328015754764943,0.16785917154684366,-1.5892427790723898,-0.11822383278225995,0.21504436734659207,-0.6056238610047766,-1.4421991746131033,0.8071407992249542,-0.29292216199269017,-1.3147062373029357,0.37657929697428716,0.4752994493790791,0.1579175402788463,-1.0905092021990015,0.6111734344011286,0.3936047891046413,-0.6332690841247,-0.9860457412079628,0.6443206539686153,0.2547913549081019,1.347737913041076,-0.9220842986211717,-1.2478536331503085,0.13139890620297787,0.5977264554196604,0.5790823536031787,0.9284693043896628,-1.4336602797644826,0.43380900044232157,-0.7972049282896992,1.9213705842714617,-0.7053796427844561,-2.012240760923695,0.2614671732877212,-0.3738657629375219,-0.45439763376742215,-0.2561952175363356,-0.23088542892100572,-0.29828000265001176,1.3054755961215252,-0.5389814974752745,0.7852826233757508,0.4887922914224513,1.0852620425814896,0.3983223213166093,-0.9325725671042915,-1.0394955448112595,0.8505476067781631,0.23545577693594394,-0.29105672038012653,0.60671877351803,-0.6236541534031292,-0.5982023332339447,0.17532171776376138,0.440544855567523,-0.23217401103093527,0.4749974360707869,0.44965191514609,1.681086685660734,-0.21946610542246076,-0.3401269957551634,-1.6144426595869423,1.134434335641011,-0.03540980662426366,-1.0235750913384782,-0.18038429686114077,0.4314488656506797,0.41704743847603154,0.11216864489960066,0.08051167624674102,0.3775108583704591,1.2856466590517677,0.1001832266267192,-1.2593242757549432,0.4428063705077336,0.979308042604341,-0.0486345562370154,0.8810909140257975,-1.0732037527434852,0.7546862023984382,-0.492376671274787,-0.391361044066018,0.571886511985746,0.8689558080932649,-0.3661300271174574
b341a7af49bc4e8fbfccd6023f98083bda14aac54171b18359b7806857b79f55,0,1.133892856768543,0.1250608597699261,-0.7010370210312981,-0.38038987737337215,-0.23109403855624722,-0.44231445823142973,-0.5095373497280459,1.9124590069335834,-1.029482353256673,-1.1172659906140678,-0.49156669955802407,-1.0662674161369616,0.5773114261912866,0.254314370199585,-0.9486569413197558,-0.6675674611672155,-0.02330084017209122,-0.5932938194698036,-1.1941282400854294,-1.3171152850724637,-2.2833714870758914,-0.5085235225410611,-0.457725219705761,-1.4585280871997435,0.1754630026987521,-0.2803889862497805,-0.3281086082254138,0.123366900044388,0.8001947384814835,-1.5228209208330579,-1.1528354613906622,0.022909283737113095,-0.7015824315138715,-0.5022821701693938,-0.6929325148046286,-0.029423253400919447,-1.9781935321214488,-1.2731042655637916,-1.1434991504957859,-0.46644882687882894,0.2914913870346,-2.57522276366634,-1.1111213556081956,1.3192544399927861,-0.09661056553368419,-0.5743711494146198,-0.48770741408470136,-2.599331680369147,0.5451474269987939,-0.5524359727578811,1.8206717220761441,-0.9575084655596077,0.7712244413830649,-0.6239981655250861,-0.15649590479470055,-0.21074068090283254,-0.8119244723684416,-0.4157135555890321,-0.3491253568483848,-1.578235565306584,-1.1420448919984167,0.645735490644753,-1.3451754084570666,-2.6735709989801055,-0.5548096756073162,0.3345492465701638,-1.0290013284477104,-1.0390594600463257,0.38402252894593497,-1.366163342987101,-0.6431298184469768,-0.4359942230217748,0.02441620630419883,-1.7262774813907857,-1.1522683047032238,-0.3060184382864758,0.18122981532731774,-0.42379263551954316,-0.8948477081333116,-0.27001111549808204,-0.5819521603020043,-0.36741888580099996,-0.5845459472672075,-0.04678387912350607,-0.5252141105903316,0.596240383576718,-0.5043508585506493,-1.934907891746025,-1.3838662316250154,-1.474984232057571,-2.054967796060443,-1.3095145911584476,-0.7847111737909749,-1.0566272056361516,-1.2173471655069563,-2.004161361530959
042731dd9d47f5636a89ade94e13afca0a0ada58802a46f3c0f517272938334a,0,-0.5741738426196582,-0.03751370134102372,0.21639638366439262,1.61309883595356,1.1057397341009976,0.5759961850835829,-0.8289779699574629,-1.8794092901025539,0.27402672221880203,0.7266771346452472,-2.005772471769125,-1.0462943372676654,-0.6510141788655894,0.5800201085572466,-3.179222827157471,-0.9882015778653785,-0.31005754799714136,0.9745855505480743,-0.6867713942822402,1.1042609563894756,-1.573733838406004,0.7664699595314406,-1.1589649235777089,-0.20720444477498118,0.2923878764852322,0.8019233405284749,-0.538530727230551,0.6804900667993972,-1.833664487056009,-1.038081627438798,0.06566684343749873,-1.9834105496228926,-0.9992632103592842,-0.3149557549010107,0.003449870617808659,0.45708888112233703,0.1295155145347176,-1.6228210198607498,0.8788416955352806,-1.3562794175439372,-0.30481875873396214,-0.2327990290813814,0.805516645485922,-1.672715744908553,-0.4231406023550573,0.3993683494416158,0.3131221154225261,-0.7585857179752516,-1.2343457934892719,-0.12666426696657146,-0.6716535954079815,-1.754715003727104,-0.18287157199814408,-0.09425069082544058,0.06189781757500509,-0.33916876223380066,-2.608696614832179,0.9531457563626078,-1.6344642260405897,-2.026993384846037,-0.643942482984692,1.306774355129407,0.4576081779382193,0.32335060742223337,-2.095477281262866,-1.3818725716058948,-1.1908265126627806,-2.2858732537531057,-0.5772982884326491,1.6334805712033833,0.04241372492092654,-0.3526675952281415,-1.1562436444489292,-0.13164806438969057,-0.30021812551345683,-1.3968544293069436,0.2890342995977278,0.7822452158524669,1.1147166404823048,-0.6054834148810241,1.1362221054161585,-0.5281770276542217,-0.4927127302325722,0.17033675321884895,-0.5651888538312886,2.038030183016022,1.0865562271997786,-0.9573269696314095,-1.6279695219739283,-1.1936515799047198,1.071580780971329,0.18173439710646566,0.07265892547286301,-2.010711657464177,-0.21680479850790738,-0.2887115558521418
7ad261c293707541044c79505e74a3c7b82ec31f321d20f0fd892bf46c3935a6,0,0.228602481255686,0.40130084325354626,-2.1140462654496313,-2.355495533099201,-0.45702397265741596,0.12141571693304715,0.41807040312478033,1.7896293115382262,-0.4794477975187741,1.3966714412941943,-0.9074580963408823,-0.7418515255803255,0.3105359609824933,-1.2041766206422864,-1.7703475209426105,-0.26148421078617945,0.6512912421019958,-1.1696898020871984,-0.6480993893889531,1.376736998426426,0.3807601240821464,-0.6513771746449004,-0.1263428782545899,0.8071171453743282,0.3777468975216419,0.24758186164551282,-0.13704047805276187,0.3299215552358355,-0.1504711924956345,-0.19094859824767213,-0.189008182853175,-0.778575868950731,0.2858616774841224,0.2728554224810912,-0.38939577750757,-0.23230010446331953,0.16899831177015803,1.4690050384679727,-0.13897963193326116,0.2168916328654753,0.3676524400103057,-0.6050551153654284,0.25821782840234897,-0.12929269491659506,0.053186686263531915,-0.1856169741658459,-2.704060870547014,1.0533798306600084,-0.20506747090096109,-0.02846430959330152,-0.4641889837170904,-0.07700191955418878,-1.2623590881805278,-0.5549769869425479,-0.0011360217226917824,0.47701123560653413,-1.6049055771745864,2.0278681707880035,0.23006886964727438,-0.19367920538339167,-1.3096442638485852,-1.5471271901676134,-1.6514580806851313,-0.5417805118658457,-1.2462835751396781,-0.3697391433989288,-0.27759834599232114,0.4320703596233425,0.23699640551684348,-0.5606362584313987,-1.1573109843173888,0.9161320746091158,1.1341667250447467,-1.0169967802725068,0.2939958823091693,-0.7657668028806897,-0.23041936511615502,-0.47996557452297833,-0.1352323774458638,-1.39670371377346,0.8041859335482975,0.6851511245095153,0.3221659749607576,-0.7925798296792101,-0.2629289026964722,-0.007975605609910764,-1.8229846964940464,-0.7358482390738353,-1.4150270099780957,0.6663465501316936,0.0759699117736129,-0.4856026415984794,0.41008206496875466,-0.593734829354936,-1.9014375639128067,-1.0758549067373229
71513a9e22dcbb66b093de6ccda9d13a02c5eb2176c91bea4f2d121a44a48910,0,-0.9356610114886217,-0.7064774513930792,0.39930117371181995,0.21012204203738855,-0.4989359651146982,-1.556667575461656,-2.316176722258294,1.2745936964862117,1.2923211680124178,-1.0858685568932063,1.3106474335009906,0.027287433380438764,-0.3653278472939266,0.5450687459242181,1.2020021490879418,-1.7366366153427544,-0.719447131043513,-2.0530003498933938,0.2389957554482115,-0.23076340187268896,0.38636787082136026,-0.6359404998843295,-0.45348561496759426,-1.9859332037383592,-0.288649102831005,1.1761370227332115,0.7025648166886465,-0.9039244709999512,0.8159114801123285,-1.4060397349736575,1.3950612283295225,-0.9770425734689416,-0.5335797164650955,0.6580709201604069,0.5615479864897209,-0.1500464164935134,0.046310401219458786,0.9249512790177302,-2.757664245013339,-0.20456586266697885,-0.1957730171736547,-0.10472636895386944,1.1041525985182907,0.7707276621615953,-0.9311561671276397,0.135217447596223,0.24815214835712246,-0.05178539894585618,-0.6456730157748297,-1.6103757183948786,-1.122692390298417,-1.9284378668499194,-2.2298451340214402,-0.023336057808587662,-1.686244848089415,-1.091399060010241,0.7687728170333163,0.6537042015101644,-1.5157350373590588,-0.9209124957230855,-0.32601576700569795,-2.4948988202585003,-1.090887576118554,-1.2063492497772126,-2.569331689267085,0.6391577587611517,-0.1269595257727515,-2.1043540447307385,-0.9489992264235834,-0.41438566416774125,-1.3107290221447039,0.6962026582260915,0.231802213222372,-1.0286038071406733,-0.20825333295019133,-1.1677438403849503,-1.5337912005186534,-0.9980188117770268,-0.4559785910591155,-0.46413729708860196,-1.352927380885775,0.3370740946472417,-1.3068368429492554,0.11094066270577263,0.576612273685922,-1.0984791692430984,0.35181799494759125,0.729448325640819,-0.6415527007094586,-1.4800202388239838,-1.0673754049989244,1.6344869650843632,-1.6942716434347078,-1.2561694144029292,0.24427246964532445,-0.6756378997606938
c18b3dc24dff4f3279910fc73cac8eb35f04d0a48807d92186de4a37fcf5cec1,0,1.0305437410615539,-0.7399054008935328,1.1194621645545026,-1.565219551365645,-0.5762761816840507,-0.32633320604451826,-0.5560249001478408,-0.479960529108137,-3.3027411186657982,-1.9941489258891258,-0.9047550192782252,-0.9806705567747513,0.5262519011432765,-1.2098960909042757,0.7997487942131521,0.580987043551122,-1.088037775922054,0.3529052094166001,-0.9843996468608971,0.7428330885136026,-1.6488551429663412,-1.616189711363929,-0.2839929288065436,-1.5035378591540889,-0.04527472708656066,-1.6503425874627045,-0.25159936398266525,0.6785155799513083,-1.1492856174712827,0.07039461595722016,-1.2698053430548149,-1.0564173891997797,-0.7884632808236912,-1.0227728724578902,-1.270797345075709,-0.03808753888581817,0.05387746932406501,1.8294138335762058,-0.6677111427575214,0.7342630708880924,0.3101989631884402,-1.0430022260305831,-0.8932382268211005,0.23950526246623594,-1.4704463527070197,-3.6852493274100055,0.5496228944603828,-0.14378092640133738,-0.30367793791590236,-0.7861101987765525,-0.9396342543072796,0.7332620114864652,1.8092602487825156,-0.74717407443886,-0.5673395678713588,-0.034936901367451756,-0.5550208890582853,1.2891938145847002,-0.5973503705969014,1.048107377201344,-0.9188901791384806,-1.793744156227729,-0.05956807782124596,-1.369778841211047,-0.31870933596979545,-1.207726298327956,1.2845721595598434,0.12732278579082895,-0.6295064925296945,0.17060527819387772,-0.3704649909159331,0.038021176929029954,1.2377522969222656,-0.39358964219296716,-0.6351357729305063,-0.825226836435224,-1.0410523107136813,-1.1654934975513647,-1.979216612347484,0.9677430295432645,1.191286440106017,-1.1553750660032567,-0.1332263636365492,0.7660380993008866,-0.6346135771569507,-0.27855514833975303,-0.4976450046973041,0.03852111224566801,0.7384816041578324,0.4759107109942573,1.442489386423368,-0.8238476091112299,-0.8471783058007646,1.2575630407002887,-0.9169663090979074,-1.430542207510434
6c2ed91b8f53686dc6f4165b0fb19bf0df01b7612e2e2b2d9f7ad6313fba9a92,0,-0.31011924070420455,-1.1014812771585492,-1.0648854899269462,-1.2496678112828992,-0.6690103030706182,-1.895252990714193,-1.982550529537019,-1.2557190144159636,-1.6948938767860129,-0.49410931230042876,-0.4773116835105147,1.0762532136017486,0.2676916710742636,-0.07708637518725847,0.3991502684978959,-0.941550028011271,0.7594006284642285,1.712492134605672,0.09721438052590436,0.7633465807347956,1.070246057266099,-0.17197329579247334,2.510799564440168,-1.1057325159018894,-0.28807792763929596,2.2229976880346793,-0.3587073612518441,-0.04467403896986441,0.22351147966499457,-0.7156821982952825,-0.4015718557686041,1.117729876433065,0.6259591671148661,-0.9980849347615613,-1.6215271369031101,-0.4461514368714581,-0.18004877381910223,-0.9432420656312456,1.0035900507121074,-1.2698066573571958,-1.9724240871747716,0.3523059047918884,-0.1523209394510847,-3.3688357570175977,-1.2966875819379515,-0.4109458884303372,0.9983858783783957,-1.4223349054271024,0.11904278603154492,-2.0562276164941915,-0.4651124795360021,2.0325199260771876,-2.1577398413822553,0.7986898289271495,-1.1582678700791091,-2.149449358852343,-1.1884619532051275,0.12139767226598619,-1.0866432173314382,1.1500613269360955,-1.3454715273095534,-0.8908182596879295,-1.5124898951425805,0.38249381231826396,0.09910287874393287,-0.35783436495761545,-1.1009487070266308,-0.7674326636467362,-0.34850097592187346,-0.0931642134405069,0.20838229339419745,-0.5345806117027418,-0.850413613463389,-0.8266332382550858,0.5256323688980176,-0.839472440582045,1.4967296422220282,-1.057280698924359,-0.0639534093854297,-0.5380000305352816,0.22437802976527366,1.4753055308304353,-2.078337023471767,-0.2714409141375976,-0.8406700023385667,-0.04218188798830608,-1.0458913666098586,1.5387585979814977,0.24408008209852827,-0.5748025652378279,-3.363298679431006,-0.18041952311636278,-0.3945819213158176,-0.2945522726464418,-0.8501350831788924,0.6880277371291632
6fe62eef131f7febbab6ac63b752366aba7c95b8b67f634bd48f5459a89ce7cc,0,-1.9074020996993042,-1.260172974545653,-1.380078707171555,-0.2893231995756431,-0.09431007706925912,-0.3760310691332692,-0.9627661736220955,-0.6306384784228865,-1.278645009077028,-1.1089254805057602,-1.4017872533973408,-0.2720835083243563,-0.6631243469672715,0.4630132264340827,0.969504975807924,-0.3105221418209,0.3193344299547466,1.7111109881523576,0.32005485065056477,-2.4575835963086408,-1.2179481066799953,-0.09103539211755464,-2.7889102307024807,2.3474021834525747,0.16170483164656424,0.7447374571031966,-0.930293141642774,-0.4046384924227122,0.44707931219675723,-0.1813661200713047,-1.1834447072820544,-0.4777167606461892,0.5149546343429099,-1.7078829494140857,0.9123103191476837,-0.9041190611989218,-1.0488883576896826,-0.06818825935274908,-1.2501863429853866,2.0579048782214997,1.7026418468609346,-0.7014851826783874,-0.0023331886204266405,0.7497396487541462,0.27087674998097655,0.09530091641308436,-0.6519926239788395,-0.34284855570407713,1.7521648139926054,-1.3800504961201199,-1.8515988342278382,0.7673989880576153,0.32422297033789116,-0.7619501701263699,-1.2326903366079316,-0.7785352817694434,-1.255353036926826,-0.3339188582012041,1.507612315395703,-0.6057653733202304,-1.2642513460660352,-0.13742959689867085,-1.300035999894014,-0.4513775960480271,-1.309002295605431,0.12450806032362682,-1.0628558995025692,-0.3939183584226196,-1.2344198940068263,-0.13434306710243588,1.0544003657713332,-2.166051018012263,-0.32610593080335915,-0.04380516932988454,-2.100245419553036,-0.8033528416657798,-1.527488356841011,-0.6643302831152629,-1.4953360650669714,-1.0516736394331063,0.7516882985971873,0.5917580543813729,-0.9855662062895783,-0.2654337800930088,-1.814666702449986,0.09586527358447505,-0.3265544645826509,-0.8551626593617825,-0.6730776822446425,-0.21615770181927918,-0.8064235948822874,0.32428856301419684,-0.5775731179090532,-1.5411239963800847,1.1272183406018677,-1.1116887571293121
02f282f4aefe7e76b17cfc7798e7c8587997878da248112fbe33c9c7822b7b2b,0,0.5892169249261833,-0.41922659916364097,-1.1428499786369328,0.3278800920076851,0.2944536060797069,-1.669503987237698,-1.8586412875529104,1.9428615994498921,1.4745851899462006,1.8191980591291186,-0.45574236591216055,0.18363924811172805,-0.22388422184025936,0.886254023527506,-0.491444326659372,1.1392290689809657,0.30248687770278526,0.7523174855484149,-0.4169378175340177,-0.24139176018573374,-0.33243464659040683,-0.7473225042529233,-0.46457425711883066,0.06828087628102814,0.3344258020809068,1.8227156016284454,-0.11644374346982606,1.5684100794415252,-0.7333546580390993,-0.9885928152670184,0.9486899307133845,-1.272725575156708,0.8617493451913179,-1.0654025391853439,-0.44322924813885567,0.1166905095329319,0.6230636217558811,-1.3883842772688495,-0.281361454056289,0.3075051614332378,0.6865384711075935,1.5420483925477633,-0.07624740649280418,-0.018382332917961597,-2.246792692545026,0.5101008479945095,0.4389559479743853,-0.39637483013792263,1.0153256562938562,-0.33612052714759394,-0.7702378504008471,0.3983678979174046,-0.290469589741693,-1.2941273679339647,-0.3518220036719807,0.5173670086159915,1.9437404761319175,0.019582431976881032,0.11026468070549897,-1.5501754412900706,0.21547539113667155,0.5426318871523759,0.5650738351402806,-1.740987546949459,-0.3732233616705569,-1.864357020430889,1.0453423408303282,0.12559514886547207,-0.04038143754826726,0.3945213473776945,0.48163794498279455,-0.3781510077341277,1.527215217815669,-0.6485513139582172,-0.4414171316122294,-0.02624730960183936,-0.032287312360542525,0.2215504116387113,0.6427915555291212,-0.7734737703186001,1.1690634767888508,-1.217119903762974,-1.1641853579311259,-1.6786710107741694,-1.011655542523241,0.3460804268251445,-0.12358882985552472,-1.7424123481969889,-0.408253908700212,-0.7812692676321119,-0.9301352713035135,-1.927414736485339,0.8795867217930734,-0.7509566749739611,0.27071080905474776,-1.3940209887952666
b5b364632083bafa59a083ef917e49967a791ad8c5ae3993794eda15ecb9f89f,0,-0.1386070081725401,-1.3280075408358614,-0.24917437018653987,-0.6290197895816336,0.7241420530592922,-0.8853318838745197,-0.09566411888088219,1.4862441807288258,-1.0852792094235206,-0.23092195528003073,0.4497467185249512,0.025408490785441162,0.7866734703393976,0.30241729035831044,-0.19574446095990877,0.3777316084980381,1.0219855764564016,0.6376068023494629,-0.9149039114674111,-1.1328752675689917,-0.9248894220737589,0.8843729784458599,0.4649893973414235,-1.3072887652924057,-0.15776934090304065,0.7806923874775109,-1.1829135711060206,0.04650863360432733,0.47460143891752443,-0.35607672577840543,0.8699474390125392,0.3136007488387365,0.886758423625567,0.11749468418889353,1.4047420796729204,-1.6174214962095192,0.1211769922507499,0.4813140989930961,-1.1914230441492564,-0.5622952815383313,-0.07231957960734464,0.3991063830902954,1.2959798073961217,-0.5010009508881049,0.43894285284754647,0.583899066345733,-0.42063557199264134,-0.38518724484391875,-0.578484845266078,0.02928302173106298,0.501357270385387,-0.3935902900829868,-0.8884129453032549,-1.0185022656321598,-0.14264889144194492,-0.8482438616451957,0.1067015733989993,-0.3175496902620215,0.8767786150149564,0.7258191036922277,-2.0041584472103375,-1.2056320282038553,0.4709934772776019,-1.2039205718758441,0.7670678927044245,0.9748159804056931,0.6396280337897264,-0.32647083028146173,-0.6268481839414941,0.7093977384858223,0.8981926870916725,0.4528982677236345,-0.5970404258962311,-0.12196690309750985,0.09176690133393137,1.4258972574706406,-0.03138560986681474,-0.3612872759794311,-0.2534800839246878,0.18090598480118758,1.0502593122270225,0.5374100138739746,-1.5144013977940254,0.2731386443945592,0.36561730201378995,-0.8922604111357249,-0.4351470722289038,0.8883481736549688,-1.0849725345137453,0.34239301422732604,-0.7087226488395014,-1.7821912600002694,0.019058041615814703,-0.8878331757191444,0.1690089032679679,1.766458478611074
c1d489845e3f6bf7dd9b0f397ed555d6cfbe9ddfff983af569c6904ec4269245,0,0.14010148577039327,0.14293130945677124,-1.2277425215047169,-1.079681024341473,1.171535626853459,-0.37198084424539707,0.880316709015866,-0.8361221925527256,-1.4941118486302156,0.6538618081426878,-0.9843346131603161,-1.7612783595288914,0.2835304590352423,-0.566366912263084,-2.061891788723671,-1.3841677935937997,0.8109100254121013,-0.7700430438445947,-2.8650640524109097,-2.44627996253699,-0.8673561934953036,-0.10171850175845099,-1.1527349603232524,-2.590798709196405,0.19318442452566098,0.06785787039018697,-1.0550652937672498,0.9798873913991473,0.6482072123857126,0.21918502853994792,2.753703526855288,-0.7607848030588128,-0.47474904530528,-0.20229713240704073,-0.10461001674908355,-0.3293511602347133,0.4403133566284382,-0.36798664513001983,-0.3092124053875969,-1.0320253637134456,1.5055899915649855,-1.0260258773045532,-1.5089493929713866,0.8250498365078276,0.30088166770639657,-0.594132514524299,-1.9270755758640292,-1.1347058190618196,-1.1898823827196081,-0.663770211316459,-0.10303301263264533,0.4058078168803749,0.9650354005179604,0.5137838214383521,-0.48686732120617165,-1.4057756179294734,-2.485855083248725,-0.5931667843527186,-1.5819445316991971,1.5931133846903247,-0.9524923174270548,0.41185890085773486,-1.8365753491776888,-0.6018533582036204,-0.4413545539612665,-1.5846228817940964,-1.070163019794372,-0.868640789952194,-1.5026971326663123,-2.111284407420322,0.8029677880996352,-0.5250212405026226,-1.3675960399968388,-2.3439426020298595,1.1424220739397644,-0.21654366070038056,-1.0387960342680589,-0.4295970077151736,-1.6533049866927492,-0.8688635555196501,-0.2954944143496219,-1.5108705226536763,-0.5229003759902517,0.7729305640105927,-0.19579305001786962,0.7250316324729442,-1.6054055953809077,-0.2758022759222345,-0.8587802579322393,-0.19491709720388317,0.9474515973350274,0.5758300451319615,-0.5074814995171324,-1.6507468965802383,0.46734477879038794,-0.020000756853349122
953dd0313901bb19d674df5ed69d8af1f2208e759b046afcf09b985130679ffb,0,-0.2839731848222144,-2.3473343012407293,-0.6634258693823203,-1.5695999016498738,1.7345249781376189,1.3207787149552233,-1.2336846662260599,-1.0450409037841262,-1.3454171474308394,-1.9326361617713945,-1.4383917407683982,-1.7090528462968,-2.0448374859638045,-0.9039742551054569,0.8078130500328158,0.06125388817826072,-0.4541871667303973,-0.1845692501392321,-0.891545110051235,-1.7010559447235287,-1.4993609869071478,-1.0048517900915739,-0.8435871092278786,0.42779836520453146,0.20523631141136828,0.015135470844762952,-0.9316518986944488,0.6737325391294682,0.0929831887782846,-2.5260930676281945,0.21942818868529113,0.8168109493981115,-0.3569439776415054,-0.801609331883894,-0.748005731464947,-1.475562673442562,0.5566309957667914,-1.2597417014321874,-0.6160060742796463,-0.8726683030407882,0.8772212436938942,-0.11462506216713586,-1.036189664100998,0.0931745806135672,-1.6017743110477098,1.1478943023472294,-0.2201642901429648,-0.5790157358949456,-1.557280818028645,-1.1034180375970202,-1.3191276148652042,-0.8108761340033688,0.34847813884855894,0.5602867134820336,-0.8576180485708983,-0.22544428688716078,-1.065678952331465,0.2391590933906138,0.48882528666727004,2.353559342371077,-1.3305622390271195,-0.41161801173765017,-0.876913965063684,-0.06820166019143797,-1.274553340856714,0.5139261133841617,-0.8059972760553097,-1.1085645100278734,0.03640832751387024,-0.5423619913577126,-1.0050185510223886,0.43222655427887846,-0.37504206118734035,-1.1860096599028687,-1.6691838224871254,-1.3602808543980596,-1.9840793994609809,-0.42052739264994626,-0.6058871128335385,0.2531897100021356,-1.5245917964402185,-0.720949546046582,-0.7261968102137901,-0.39492695259654065,-1.347293751290969,-0.25679056854429205,0.1998903062487835,-1.0797955671733015,0.19299204584707597,0.6346225059748074,-0.25981830860186866,1.160244345834231,-2.103089733794306,0.49647598920019315,-0.9356303637757849,-1.8597749520306845
290455025ad553b6adc456ca8fc6f54a66b2b7d6b827bdef106c06f9a371689e,0,-1.5457474649838345,0.2892291059537973,-1.0702545148946903,-0.42194339616159665,-0.36704010000386456,-1.228889706075673,0.5427917396481322,-1.2170705275243474,0.30765029803443233,-0.7675304390817956,1.4487406357847648,-1.7367824381816575,-0.6573245824705014,-0.3448180454814994,-2.1778869425181595,-2.128678848762168,-1.0150742198544864,0.014744026502086838,0.06401237840820373,-2.4020313213475704,0.047585280003735964,-0.7184368836134893,-1.2148509027544814,-1.1361601231973817,0.058953317234950786,-1.1132719515362866,0.31298018413157896,-0.5690402276259865,-0.624504977108302,0.6203620135724973,1.529060336890411,-1.139994524873135,-1.1000614065903465,-0.32065095739740457,-1.8246624413184596,-0.5308853951387149,-0.15068151847970285,-0.4321237895766668,-1.1333234763913809,-0.9624936303535323,0.2596028523133408,0.7212755833458727,-0.2326577817643274,0.4080922289612617,-0.6916445662128897,-0.22373696973117468,-0.5187034126326684,-0.7044986558377355,1.2040860481862339,-1.699635267067693,0.4860545953976647,-0.7287666003296915,-1.7308213825573762,0.5696970788385344,-1.0272749450063836,-0.5177192676902622,-1.4053031589831613,0.21804175861192931,-1.943895107359245,0.21563488580959866,1.776284865436625,-0.4275919182752307,-1.0454629029968574,1.043600302147326,-1.5954291488161108,-1.7220426389668932,-1.8120328879062617,-0.7944812925985487,-0.1966678287573218,0.13935355670631877,-0.008697412983909247,-1.2288238510149947,-0.15088044607835582,0.7496036269453497,-2.5312961517229193,-1.2713937749434865,1.1697311686129703,0.08457207336533257,-0.21079105574796708,0.44755616983550955,-0.9152348343839217,-1.5541491812918071,-0.945553822862564,-0.7630034323525237,-0.14085025356167957,1.2871442395901922,-1.245999243919796,-1.49258272920398,-0.18813666403159168,-1.0093113954446495,-1.3287072222823078,1.1910227722417837,1.475573187436646,-1.6403475416189965,-1.134804496753957,1.1363829823403706
3e0525b0174d0a74aa067048e838ded64c6cc7dfcd980f4339120a34e1637c9b,0,-0.7571847583591356,-2.184929473822095,-1.299753201647332,0.3635584014061436,-0.7483260654348778,-0.2707259575803618,-1.1146934752945834,-1.951850478733349,1.4170321283669491,-0.049086047284060186,-0.950805545367854,-0.5550202865416025,-0.8228562309682059,-0.0793213006332974,-0.908972113691029,-1.6602515884563867,0.8548146808300274,-1.0789262418336312,1.3709306665684797,-2.4096922295803473,0.9272751504241755,0.055853834081223575,0.43990259239030144,-2.233625995556794,1.0771795397151473,-0.9774309793624556,-0.1690391345959707,-0.9997138646795976,-0.2503275838357678,0.31127735046368643,-0.5315683367694161,-0.7577533575043787,-1.1751063467713208,-0.05922048306505501,-1.1660383796071456,-0.4149082600878927,-0.5954178265094996,-2.6963436191834154,0.6888144154147883,-0.755073200668442,-0.7819615266801347,-1.5629783049727974,-0.4582583203304751,0.625136005747148,-1.7192993876814877,-1.3130767160256953,-0.6836500933846819,-1.9464534105555458,0.0603162840331834,-1.9106980595599274,-0.378668687462157,-0.6176958903127119,-1.298193997244989,-0.6724244119059007,1.065602441935152,-0.3968513626271767,-0.0933621718314524,-0.7943676558294657,0.1539258400326472,-1.8482830298669044,-1.291036614468108,0.07710006790359285,0.004084425149852633,-0.0013155436396222742,-0.706578146034937,1.1749662504480376,-1.4732208869773868,-1.1595967273252614,0.1395462176274404,0.09231141483141725,-1.9131143644076478,-0.9610924130016238,1.153047468762562,-1.1686512574259338,-1.5966931125942359,-0.6160862298870833,-2.9185389495599328,-0.8813892846761445,-1.2143157167311385,-0.6351992773417755,-1.4009805388815462,-1.4132902967415684,0.3997439833135634,-0.16468676841412935,-0.46592462313669636,-0.5583727189861145,1.1970812192410487,-0.7207374360678137,-2.094448190424189,-1.7889436976331443,-1.8597553788459888,0.7858844781260298,-1.3490894162392608,-0.9705207640997997,-2.494444168069313,1.066324233505303
235b2331ebc5b62c5f69846e3fab61dda3712ed7615e5f657adb480dc961b640,0,-1.750563264011466,-0.8700888335858268,0.44288442174542586,-1.0759880116793632,-0.18646513779656285,0.142049700674271,-1.2535897411224028,-0.9140812537798091,-1.224232808583174,-0.7637058274629842,-1.6554111595530558,1.018342905895888,-1.2512717349282152,-1.8607771995500002,-0.36046010888466196,-1.9080881406288592,-0.35859571196460766,-2.370801845854542,-0.033400283806389486,-1.5669191569718401,-1.108517339257537,-0.3767467094554713,0.4872891622536183,-1.6879996749245316,-1.8413359423803413,0.8293462374872611,0.7770202378575672,-0.3712012880046671,0.6672275202167937,-2.7734741067221718,-0.5121815976207151,-0.15883575445583795,-1.4337393619920547,0.7550356471258897,-0.28006163870204714,-0.08701787591199706,-0.22817866867682457,-0.6433152673635798,-2.4093905468822907,-0.5096342056858804,0.12726356838257258,-0.42389056501791833,-0.3128117396663093,-1.1771952880667842,0.31785596300456964,-1.5001514722994074,-0.6770332778479625,-2.713587439051114,1.0695837508930923,-0.5766499195838171,-1.920694494530119,-1.7043786779815693,-0.6871507673589609,-0.586222977750216,-1.4276257230295366,-0.3993725479761825,0.29170090575540264,-1.4596605625890589,-1.0359013110785902,-1.025997857532643,0.6932264433923765,-2.824247277717425,-0.13123847854734583,0.5504291638543068,0.4589221039260684,0.39500476221460035,-1.2337472052188012,-2.5695788757805698,-0.0842280413077415,2.040622928813659,-1.5936363345672482,-1.489498415698876,-0.7218110559050703,1.5716526140404738,0.5208414632395786,-0.6787197416776845,2.2893274827712307,0.5436933905804412,-0.6431485146902451,-2.2061052245083306,-1.5566133981566224,-1.0458166804005091,-2.5103328797124975,-1.189224684605108,-0.5094466492082381,0.25820423041168705,0.035625651593676255,1.507045157233489,-0.4244740223165936,-2.364548656922183,0.09895351878670663,-1.5782174938941385,-0.8256320710595233,-0.6454534297370844,0.06356080544205467,0.38292869153692444
5ee52ebb3c6b0f376ecc258432cfa7cfa38132a145999dc02eb40383bf23a263,0,-0.2565319871101933,-0.5824319743935902,-0.08341468993703494,-0.46103459058630697,1.1697012467953254,0.2054902280909349,-1.9321667122319184,-0.36676990787291486,-1.2401646657215997,-2.094131005873174,-1.3981125165720494,-0.17095465240958724,-1.8502457993367873,-0.688401673797744,-0.6440881822786408,-0.17032050955658007,-0.026117110839508073,0.7876471468079822,-1.2763878756473943,-1.2230056999240495,-1.4854588684666676,-0.405866711661735,0.5185092430111552,1.3040838279291287,-0.9265400083147466,0.28373648744022406,-0.6488725476800621,-0.6438180439831378,0.5047707129325603,-0.4013225191681998,1.385387107700006,0.7666851245140858,-1.5846695645558722,0.07181776633822257,-1.7650802585985452,-2.0616488398599193,-1.0936241674335463,-1.5465481970942827,0.15652473622079233,-0.6270619494617258,1.3338388964563481,-0.4259326037803576,-0.475737330924242,0.7958308070973985,-0.04372733412985941,-0.02251576902894331,-0.7361773340577278,-1.283313211253007,0.5699614556142895,-0.7519912945171552,-0.3570093486290342,0.19158246794373757,-1.0678300264877105,-1.265801720063623,0.4835683923331551,0.006873798283888954,0.5080717634160085,-0.21071452809925761,-2.0417511416233367,-0.8191971265159335,0.6899970917349627,0.07440074759013349,-1.4016645739724303,-0.5635061633970291,0.06305394947326104,1.7246227141930206,-1.7856918764158374,-0.8020018731353415,0.48447444918127036,-1.2161936319878122,-1.0436088798762937,0.5180676441593917,-0.7226113161958339,-1.7053760154837585,-1.2216354407301329,0.6848377363408386,0.4050922893115161,-1.4244928707639495,0.10052075501367325,-0.05983936737754236,-2.0546119897231456,-0.9825463440356934,-0.7027622301417318,-1.8600736984007948,-0.19642967908157527,-0.5328609190490002,1.0352206538351867,-1.0594990789891623,1.6404708997671889,-1.0479126800642034,0.677218983056648,-0.7566439770407216,1.0285540302964171,0.9088652371323762,-0.12402648904193155,0.5826707598714191
8e7b7ed570b34aafa99aad21843ac62234f9b2efe3c5874cb13361d0ee53d4de,0,-0.8447889718777158,-2.360941271623326,-0.15398942431253693,-1.6223018678498597,-0.5502195328020445,-0.8942335508968035,-1.699615162681461,-1.870356088675056,-1.8699215852751268,0.14065435637011287,0.9679126500753505,-1.0949850002847068,-1.6316372679626023,-1.4552687570828065,-1.3759613960651107,-1.1260067824511673,-1.2541263015686896,-0.4241491423755502,1.4754158480380115,-1.310208171371085,-0.5328755649628917,-1.3993181245483648,1.2461341438790265,-0.9207232409574801,-0.5017855984812337,0.1446540225254468,-0.9607874028235802,0.46646162209509223,2.0786852762849497,-1.1978971125355646,-1.0044035507573739,-1.076244953965317,-1.0950791051776738,0.3741137377510537,0.23533501494520903,-0.11394616566019639,-2.27356565017678,-0.17527976600005893,0.3697414379260024,-0.6550712265269405,0.9460135139497395,-1.7478068342584026,1.5397247909116745,-0.4080268149689698,-0.8836768037660536,-0.18664118398478924,-0.3947513696482541,0.8015369269311504,-0.03535865397909649,-0.8822844852870189,-0.22513232244591885,-0.559037079072243,-1.4318695806854775,-0.6702915112322951,-1.52891321255405,1.976485547448111,-0.003808201624279528,-1.7078934401827168,-1.0521584048431867,-0.9175197111468725,-0.4970341140786326,-1.9551636708118736,1.1067320191035193,2.1274534986809566,1.3788914323409704,-0.5724294981711049,-0.6801002670090703,-1.2307270719575918,-0.19461827492743555,-0.19713290482036794,-2.0354483753753576,-1.4381588130282097,-0.5433887229455394,-4.1045603521656435,-1.1463816687625097,0.14816016755724865,1.6042619981459967,-1.4998896388603358,-1.1527840951417656,0.3659682941651219,1.392667073111988,0.007407026164991566,0.7105118510740437,-1.048760384737184,-2.6090111025153515,-0.22923431170101177,0.6373643238880571,0.6231901100352828,-1.5853342822696495,-0.714936371384114,0.2736654530578677,-1.148092926733199,-1.0068153021788528,-1.3877608765891623,-1.1227748914123914,0.8882392449608186
78a388ec8750ce1d307967b2b9256da38f820f6ffde03751d9c0f57a32713c4d,0,-1.109241725127073,-3.0274172304613836,0.10116650800867205,-0.7174477648744216,-1.5810935047839685,-0.8687338026292648,-0.9489854042081771,-0.8136253936958084,-1.0426458429711742,0.22023381666684255,-0.6241746966016546,-1.9426122665176502,0.09800606513607743,-1.61475918287044,-0.5479821433058677,0.9524582123826051,-1.6366489087520601,-0.5833133887031543,0.10528412046285168,-1.4141200123911175,0.3916045090628797,0.3981849124860932,0.3642598777834136,-0.6790400758890371,0.5343881381515417,-0.09192377799283702,-1.3960407706813538,-0.8379628733497266,0.040696299714537476,-0.22182495464185464,-1.318170344489442,-0.7915772449269005,-1.213638414548637,-0.5347926923642692,0.2686304969025563,0.5199292628462912,0.3254621006169037,-0.20659137670263403,0.9066390362131204,-1.3206189193923943,0.8164877068799734,-1.0481661632434471,-1.9529988274809318,1.0219907023618768,-1.560830881940264,-1.940214310280958,-0.8677413632738192,1.9263995485471868,0.08465736967146975,-0.08700878275979018,-0.6699181556887891,-0.9141095189535651,-1.6126578318215177,-1.1886632458079995,-0.5706060687406777,0.5475362820298888,-1.0100135922277387,-0.7293159870923189,0.72293232401608,-1.125969120419016,-0.9143129309474036,0.15151957835582175,-1.6345133035283317,1.168182701379105,3.4574613691257587,1.81908011318197,-0.24251812282648222,-0.5860510479127838,-1.1062929761332239,-2.1573026100527803,-0.7687258975123307,-1.9713202386590287,-1.0865100078709522,-1.2859984373869826,-0.9284234618992916,-1.678006978804965,-1.149533554030654,0.8460026310406553,-0.15313513103340162,-1.2466246689490323,-0.6850114373523444,0.25408339654686485,-0.5106568670206779,0.26062114539449865,-1.0356781557238937,1.3907489234950925,-0.8342069439665694,-0.8765157979282232,-0.43418703692778066,-0.22601278233945457,-0.21557842175553515,0.9632277315709497,0.07169860984766525,1.1659564547727617,-0.8326380796208019,-0.7480873497355987
4fd9801c8e809e2abab7cd8c632c8dd709357cf75fb50ea0a2d944a264ba8417,0,-2.3499003560468097,0.35302128942691735,-1.0789887624948642,-0.170043253526512,0.11812494836876797,-1.571571972831751,0.07120120617626746,0.5106789877770403,-0.36605422198404536,-1.5604340573468716,-1.7079498274353644,-1.0794300619496986,-0.5296439758196625,-1.7203473325348462,-2.3245013481627126,-0.895466249104034,-0.2963421616661911,0.4708794516466989,-1.7991238363396829,-0.3151084149021169,-0.8216376387836732,-0.39424983866831054,0.09497169895674773,-1.6724383174440283,-2.483637355378875,1.3150565603090636,0.375588050389735,-1.5922677454618277,-1.1203848471856188,0.1627721332367893,0.22687479699451096,-0.17428025513572143,-1.1343278515912518,1.2853656063011107,-1.507333427824697,0.569463416136351,0.6339677364698678,-0.38293697325686926,1.135894672831054,-2.044998024720414,-0.11057557339249169,-0.42763522304465595,-0.5539473189453322,-2.107330676833625,-1.0709249708858213,-1.608550609882307,-0.7144453170436487,-1.292520678257638,-1.50486067162024,-0.9523887261973567,-0.989120379543353,0.4474090132774223,-0.45540685695143623,-2.305524674004344,-0.600269225079978,-1.1050940630499324,-2.602451931735544,2.1057918095351704,-0.8722683365505319,-0.7675847336736323,0.3917900441877569,-1.520550921917408,-1.6163604716670052,2.2347574425712544,0.47374889954418364,0.3016283641743531,-2.42416034688224,0.4137569289209344,1.1624616878508065,0.6964709071745099,-3.0601870036394945,-0.8796421411689415,-0.2827122208583163,-2.360220557223596,-0.6082040575418082,-0.4852419559906137,-1.6163171725106102,-0.08772345114804558,0.2656833563710308,-1.5395357214996486,-2.512381606807905,0.4277227389951492,0.13766772669532668,-1.2663370540486425,0.5645084479951488,-2.2814804315128816,1.5795961090639585,1.5161053146125636,1.6192088028341105,-1.444138144319124,-1.1492238639255214,-1.3296061471876206,-1.4009858145342056,-0.9709684251664171,-0.7263991651351873,-0.5508943442478323
34fda082876c31fdd277b1f49cf469da9431e4d0d30c30928851653c9010a3fa,0,-1.3426849752958896,-1.053380958288086,-2.2030253443844288,-0.8552794032432031,1.8835216201932032,0.8876683337024038,-0.5373371532868472,-0.3439508133993651,-1.5472921788799412,-0.6360889567925627,-2.1224273665516478,-1.90231061219762,-0.8752754848293558,0.10306360963839661,0.16216617134519434,0.1654212106503054,0.9032350622025054,-0.2792955631299996,-0.5950090514973037,0.9779505569448749,-1.692533672978315,-0.8114741817012993,1.1615628170896923,0.8971760695187976,1.664196788751376,-0.3325182210130484,-1.0169754317304005,-0.14181727031419933,0.06364724092914054,-0.8006376380319998,0.03680132792450619,-0.26808588038052383,0.692261608591114,0.3556733719472941,-2.21474088546772,-0.8327905060824745,0.8215882332923583,-0.5204905793444884,-1.6234649718587701,-2.354258721124558,-1.4994240281270526,-0.4934575352111411,-2.4396432165135087,-1.214410258402054,1.0107889167129311,0.5417243799805914,1.133797329204672,-0.6625140787009145,0.41671076740015905,0.2445837089963498,-0.18733580986718903,-0.16776100095551894,0.48566982293225675,-0.40105929965578274,-1.4840224547782426,-1.2297174054899773,-1.0439024843679008,1.0320027859146095,-1.5686123812567494,-0.20815460782196038,0.9435225258132351,-0.6904373060747586,0.080885545206071,0.3977869018652547,-0.9762323967571975,0.26301702540417626,-1.2332872143605715,-0.9227658703912148,-0.6044390054743701,-0.8347511632877507,-1.7386909665027144,-0.8360284301119689,-0.2412903969549317,-0.6558585723611895,-0.19408122967337793,1.3049065179925403,-1.4917394843815388,-0.18033344699299758,1.0525960815516548,0.4517403611076709,-0.35039669491337166,-1.2636673123755267,0.07681651981979462,-1.812717481861114,-1.4924705114137502,0.04563656574915649,0.6931017780394204,-1.9487431729532876,-2.656954073952868,-0.42994868430254746,-1.5714494853385896,-0.4782207898427738,1.150886480514101,-0.852037349647519,-0.7882516169532521,-0.04929924033576605
f779bbfec90d43f4f872c9221726e6de2104fd42ed1d6caf686693ba61091cea,0,-1.0298957118358931,1.0162693883058682,-1.7200257427542303,1.4163776191313118,-1.6671653390147865,-1.4446916888121533,0.5207385612115116,-1.0006736334267727,-1.8869791304805874,-1.8983331854396062,-0.660804767720026,-0.7095074851951486,0.8561908914539689,-0.9487142842080244,-0.9148175734388407,-0.5579005892036517,0.10653741628159356,0.3818265889921765,0.33668785744477975,-1.073171657335335,-0.5864671070809426,-1.8991056793787127,-0.12815122211275737,-0.9782848955745082,-0.6483409290426463,-0.1540759439505108,-2.610177650210579,-0.030800803362363238,0.6968853738792493,0.13148154385558405,-0.9312412545875597,-0.9673163966432258,-0.5042691201965229,0.41672757637024455,-1.1202078990224829,-1.016852863062403,-0.6084571133503391,0.08988381941047774,0.2270502032778789,-1.5423166178969452,0.24300037624438758,-0.6907350436326631,0.6904160470348742,-1.9212732237772983,-1.3500787465917488,-0.07979732249750018,0.41369158081229324,-1.224258519246534,0.9751537459285611,-1.4491222874159972,0.5212671104519869,1.5903402543117275,0.3851856230617233,-0.3501488160808396,-1.514785212434108,1.292594894237711,-1.1326900787057075,-0.40697052708826675,-2.3164132267879003,-1.4503761450696442,-1.8187515397380318,-0.8402728020129568,-2.2496494162104193,0.4756532554933331,-1.816477190115008,-0.8810828158197456,-0.6137188127511612,-0.2590377219552105,-0.729242850984929,-0.87863597655337,1.095708005917724,0.23898007993909323,-1.6316139337730577,-0.058973055836730515,-0.5508895299498544,-1.1598724395664846,0.4120930570388209,-0.64742260260292,-0.6612291640799142,0.43199419886045076,1.4032895169747954,-0.17779519154822054,0.08006605672416256,-0.28371357060794594,-0.34402442503945097,-0.3435921266062605,-1.9909257156927598,0.04578668489371509,-0.9343060239936001,-1.3781376412490511,-0.08092849578361999,-0.6533856613353847,-1.1954156826544093,1.325527701020837,0.7523427688132239,0.775030021483063
3f8ac3c8bfda5b4ebfa5e7b5eccdf2ee9f4dd9a59f9a0544ad2562ef1d7dfb04,0,-0.5213337935729321,-1.7229917921515072,-1.2352050796313923,0.813787611496553,-1.0865993297038,-0.11125406236551916,0.613270968614951,-0.425009546875053,-1.1224695929274957,-0.23250188749323095,-1.7178840668874975,-0.7617121468495089,-0.03626134812574744,-0.7366881657816331,-2.8672046338796524,0.768953308180175,-1.457648512245109,-0.6813901301899734,-0.28924115393348915,-0.17545219184274558,-0.9951266842928411,0.8121422652341513,0.10424676658925636,-0.3103660912344684,-0.2573340535546894,2.60977755201212,-1.6659997183317263,0.28131367109367295,-1.4854713147036405,-0.5396541284127456,-0.2247928592285211,-1.4852867247590604,-2.271908010463794,-0.9383983376203264,-0.026745954026676566,-0.19975766604423506,-2.0791111678038323,-0.5038050598733272,-0.979641643328118,-2.1402421797880096,-0.37731772626915816,-0.5670185203386726,-1.7402892997997277,-0.48451011490271223,-1.0499727884110004,-0.23532434138564,0.9861863832523403,-0.09632967488460989,2.335507146212156,-1.5864909047411193,-0.5793922372966219,0.8613704944885524,-0.24292722836032216,0.7143303818970934,-1.1834360218008322,-1.5238476641614005,0.04690206226824023,-1.276571974188949,0.9052589380529668,-0.33912042571420264,-0.28143021484398933,-1.9548161904644108,-1.294856630821872,-1.6505251079020207,0.012604453898026627,-1.105952735491368,-2.2491433721925436,-0.7256704047576001,-0.03543771179687338,-0.5497105777336428,-0.09949561072576656,-0.44523981439851024,-0.497106902037489,-1.4584797895612946,1.115961748334606,-0.7687960366084907,-1.2295437679330903,-0.15738925486770067,-2.624796329405595,-0.5505065179175798,0.39026017637341576,-2.457652844263662,0.049022650897899755,0.34206926438380836,-0.4459054738930641,0.9094694421503148,-1.2258457678840045,-0.7829017149416555,-1.2917005599662954,0.7147309006398559,-0.9567315767327065,-0.673558319068271,0.7626889748628457,0.043942883683093514,0.5959583387776025,0.5602767206619568
9f4fd1247e717081f6ba7ed008fcd2e4b952b16f82c2394900431ea738bacb5f,0,-0.9610037782531419,0.8165709114112504,-0.412521608679256,1.3734546580735896,0.440725672878315,1.5747291565374244,0.5191954088375159,-1.7545163664714964,-0.6720559533219816,0.3576249959881905,-0.30299193491322435,-2.809643097616092,-0.1568647454533381,0.8815911485399992,-0.493270939105062,0.2544921679227714,0.11788161361848731,0.5328759054844245,0.44712907458188134,0.007183359706768866,-1.7906769756438055,1.377541030855422,-1.7036722977551575,-0.1490010521839238,0.3149565856597686,-0.7383278711971499,0.42539444039833507,-0.6295565859151668,0.16666047880951496,-0.49379021372994664,-0.9820798200039256,0.8473977126132541,1.299861945449476,-1.2721462172283897,-0.9852766487329471,0.21342213833284293,-0.2863255479473249,0.5430780189777663,-0.6119375173086572,-0.43762162317078607,-0.2732254798921052,0.9006392711186024,0.620767382368276,-0.4648545756543784,-0.874926346034844,0.6136190877554083,-1.1124015183495304,-2.787992263488861,-0.2513688257482737,0.10716941155442955,1.2639693075958929,1.0589358340596902,0.41984151340602577,1.0138092929002405,0.6746044894919567,-0.6581515658611669,0.9102632187588304,-0.32047140089780435,0.6236552280419033,-0.4692319836418605,-0.04931359636108501,0.4917015077893166,-0.5646697934647097,0.47410304323977515,0.8971794170393775,-1.027645720795073,1.5363239514180043,-0.10740756067553503,0.6778043501248017,-0.768380892823747,-0.33147103564102604,0.4591977638061523,-1.2395444952366586,-0.6661770763132675,-0.6260839724167198,-1.380971149535943,0.5392885212088853,-2.249141464322593,-0.4928081440479329,0.7180978140924106,-0.27848855658768135,0.25560784723429864,-2.103369272887724,-0.10713701469786263,-0.7615495338721432,-0.012362283811390151,0.4933808968544584,-0.9943249860507445,-0.0838089119412381,-0.26448301275193775,0.4396612422027884,0.9371595469899965,-0.4022818532691036,-0.10017444846693233,-0.6741939064006416,-1.6149504607234333
2f86d51db2f4394de0f4532e5ae274c540d1720d9e8500e32435d863031affee,0,-1.0043184143696826,0.4456585179171637,-0.8495622984388271,-0.8438615822741595,-0.7228418602965179,-0.5372214936548685,-1.0601380329569845,0.657173348219918,-0.5017412131763197,-0.751942447417682,-1.829810542679961,-0.18487813242537177,-1.5803694261577124,-1.0079728094624676,-0.021288794348386042,-1.7819587872328895,-0.5082289752157895,-0.8004608942463406,-1.4431571960648961,-0.46650959894036476,-0.808627203838111,-0.474004256660201,-0.9358047309897708,-2.1517901652787814,-1.0669581012871483,0.6162923479887112,-0.8750737906578148,-1.0812553971362542,-0.23356364048077427,-0.8673915248245287,0.9537071761685985,-0.7077274268227673,-1.1228693909592855,-1.182977208551836,-0.3797395390873552,-1.8433356922589699,-1.1464096474755958,-1.5324180007289527,-0.15404846341794365,-0.781642134573442,0.24276816493823716,-0.20839933226543433,-0.8082987449204745,-0.9614979849053212,-2.2692600183543172,-0.5031939285123268,-0.05550465107611324,-1.1842830246797764,-3.175967013222598,-1.410875739896678,0.8008006620228136,-0.8227832049249049,-0.7347069432220463,0.19558970772089077,-2.166207772171821,-1.4706044465365296,-1.1487710627707088,0.8051392849203921,-1.3264834878754965,-1.0995888718161368,-0.08799173142888667,0.6639724862503649,-0.4878498065753947,1.4182746975457845,-1.321577072497373,-1.8191275327803422,0.4658264976274659,-0.2516596290624123,-0.433074540786923,0.3810675868892959,1.6437032414850261,-0.3555003259527444,-1.6282304539927237,-0.7019272201158125,0.5779202891125257,-0.7999457616946661,-0.5136824985620803,-0.4525194899148589,0.120747315277726,-0.20597765527053558,-3.045460519367703,-0.452330257265141,0.319401542714854,1.0484259608304665,0.07284297336927151,1.2203818101136532,0.16377234676355462,-0.341625546056875,-1.0453491967484132,-0.4777085383332426,-1.4898868978486979,-0.5847529094603205,-1.170234322840939,-2.3139128210948186,0.1449921865678242,0.540749860889302
5924876f8e7ec59834254d270ccf01476d04fdd8df2e0120848506e727d51377,0,2.284800531526345,-0.22068943692114346,-0.09050066871840745,-1.3498079998495986,-1.8932734273482088,-0.2661671036069295,-1.1457301334978474,-0.9582731704010146,-0.455269227868306,-0.1323091966632154,-1.107468851098944,0.17132721978941423,-1.2009188694399264,0.04978090809016211,-0.1597136841084844,-0.7328598440606968,-2.1678708726682525,-2.67974618350601,-0.9075551952473605,-0.4165118013671756,0.014058086093365119,0.9228206710531491,-0.8605572926373479,2.572603731170295,-2.719550366894587,-0.8666144066733117,0.530390705829527,-2.1806125755984955,-0.30073067892336747,-0.06425242981210055,-0.4667167905479266,-0.03070846096743496,1.0760198225037176,-0.37869217321580684,-0.22533893066920851,-2.4970785385816345,-1.1972510564129846,-0.671852809888112,-1.2784028315695235,-1.3687004789646129,0.20025970936049653,-0.632597241864825,1.2787094664825283,0.6625262296333645,0.19395936387403528,-0.14716877559352914,0.7391323791059295,-0.6660231398617876,0.9985415698346856,1.0143477358903314,0.05577200182949614,-1.8035345129096836,-1.3995413740467217,-1.7521940354826637,-1.5635078545835943,1.3820369092180713,-0.5139059858143169,0.23950145742278567,-0.4419438420812287,-1.3675495172394663,-0.1358428749668087,-0.07749178566170728,-0.768348937839864,1.3432493662883476,-0.2326678281776683,0.6942903187014693,0.05495611534485345,-1.2220518780020173,-3.2316681665121347,0.5329004695492969,0.11763673993604207,-0.3499210442011017,-0.24300204159043595,-0.3033765459692269,-0.3519256968262986,0.24744322906745475,0.38497488432688554,0.42304751138787394,-0.956795092136898,1.5227005811582672,-0.24229467891390613,0.6657101271033383,0.7138539713360763,-1.2999334595851972,-0.06694985092447003,0.19906299981323117,-0.8444858193505443,-0.5168575132488673,0.3288378932007801,-1.080481907762886,-2.2030388234674185,0.7102247886320622,0.13663412170330194,-1.2820142629071856,0.4614065599831406,1.1647657424751472
4fadbadfb531a4692fe3eb8ded975eda7cf616fef4972a1d57f0668c931bf351,0,-0.4999672771359154,-0.03786818578152962,-0.02188522548418087,-0.5559958263073347,-0.6925291890003249,0.12975177051198322,-0.40345392351832066,-0.20768811425240322,-0.06568064559828418,-0.14380893908036707,0.40805865029489674,-1.1175468516237168,-0.15946297493532224,1.26825193569744,-0.611204206963446,0.2937176633097384,-2.346317030148783,-1.5717500571892118,0.2893029771979251,-1.8752367572202422,1.181536559544219,0.2806687392470657,-0.991273385998697,0.770438568866445,-2.3008632767409156,-0.6351002519770926,-2.459960301609641,-0.2707961971642381,-1.2518993713680913,-2.076426279661426,-1.9961054336178043,-2.1855366386229966,1.1005725824291215,0.450853510880982,-1.9978329406534212,-0.094332467397377,-0.49807978987564067,-1.3849690645928334,-0.5562350253672386,-0.7135220934562757,-1.323988371002424,-1.2110382335874306,-0.2783055813100097,0.7549983429715545,-1.2600566300262241,0.4548975177328722,-0.8236300384689724,-1.7584458723939278,0.7937297761810346,0.44344039643905564,-0.9282374703880726,0.9243482466413153,-0.7656543122433419,-0.13475003301881522,-0.5453624555038906,-1.8906534408858469,0.3046939332528943,0.7573591958425784,-1.4543104948767238,-1.049901835394194,-0.5656359988403877,1.2245378668107327,0.21648326745015561,0.8297293415120707,2.01796523652256,1.3613246769658618,-1.3405293018457103,0.7628322188276384,1.28059796465005,-2.7644513056784525,0.19052616754087448,1.2435097672543685,-1.2358208160063837,-0.6611029071336889,0.5633605848346497,-1.155009630487617,-0.9701921163623994,0.4916678601886593,1.2062731170900085,-1.202300730905317,0.374858003728161,0.5778986357772504,-0.5317806474785872,-0.1626586853009978,-2.1815051633373477,-0.2763411841312149,0.5942747499774867,-0.25355603447028724,-0.2353993373099208,0.6150951539427192,1.2692563321456476,-0.9874929292834422,-0.12567634834068087,-0.36880384898226615,-1.6456098058296036,-0.5138714725407534
09755b7ec64cb684aac80356873a541c9d914f9923cf6a5b8191a95aacff4f4c,0,0.30592974233829784,-0.2728986620644545,1.670493611957944,-0.2539587928288031,0.9686771431110524,-0.431876420875671,-2.032724189116517,-0.6113328692257785,-0.33611791501879384,-0.42240447907362166,-0.9985854884474445,0.049108990349093995,-0.7457736904076947,-1.2620968256776548,0.5980268260718833,-0.41410926574745066,1.235601658327906,-1.0043798099842183,-1.1124036726860924,0.4316333452217684,-0.42208651020819477,-1.5458060579601196,-1.7450740696273352,-1.7972363960505893,0.07887932611926385,0.563813104172171,-0.6908299476932299,-0.7394541836701604,0.7501389775083467,-1.4805185617408425,0.5334337928755397,-1.7700899682176838,-1.1584754190801299,-1.9164633744975048,-0.3206019663193629,-1.2454386683727705,-1.818113460519131,1.1071392831297908,-1.7255202165534067,2.2958309952167433,-0.04490785194720374,-0.3784744308259921,-0.5459267485612188,0.4922280142935393,-0.6629821849974027,0.9836466408629538,1.0143383517106912,-1.2154739940774815,-1.067608002582398,1.1463926548174699,0.7982661458127834,-0.3932563853588146,-0.6138592712664233,-2.004022161936787,-2.6109230687569758,-1.8311173094090492,0.4145892834131535,-0.4280700388921177,-0.911237744730855,0.2752506480420076,-1.3650422476856172,-0.671606109924402,-0.31201647284433165,0.2823800090303398,-1.728281916305082,-0.6321204338841578,0.8490465690518351,0.5845848488763201,-1.3702121875074769,-1.3609471985374992,-0.5568786483567473,-0.5977023560026935,-1.0889209940482352,-0.13627052333384193,-1.1071040003359724,-0.4825733280901168,-1.9015896278004254,-0.7148880072335466,-1.3473665277849678,-1.4542042435849192,-1.3230310334644726,-0.28770802056620515,-0.7807981035956808,-1.7110539292254219,-0.4377784929080388,-0.5506966555277741,-1.0726523387408806,-0.10017244967677294,-0.5376836024891293,-0.020035139780135602,0.2136529291248821,-2.2645815594044083,-2.4052737578153014,0.0671667076356629,-0.9771214861561637,1.0102570214738504
3d7dbe04ce045e1f7f5d81e2cdc52f4b2becddc476802930df035976b82c42ae,0,1.7603033749555708,-0.945663751657504,0.4199509006490768,-0.6919991844054892,-0.4632083427404651,-0.5869244815981634,0.8294567354966401,0.17679913827577293,-1.1018545136769968,0.9579948920853503,-0.18195616295384115,-2.2357477088357123,0.3331304124922101,-1.5112816213901268,-0.9161416906034221,-1.046845693825008,-1.280980796440756,0.03790108578572826,-1.0331518734815497,-0.031062295181309874,0.7735338998368344,0.3314647693365974,0.7987137171507992,0.2498492026859393,-1.6689496738894734,-2.0227370206782007,-0.4323991728002428,0.7946215999430222,-0.5822131159005446,-0.28448679310471514,-0.14669842582710677,-0.13212785557885998,-1.5077638550580867,-2.372056058678612,1.4191846234131917,-1.010334741641148,-1.3404872498842892,-0.5684750133151976,-1.683166408013995,0.16238374370957173,0.7203996609269765,-1.8618433267191046,-0.7787135877882724,-1.3331070162945369,-0.23223622946193323,-0.9643649649008755,0.23783511839098392,0.9579083201990195,1.1820865501096232,-1.2010646475492157,-0.12555760409236716,-0.6456486082930848,-1.5768291308260924,-0.4660640704203983,0.9635687686013497,-0.20770684739706974,0.3065371621694342,-1.2719903087218905,-1.1271913557390296,-1.7004072899812643,-1.4323708665457573,-0.7933728680295145,1.6079555522979088,-1.2202599897169237,0.3812249599565495,-0.38617048167450707,0.11141837923527009,-0.5632994620423817,0.035123628461601,-0.42065383836443815,-1.2015348968012374,0.29915289163443903,-0.5920809209708956,-2.4624014850406657,-1.660755380992991,-1.4028947008676762,-0.4945730439479839,0.7358389261683262,-0.29820875051739404,0.8664176772117211,0.12114319629911141,-2.0941913764471933,-1.4525507583919435,0.018431446987449085,-1.4071088591806518,-0.5436149992481603,0.4857869843873801,-0.37509557380681596,1.6072781392520366,-0.5918725721982578,-0.5639068981899164,0.449190271408208,-0.8243517335000383,-1.3849184400631604,-0.688337717088997,-0.3017661823039941
c1665c272f4ead8f0d86e631269c9bc9bbbb55ca01fd7faa894fce01c823722e,0,-1.2635548249736548,1.1348028221811597,-0.9550845011676122,-0.8216706938453903,0.16636473896720702,-1.9920472966062972,0.3768324836210669,-0.6485007520439907,0.4916060692157276,0.2622107679245317,-0.18550425094051246,-1.1100698092006263,-0.682562230189394,-1.3008122866213905,0.3678937227398124,-1.9816170039390018,-0.7960001628774255,-0.6708317171301967,-0.7094530076421357,-0.9879662250511402,-1.247484901067025,0.49696853039448324,-1.0799279043279393,1.079049358844624,-1.4468847205980775,-1.0692856860895752,0.1330112055676831,-0.2858413371736084,-0.23336478348693132,0.47392602069256684,-0.011861994272213516,0.7094170007674498,-0.4506885809886372,0.9013647909479927,0.2887042741093995,0.23924636900686003,-1.5683332951027475,-1.3285719405095044,-0.40924093460370603,0.9502420778890698,-1.673486766829697,-0.3977052390996395,-0.15580538284594586,-0.8808006944524618,-0.14241915657146786,-0.2891851880934637,-0.6957287736893301,1.5283438516765098,0.3479413406129818,-0.7902376572790979,0.8382722135362309,-0.610174236719614,-0.30550447010406045,0.2727364830389134,-1.4073987150373042,-2.287498624623169,0.3132048890558322,0.5824721108521902,-0.2829864045440026,-0.43705288361202554,-0.3080088926656247,0.5630988362578366,-1.0595113219844572,0.021146042255860587,0.5516561129408241,0.4441369043498388,-0.9405433639194983,-0.4174878262448542,0.28043713239293233,-0.6154518313902878,-0.9461947464230446,0.39980429364265657,-0.6761985078003075,-1.370392471628984,0.67127360064328,-0.7189982322126398,0.6272265011635858,-0.08564932362991712,-1.2095657991001352,-2.2748049302140743,-0.36443661034795494,-0.5363668093896716,0.2559880632923749,0.010114537971772641,0.7804577052142032,0.8762929368102994,0.8956124985710409,-0.7250604510681524,-1.911784579434582,-2.1453664626896667,0.20474014329563714,0.5371378113241109,0.19798404636480593,-2.0485013870921014,0.5165871723230924,-1.8565621051978825
c30975b5714c7a386358454f452f0d1f1a150aa655d0154a43fde135db3fe1ac,0,0.10453231931461787,0.8602043125803724,1.0730377172206178,-0.8696059642533427,0.14640390546026988,-0.2670759988641721,-0.9298710750137066,-2.01790113277959,0.5327085316752938,0.17925361477884305,-0.9445858507464615,-1.9504915240073832,0.00769197949287137,-1.0358130580384874,1.4353074876768623,-1.0972953661701275,1.3443168422553888,-1.8887268489169386,-1.6199658179230099,-0.1188956242139145,-1.3378067707801455,-2.613322649880813,-1.6884352746376448,0.04748831443122059,-2.5514859843660567,-0.3181884600624255,-2.5778549987623878,-0.7131727138734131,-1.299606221294419,-0.7553784284281084,-0.45374239014796447,-0.007577706362386083,-0.4782630663002553,-2.0593705330458514,0.14968821298783075,-0.10425445838462566,-0.060858545702192235,1.5663280324487867,-0.40475748137588186,-0.164492423094602,-1.4737840821016874,0.6171913671121223,0.458704438119658,-0.24600553493358648,2.1937093532257164,-0.6270958742988108,-0.8044126776357827,1.3455664060073227,-1.0390847703585715,-0.49431640851933273,-1.721266440562683,-0.32973236750155777,-0.46152111031090615,0.36289665458482767,0.14866367574320816,0.41500926129338706,-0.28366903175702807,-1.1228143760104554,1.2631820180608928,-1.2117335616882108,-1.837360753206462,0.5119654419615624,0.4754209236373016,-0.28918299491757166,-0.5166317415104814,0.0010839151363043198,-0.9425590178176293,0.4511812714745823,-0.7580748909135953,-0.6197326672965899,-1.9524117739068756,-1.7592780795399023,1.9770529444732028,-0.4799502756790242,-1.4439729789322455,-1.16983826499633,0.8039885370857249,-1.1843124246137848,0.4140625368492211,-0.00023150919472170184,-1.2169331112361872,-1.409023052060613,-1.5441090218297195,-0.08863695350280698,-0.33772181092309317,-2.2559436227718725,-0.04203847307533237,-3.4995366979690194,-1.127202216227604,-1.0538612131744858,-1.5237658438711938,0.0074725306258481144,0.09254169257876635,-1.6246234731984375,-1.7251457916462007,-0.5213234293620518
ee40e1fd06b548dafdbc4d9ef179f00467df8d9dcb7ad8cdfdfb6cd54a4b592d,0,1.321517202195929,0.3046546498826038,-0.497277726793074,0.8476181885395154,-0.617973944827661,-1.9370410834061715,0.5801266383544229,-1.2321566180801116,0.22619368795386965,0.9235903741463147,1.1244686600122489,0.5597540717129147,0.2259277112554413,-1.6048958253980639,-0.10945945647901847,0.800947387572733,1.0257270634850317,0.7627116754290105,-0.540898223259467,0.046668810918626624,-0.3581741121645062,-0.4488470057757472,0.8041937759167227,-0.0036150408394703404,-1.160224726695116,-0.9877828677741044,0.42305192112770734,1.4605716657293488,-0.5109849768353136,0.18827165075131577,0.3181155527876462,1.1874960540347057,-1.0678428251980439,-1.6179846408640834,-0.1750600905147876,-0.4776828296254084,0.006583790944521939,1.0447547605390626,0.6309530478505818,-0.415528438321063,1.0576669297598307,-0.13427890316252764,-0.5786979975012142,-0.9177105775454637,-1.3672607022172723,0.9108935711832751,0.7857923280043244,-0.13449146446609472,0.5910223796404196,-0.4558927011108443,0.5970197176434655,-0.6482913835113749,0.9773627871393893,-0.14457316873545029,-0.28607434395750797,-1.7351214506696302,-1.1920271431360683,0.26075015342102736,-0.849189544351845,0.776875187448114,-0.017145242327405608,0.2583192338672832,0.9835277537084901,0.5777683418995426,-0.545407940173573,-0.4946327807701692,0.21791671023504072,-0.8070364324225903,0.2138609814021178,0.2539183515038216,-0.2834010621245865,1.4923422758468412,0.4914536279482591,-0.11563388949405524,0.5264635237543016,0.04788946841833097,-0.9244607381435916,1.1341804279075407,0.6503840486748993,-2.1579539035667867,-0.808640068984584,0.6697064861977916,0.9630838674078144,-1.6446123778763124,-0.221740561085284,-0.6635880146170512,-0.9601426134426226,0.5370022351806593,0.6121127254734697,1.1721891628021044,-0.4793346753173646,1.6189522276707446,0.41253050985481066,-0.6841174157250646,0.326426460461246,-1.2160888144256794
23f40094c2e2b33b3c5a0c1575a7625686d48d354718838df6d25c2befefb548,0,0.19485188107403056,-1.1780951544233862,-0.3783050526318431,0.19480021372352244,-0.17233428414303925,-0.024525438077881878,-1.522763965513874,-0.3821349985341592,-2.381680401629461,2.9184135171747423,0.10665539811998942,-0.14649903513318044,0.7831758706307466,0.2245396527133241,0.15603585538832243,-0.3570978028082601,1.0430569491310389,-0.6147754100292797,-0.40722727072039194,0.20233940765046346,-1.1249269463450717,-0.31450027661165886,-1.687318322443577,0.3590503104053614,0.648123027589939,-2.177570841434425,-1.5495929080322148,-0.14809961302197555,-0.46359615509476504,-0.39926342377624036,0.06822191681262951,-1.112476613239799,-1.3347137020028,-0.30761922695936356,-2.22952516183121,-1.9946544774438841,-1.0482083058923826,-0.3660179636523183,1.5815279815534633,-1.9506357033545534,-0.21405340256938032,-3.0538970611102494,-1.5221252995823196,-0.8471506134594942,-0.8463990358936053,-0.2267733083491439,0.07315686712222519,0.6885682933175306,1.1412899676769694,1.2857099155396767,0.8418941194168283,1.4430141407326063,0.09380933715971784,-2.634932297962994,-0.26630514106508474,-2.0410931843957942,-0.5333383880310096,1.958122888454274,-0.0521492194993749,1.1954374348369639,-2.83088949693453,-0.3476936908379791,-0.5253294536863862,-0.9945109572031021,-1.125713842730911,-0.2672085516482271,2.5973147559632013,-1.549890011490598,-0.7815934377428682,0.3164111625042463,-0.17601852056436007,-0.24163361998430619,-0.37208641873065096,-1.5572893881536158,-0.4647449126807821,0.7840834655397366,-3.169698515916382,-0.498539294258041,-1.4920533338699355,-2.0376467928303743,-0.35383121585823685,-0.24567139734111465,-0.7949408982580805,0.826616311268139,-0.6107071533422115,-0.5373411554892633,-0.18745849228405798,-0.37506966553673105,0.29303770764528253,1.0761885908019873,-0.3274261980975154,-1.6488405546292966,-0.65626299533339,0.0994611090099442,-1.733707184469813,-0.3199291880099795
aae8ec7f423ee1840ea1004d2e3f99227684b7f47ef2229d192d7850852aebc4,0,-1.034350111502223,-0.8473581996377267,1.2506209226612666,-1.6026800699389483,-0.6338876405177478,0.518001607268201,-0.024347034302229176,0.1514601839043982,1.8075338794483906,-0.9133918040420634,-0.6294714264531942,-0.7942413921990081,-1.0619034106787737,-2.0561514305535176,0.3386892009320522,0.7497344184513174,0.09669060884744196,-0.6436858248353727,0.7935211939444957,-0.12999496575575414,-0.703414302442265,-0.6645877583840595,0.49530365480750116,0.8969673065387982,-0.7267475479200538,-0.9049055639827815,-0.2820420067505869,0.6850847717064303,-0.28327657050748944,-0.5747962615946296,-1.126846729648792,0.5173046179156642,-1.4375917573313988,-0.6878576427540286,0.5707808532050892,1.9711169306429288,0.8853280015977847,1.2404092144304115,0.39163023635660504,-0.5575073006657695,-1.2837411875441036,-2.1299276586024947,0.006957506759091958,-1.8264606128817464,-0.8031257566554546,0.3990036105307475,-1.571724073431188,0.1668232810564363,-0.7209138611762844,1.5479180015705754,0.41576835707399823,-0.6351794319529016,-1.7215741940026061,-2.0616897435811103,-0.4507282486362546,-1.2122634867875872,0.4058746563097147,-1.656473956929448,2.0315869904858723,-0.06930466334096996,0.06740809603995226,-0.7663189629498162,0.6934650488639098,-1.9778123433222785,0.12586026293486446,-0.4232831393914833,-0.9872806621806188,-0.7076262076811031,-2.6160336313522703,0.0726526037542361,-0.038350325085392045,0.034816863096448214,-0.4908366722489783,0.2751206433348994,-1.463383630261954,-1.306247749889129,-1.42705203723931,-1.3254606845984729,0.912777180261502,-0.07376662453930022,-0.507752275223635,-1.1862036951102848,-0.7007537482814074,-1.8261005652992794,0.5814347638228119,0.4231464512081431,-0.7851323662469043,-0.7083121202084356,0.33000177463387415,-1.529596355503891,-1.6810294738302296,0.07929112718493786,-1.0905839886184139,0.31081893423004225,0.4004181006422719,-1.0888026950040586
7e61cafa3638afa20296a06ffbaf54c587671e5ee26dbc9554bd696fbe82c5c8,0,-0.23099864980992466,-1.186758250733083,-1.6398125441183675,-0.19715799444584062,-1.5938693570524405,-1.678007558544068,-0.9945769698743964,-0.7326810001878752,-0.28495733396422396,-0.3900801179907232,-1.3881860285660523,0.401886834710135,-0.8002681127330137,0.4598154757923567,-0.3772085486404998,-0.7712407578840201,-1.2183862835249961,-0.040446922164781296,-0.07454722425402749,0.5804634161639028,1.540174965708034,-0.8409402469713732,-2.1838753780903164,-1.0251825990992984,0.5304458702451009,0.0482678815549728,-1.030272121021321,-1.3311658178287682,-0.6632540303110397,-1.200095057176925,-0.3049474097359611,0.9211775481826275,-0.41403842575165506,-2.7136232009836574,0.11121079580221815,-0.709492983786056,-1.9687106878927048,0.5780784169370836,-1.52781028483607,-0.3240176407945404,0.39481633080002965,-0.730233709694138,-0.5472230480843869,-0.9755487205837425,0.27114779234438857,0.9166837001782684,-0.31771993830634343,-1.3814699391236505,-0.9343796287936696,-1.5667162467847067,0.04109534141331336,-0.8257439803526373,-1.4628268523943317,-0.17872194272293906,0.4322991292011421,-2.3566924199140997,-0.19632095762119986,-0.7725077064995486,-0.022309293970565247,-0.5778602150610953,-2.1424663815150122,1.6081415219169861,-0.13974989825185888,0.49192707442893663,1.2836239817474429,-0.9864549704400462,-2.4364768011920193,-1.7361281927585779,-0.036262154294592897,-0.7216610812396924,-1.6420863628983398,1.1247343181302893,-0.7450514252333589,-1.5558261485545444,-1.337888786194957,1.270095343544785,-0.7714044780157748,-0.13356186625976352,0.7389399626475451,-0.46795115346856475,2.6983113550951474,0.31976015271948527,0.7033780263178466,0.2881079806286516,0.5509641217362506,0.9656453697609564,0.02854259016646421,0.1353395686178558,-0.5898196569767528,-0.34771698465051426,-1.3325919631503669,-0.4039779736270955,-1.1744637155033897,0.6043460127394342,0.31062736476418595,0.36397243030722326
a0563ff3c33bc6051f18d27657ca69115781afe8a1ecb4fdaeb702e61fd9c1d1,0,-0.13336379913617083,-0.2899382571888274,1.5257149363386049,0.181492597465366,-0.10031977649415852,-1.1316333047822393,-0.5683807172796633,-1.3666369015874777,-2.4370560593049295,-1.1466499224984692,0.1367307941679759,-0.5834019717071257,0.8844851547109298,-1.0886336164091641,1.169984730948023,-1.1194582299942248,-0.8466405022696203,0.792206368315062,-0.058006812090065196,-1.1965707689674383,0.3250714761291468,-1.0555664842985317,-0.12730777295278517,0.7916221858829525,-0.3479015962445565,0.15033155161931094,-1.2396431841146838,-0.5119462526721617,-1.500256913031575,1.3355168563027435,0.08944703035510765,-0.5123034345533445,-0.433357530610501,-0.6284709946991397,0.8904073043467619,-1.6465220456790197,-0.3145417394950746,0.5346576874075726,-2.12692058501046,-1.6991569544893235,-1.1570247032120586,-0.7924084661542923,-1.9724124425091225,0.5090874827547676,-2.365277453058503,-2.2983791932255966,-1.8335379304058494,-0.4286393768794112,-0.4013573057327706,-0.6598022427808373,-2.271824144280067,-0.858414282513368,-0.5178946292166626,-1.0708643404822555,-0.35396082419166175,-0.12877127347349407,-0.5025394348669098,-0.18757879128189114,0.197894234570005,-2.140014149934067,-0.5909873870719631,-0.6506605539809213,0.2798416128303791,-0.9663161720491065,-0.9300443608997673,-0.5359692587844482,1.7766823778947465,-1.7231787831190464,-0.3037386681684642,-1.414938492985349,1.0634808215058544,-1.0676637991654778,0.1392851778524466,-0.4861335174194623,-0.08826367894597881,-0.7354302007820167,0.20338254363798475,0.3955547144463525,-1.0259917190628547,-0.6288112597192024,-0.23084142914878142,-0.7290158491202988,-0.6878814104276381,0.11624853158531034,-1.4680898640079105,-1.9444409147892447,1.512775385326412,-1.5158735913241135,-0.4743834200508814,0.7430827577059734,-0.5123824286015768,-0.3631040815939133,0.6472529309875907,0.026053916069128685,-0.44102966457674153,0.5308239484923872
61ece4cd8b6fa71796df1fbd88edb0b8c387033d3b128c52d0e6c741816f96df,0,0.3204124234284444,0.24696053412285346,-0.06204080696490066,0.26369033564404853,0.9075328565226993,-1.7076345092859198,-3.9518523483694867,0.28146528993002584,-1.775577852199616,0.418268531114423,-1.286832919286541,-1.066469408130862,-0.9516831213975292,-0.5244677519389325,-0.6196382533861882,-0.6067097973332819,0.2323423974108493,0.27539553384357746,-1.2553601624913258,-0.2625392226926493,-0.6514361642555561,-0.496071055270348,-1.3436596841435873,-0.3702233628876366,-0.05357686137867246,-1.1276462574384172,-1.0084119698936453,-1.4778022551311838,-0.41033442668013176,-0.46579618628548425,-0.6945967664127701,-0.9556171831306193,0.08411082110176138,0.12865177162581148,-0.8136583003820596,-2.011379748966846,-0.28635182911199974,-0.9484852102527808,-0.959980792638907,-1.1971665905192588,-0.6443650321307768,0.213087450501039,-2.096763830908192,0.284904303346716,-0.9637531969514046,2.2142299161151993,2.2070237246324003,-1.5638105228611354,-0.7298572706235048,0.20038936124705226,-0.9140595585766621,0.1584962779236755,-0.05457453996987971,0.06922562941878996,-1.1913979786898323,1.374563666196393,1.115215217012028,-0.5092536301112736,-0.583965674328253,-0.63541344754225,0.5410152757464277,0.8790312232289341,0.08534118997443507,-0.7715502126221798,-0.22701848432454633,-0.11208179859870648,0.16883181054639318,-1.3574337631854627,0.06276666157526997,0.7048821292835283,0.5872324201681407,0.5680015930014588,-1.5148217350453734,-0.08544643902818094,-1.3685836703755538,0.13002851909123145,1.5722665433379852,1.6702269235443428,1.3193134157352633,-0.16958458964664794,-1.5386186734842642,-0.724757314683582,-1.9199180525928456,-0.7165105693508894,0.7146967408918791,0.06804303230882036,0.3305992213465514,-1.5924994006249718,0.07967731768707659,0.0638531960477489,0.7869862690812988,0.007189056690139917,-1.1359962100324084,-0.6323418040068907,-1.2958851328383152,-0.22027707993366585
3df5300b75052580a0245bad9feccf60f391f3a690cce86b73b3c9da0f0f0856,0,0.6780629525955678,-0.42875196949507355,-1.879551816522355,0.9012317846101721,1.1148792525698465,1.2137736940409651,-0.02792283217589861,0.5134801728550041,-0.9652020099219741,-0.4073773412698566,0.9324957551280784,-0.5479552575273748,1.2459982820179436,1.1730514020629004,-1.2603642944060296,1.0341802744136657,0.04349415951409334,-0.7301792129754912,0.42340170736395033,-1.7141652095163231,0.590214647351623,0.24197867476443985,-0.9328264076848098,-0.2959812916604274,-1.0200965876667707,0.07286888983912476,0.44736903154245766,0.03215301766141798,0.47631716046784933,0.24561298220114136,0.6728239568130042,0.39942451387788747,-0.09172938188556909,-0.05260901651775596,0.697698567316326,0.9733089117346074,-0.5250582226555962,-0.24916256759265432,0.5380529627390875,-1.3206661915337854,1.7874730495375943,0.3808981050109165,-1.0428493787815492,-0.19871955573753508,0.4250509116230955,0.35737091652893443,-1.0519830112133024,-0.42204061245357866,0.0013433302315413176,0.5862451376417499,0.36097831349252196,0.8916494010763795,-1.7190582410207202,-0.5092158866241494,0.6879360473514095,-0.3238727277711382,-0.8760822315537364,-0.793143063332982,0.10287934369537767,0.46178076652245414,0.31341644885091424,-1.4813397323658326,-0.5672812640110877,0.011714571188262662,-0.12421225114761775,0.027713800390835996,-1.349007153100256,0.3960529830222628,-0.353272050487017,-0.6711969816552139,-1.088478703266473,0.2252892025717477,1.778647165488289,-0.367590415085126,-1.0994272772827327,0.23883014304644734,0.565382497590123,-0.12825105485988253,0.8783822767537335,-0.04992717189366283,0.6971691627542541,-0.3852774870922105,-0.3260393657247359,0.21613239293565378,0.8390987329834698,1.0663557877499215,-0.8171929834975057,0.5229087517801799,-0.2842235911564926,2.042445378751438,-0.6641947660646658,-0.17858856326865474,-1.4445899136969398,0.6842422684896002,-0.24311665497921436,-0.6674955503440178
1fbd5a76d81ac4918292b3fd6deef220a9d250fd235509de33c4d0f6e545c50b,0,-0.09538334144363636,0.7918226905734909,-0.253463415691525,-0.6414660971095858,-1.16605159449472,-0.30544800576854103,0.575058599125311,-1.2031839103299657,-0.0537800261244209,-1.0276867732500998,-0.8923786065943604,-0.14972533386402304,0.1504399965765682,-0.49905033057730197,-0.73201618608044,-0.22202348085120954,-0.050466346273423945,-0.729519940609085,-1.1470888905102203,-0.38289986852621577,-0.272646764826208,-1.6045810594973273,0.5742573605604969,-0.27810474149335696,-0.3640775352047668,0.41148971687970115,1.4207029018144008,-0.6168933022780161,-0.857967296913987,-0.7366114653771283,-1.3282805013034906,0.8036638284979423,0.2860484956394308,-1.5480424501939996,0.6381382826815215,-1.777840988545829,-0.9340596315838896,-1.5866103101693174,0.5293921853773523,0.025041779951661042,2.134995948465936,-0.4641570364130343,1.2999523162065798,1.2323173762906137,-0.2506281678532142,-0.692406575633135,-0.5794349362389621,-0.6593383765658517,0.362066980386253,3.272455830558572,0.1888489566120385,-0.18804629339105905,0.9973343766533664,-1.0991293237146413,-0.49168708156227736,0.9567208885313878,1.539082777731689,-1.8409719685982195,-3.026722819368615,0.4257037490886613,0.04451157086883295,-0.608116084312578,0.5060447092339175,-1.8245649172527336,-0.6548955524255272,-0.255710341365463,-0.5130320017120626,0.8677708392132564,1.1034846154697313,-2.0399390838027136,-0.5451918445909957,0.17228634907871576,-1.2591995518973105,0.7687206232397679,0.14905955370031776,-1.7768454604462287,0.04336258197724783,-0.12793191207449406,-2.3363967602527342,-0.5184560454792211,-0.8485570133945943,-1.2231989997008417,0.4276645537966663,-1.5278895561974655,0.598513722703232,-0.3427120240962391,-0.6958645405804358,1.1330374355512918,-3.728077516246416,-0.2990360177818633,-0.6203620027301886,-1.5805556255099988,-1.7139974383447387,-0.0037323279079212873,0.24337065395580898,-0.8376355283608723
1af250fb6ef61ec187c39547227c6ddb80216ecadb39c69ff9a23662c8f8b9be,0,1.7858518796283889,-0.6870189160813762,0.15700318717758263,0.6269705428093897,-0.32879212641316397,-0.5470040184679709,-0.6967109289149723,1.5459105153774224,-0.9890443323091836,0.9701129261142725,-0.016016531283357005,0.33450899208855234,-1.4646552825803227,-0.107260303021114,-1.5293699193816623,-0.15413594888192247,-0.45500179596606044,-1.347202491554539,-2.6965431024848607,0.0272582486837194,-0.6103875608450294,0.7712591394216011,0.15568370056059627,0.02873283979069388,-1.6548576866856073,0.7214471196556401,0.6195243547422209,0.977656350478503,0.09085555225185726,-0.5421374095434766,-0.021023517113069417,-0.2864730436104646,-2.2099846214048537,-0.6179570827726948,1.187852487110605,-0.204468530879938,1.8369838572994055,0.7647891908941538,0.6899879648899868,-0.8327402023646797,1.0442991685985232,0.8169281308549052,-1.339302325618162,0.9728429582008054,0.21172644514099975,-0.4108411016951502,-1.5112174286767797,-1.3865642906166835,0.5271163014349709,-1.052249781041305,-0.8510333922504574,-1.0986889805876006,-0.3394120428380125,0.6447814410882322,0.28570534141494697,-0.1967654976976353,-0.8100545837746602,1.158733087373403,0.3690922031378693,-1.621159235943225,0.7436583035469049,0.4568508707214862,-0.8057053984055289,-0.08635476599855482,0.6305636679668323,0.3881380240673084,0.004675590187298462,-0.22955337873223564,0.055083467922973584,0.07057764887524401,-1.5226304611104393,-0.5844422884522067,-0.8515393918959833,-0.730741363037304,1.5675763123458393,0.2309508442590357,-0.7737640051018488,-0.14403832511209547,0.4645385061905538,1.7274907615513202,-0.8912792590033934,-0.9179531335440274,0.5692414039704776,-0.843667779614565,1.1917444300408166,0.6965286419022834,0.01733574438408836,-0.18337026259789302,0.1251408961349656,1.0040007396093256,0.4327179590546921,0.27837467121467707,0.3444034054016492,-1.5768512620275328,0.06934817413156516,-0.9510140248038284
4f993b8ec873f7e2c0e4e77516786c2974fd2a589579d089070c3cde3516c48d,0,-0.13266537096577036,0.601715610783619,-0.6958630878209076,-1.7612163794912865,-0.5783246791014687,-1.9831903593101767,-0.5579249850800807,0.7164724227520747,-0.00014190111744072365,-2.242764464307121,0.4818953918432025,-1.2655892597828555,-2.1998093935273784,-0.4698092746192417,-0.9036344243034571,-0.1075214391154844,0.17748027057848115,0.084625072283745,0.1659752409175151,2.2306752335114854,-2.0016413637415593,-1.00540196616907,-0.1599164337791274,0.3879027746442068,-0.7638730019122474,0.019290555076174165,-1.4219412626540986,-1.2750602450876112,-0.9792363151517213,-0.3617033010066669,-1.7244665766088045,0.49970264464110176,-1.2414354027165784,-0.2529868595923679,0.6659129150763964,-0.19416591079626055,1.5369989540848739,-0.9274798727101733,-0.4970846902973286,-0.006087381529612634,0.03262180537274201,-0.5147274579263501,0.5028021083841618,-0.2825787621861988,-1.033617529102075,-1.0481167247839007,-0.8873555512999243,-0.3438725161106049,0.8565157142946024,-0.11581879661383035,-1.681955511065873,-1.0485759492832867,-1.2227557145596413,-0.681200798691347,-0.9809868511127975,1.1129436762536424,-0.3004900008790873,0.7288019050149437,0.34096333154423497,-2.062883048850361,-0.6119013103211429,0.2967044048327978,-1.3751155225018492,-1.5564357354088374,0.35230903103622757,-0.948486886013524,-0.09523672973988084,-1.0134064272703034,-0.8827846768438048,0.7168409978582688,-1.9918460713108335,1.5999084752432806,-0.37652136902223154,0.42981554782592074,-0.20021871312961884,1.721863363667097,-1.2573704788840518,0.9234285871284404,-1.4540469289622753,-0.6012384340252321,-2.7383954980432,-0.23699790865055714,0.887019159100532,-0.530881805419627,0.22380359227521054,0.15659782963415247,-1.1728892699673987,-0.42252483796616075,-1.711244323485662,-0.1427427291336144,-0.6050088837353825,-0.2159254625876501,-0.14827650179048457,0.5992729718295189,0.5683995029989204,-0.6543918997676065
372ef33c72a18185128c4599073ecf5d56883ccc060c6c49a1c316b4574966d3,0,-0.7252870040955373,-0.5383033340630566,0.36473847799516174,-0.6974539782930689,-1.6265983834024542,-0.4077160030855379,-1.7867677000675772,0.4119866722388118,-0.6848624010350176,1.24151257179979,-0.7367470616159609,-1.2891770163497336,-0.5585277478705268,-0.5640884491967391,-0.021337341028104306,1.4090504402834658,1.434372741228712,-0.9927361962220479,0.36993071673225925,0.1827194537467816,-0.25223555142773113,-1.7706758670532117,-0.8257169183572999,0.5225003340986649,-0.2310119407852742,-2.133782644425941,-0.3967657884397946,-0.020838528757609387,-0.3834983180564869,-2.507733044957698,-0.8029100532971354,-0.10273990876713754,-0.5397807444477984,-0.555340095687326,-1.3075759181011457,-0.40394842182404217,0.05118194092618289,1.105730054619447,1.2749707082757262,0.30187631723646136,-1.8694600613128007,-1.3780073159467146,0.6266257066126579,1.3284432617012896,-0.25177032999757,0.36652649949873173,-0.5306307218066342,0.4249736171497959,0.4265555498009161,-0.9289053316216402,-2.4774363763883986,-2.4129493047423107,-0.5784032242296241,-0.24269588250489976,-0.41817544989295624,0.4570600766227984,1.803698212735056,-1.672189566531769,-0.6446515475188533,-2.044752659433024,1.2056751491538567,-1.065763159246079,-1.6660429326125474,-1.6975180139780015,-1.8059833389757212,-1.8686540535190261,-0.4151460687163348,0.0557087841479371,0.7837584566920991,-0.11922477437284329,-0.8505090078794451,0.007194679751011623,-0.7206289342170635,-1.2172394882677704,0.27788762596482974,-2.2066269836180616,-0.16083921346436794,-1.1691824623519262,0.3421926769643129,-0.6956244554119642,0.28859532221497886,-0.4702043459262981,0.16402423834916693,-0.604116827964667,-1.8047346307138568,-0.14252893412454676,0.26885155803010763,0.11849851682838652,-2.3375363902755115,-0.833847085966775,-0.7644303205371019,-0.5757382266903064,-0.5325977417885541,-1.016467298669185,0.20537194511345142,-0.22408617987341
f1ba7af240b7833613912c4d0d68e8848f9f9d521921438638a7ac71f26d7ae6,0,0.7113840352268788,-1.2265176763297554,-2.1375996892560556,-0.02159625322349687,-0.7484205444210021,1.5235076377492793,0.23690266443964825,0.6695653652331393,-0.6737458081585012,-1.60375835919791,-1.3072463802374858,-0.068888052423843,-0.32676730932180165,-1.7823121100592032,0.9508778749876194,-1.2063341930849318,-0.4440380316667354,0.17009902150047007,-2.3515958804250845,-1.0883367467397727,-1.0048672930949378,-1.480660630842468,-0.6649327542622829,-0.2673318430962929,-1.9100797543696368,-1.8756243723514865,-0.6110638876502661,-1.012497539209639,-2.4825309046009005,-0.8657960865864823,-2.644312506887588,0.5377715680879922,0.7419118496550376,-0.06208408126682524,0.4616073546037932,0.3259091751815519,0.42178889485794724,-0.7166308076016499,-2.6667493492878016,-0.0682411631216221,1.0490588835221566,-0.16536569801250847,-0.6554493662163624,-2.127873614946824,-1.155289916750805,-1.0424533623673258,-0.9406694014568402,-1.5971551078136312,-0.9180955733114273,-0.707785490768934,-0.8023012381877584,0.05007970138311524,-1.0584369181117992,-0.7789740437020394,0.06552170134228619,1.1746485093542056,-1.05427858443037,-0.8331217788201193,-0.9374707062619541,-0.996232925042462,1.098102779598755,-0.6079215162970895,0.34096720807672165,-1.1022651105779973,-0.10478214981580192,-0.3490854911110002,-0.1573883029046903,-1.5497629667540265,-0.8777732724190818,0.2858645420046182,0.338806561208713,-0.3380465548874587,-0.0198417878944539,-1.5287832152205065,-1.5877215963138958,1.4066533679686837,0.18544076736924098,0.021702408679687757,-0.11152913578065476,-0.8405966747433018,0.9340923513745227,-0.40579115412220956,-2.049620765066989,-0.4496661579007327,-0.45707734742172723,-1.4093203280162152,-1.0056729027058853,-1.7836798962463796,-0.2910684372903837,-1.2573038054595784,-1.289945767839495,0.7670369914964977,1.9352734948237682,-0.4600804731578939,-0.41253142307959123,0.20167653079290226
556448562e7ced12be8fdfa7b9f103bb2af668008b7bd49286dd8de09f00e664,0,2.170974162200236,0.4303341224586925,1.0653327826239176,-1.5013322339188504,-0.47170622501821635,0.2218888336157,-0.6319258712718544,1.1510737252581935,-0.3753134602750259,-1.6445461915037867,-0.057977814594484034,-1.1268428404004052,0.5648084928046271,-1.2504211716056113,-1.2179162578522649,0.24379680555630567,1.1224569638315667,0.016559591503208182,-0.9966983845030443,-0.023168113698391668,0.9941638816711662,-0.7700835039765388,-0.16979811287660473,-0.6798519640995413,-0.044695851801160674,-1.5462526522002784,-0.5808995339176234,-0.6439546482790139,-0.7435423982034279,-1.0633896527434523,-0.15890524298128417,-0.7171376207728113,-0.5924165047317251,-2.4220523793608155,-0.41661853155742,0.5473094875884338,-0.1449705345753246,-1.2682574662281882,0.8527036314242663,-0.30656528742499833,-0.3154785923594919,1.8526026613166944,0.9507782842211989,-2.1661071995086996,0.40879508661987995,1.2865700323945144,-1.031521252049805,-1.4300968003861496,-0.22303459646645063,-1.8523164723681917,-0.2674912604525099,-0.05042622504266514,0.31998356562247354,0.4064430328345855,-1.4890215904486674,-0.9132008099484603,0.30916386898179204,-0.2391973243972354,-0.5009277387437885,0.2267974828154261,-1.7779852785285484,-0.7336075913974135,0.45498507789291825,-1.2744277862227669,-1.1122805688091022,-1.0401177798417387,-1.4532172671442734,0.5058605998447672,-1.1425792886457544,0.5242411798686282,-2.0010879219227737,-0.6103052301650874,-0.7571011992272427,-0.24120727577993906,-0.11772512716411554,0.5278348435204633,-0.48660727848520346,0.7341286693864237,0.0848715059345401,-3.694050617911201,-2.057008776597616,-1.287088897515914,-1.6153374350359553,1.1733710194226048,0.411685431514188,-1.0264839626574078,-0.7922545915084324,-0.37319810202169934,-1.583946464974567,-1.4379940211401578,-0.8022766051313486,-0.5732877989020098,-1.4713194167627217,-0.0347654362170106,-1.7239194945906462,-0.27442107108001557
80ee425c6146892ccbea0ca3775b9eac8052fa3d1b710c50b7f081eda90d93cd,0,-2.4232313899855358,-0.8974026923668726,0.35419039178073836,-1.3560431051208783,-1.2475534855381927,1.6574588878888723,-0.3619397411286884,-2.208955906205208,-1.1384538604770278,0.8785079670994669,-1.4084133702116726,-1.1684509094919153,-0.6812305551464369,0.24100360678298333,-1.7922387693560353,-1.3241330820394825,0.7260082960551768,0.6450401705975137,0.6822517880116689,-1.7129571949037152,-0.569932685141431,0.6371618052106213,0.20211313833978184,-0.0005614220959877514,1.5407969803447625,-1.4386160332155262,0.5413991290856656,-0.7019113356722696,-1.5685061103638414,-0.38979158593152063,-1.0880821238624956,1.1109469232496936,-0.13363896100284725,0.22964320566659724,-1.6152586747160729,-2.195048664706198,-0.6231472828869903,-1.4554836788109853,-1.5855984250420754,-0.005514284145527681,-1.1423974104472785,-0.2160032594208442,-1.8248023803387305,-2.456858965715992,0.022379287512811458,-0.0009784853372828972,-0.5753290138039302,-0.2633203921465155,-0.34371384200879745,-0.6411498148421028,0.39406128158147813,-0.18504425662692944,-0.1754198042343542,-1.4785000055225985,-2.1486502732303965,0.6718595024596348,-1.4993113779318756,-1.099694558885665,-1.2972237823417525,-0.39846469958770336,-0.05190451673536112,-3.363014263842347,-0.5201158793875985,-1.1960971811047911,-0.7337923741618588,-0.8123248581314663,-1.1573556735954456,-0.7619903984227804,-1.6487650063876509,-0.7697849508625587,-0.017910683289862367,1.014479100015342,0.25675825275577985,-2.7754030326269397,-0.5696327967996847,-0.9102031259080248,1.250497559326818,1.18878891015454,0.99336424778723,1.9653585869315702,-0.6889725010684912,-1.3262456474548066,-0.3738219571329896,2.640600620056141,-1.0078770775363344,-0.04100775321668115,1.5736694777368352,-1.2294003238142304,-0.12609071020797447,0.08705004355978957,2.3416678098971846,0.006750243957168084,-1.1517860960921502,0.0792460428071432,-0.3198167958604199,0.8443043724837425
30e85257122389ec295595de19881641a68f5c75af6d5f5d41369b4df090a7f4,0,0.44189942105947294,0.18042182067417498,-0.6411246484253423,-1.1127221097789852,-0.9879631103663981,-0.8695475763337274,-0.12193247144450586,0.5283272320250938,-0.6683629524140048,-0.8322479133367496,1.4579192951755404,-2.0863451394428627,-0.04456532975797203,-0.16226973731945618,-2.079429993583127,-0.09446948088893897,-1.5001827450067164,0.17819502042985913,0.19759919193587616,0.036506847798609354,-0.4553777676573636,-2.2328586176875147,0.21411587754761036,0.5361212456275235,-0.47444685353203675,-0.5571957376101657,1.0472101573092458,0.016780889568925254,-0.14710571692963392,-0.35575975874168425,0.2100984963545095,-0.32754379118365146,1.4982612532282702,-0.13914388426430724,-0.271411913933716,-0.31038905950129914,1.0088181032458512,0.7911746107926243,-0.09603185222626656,-0.817806781782535,0.7152736756925338,-0.28435325478299756,-0.19685897571186878,-0.3410927010501923,-0.913334899595363,0.49887045923192286,-0.0011416964299193338,-0.8921906084976584,-0.1945087609691175,-0.39695283579232243,-0.9857966900389914,0.9783924482160433,-0.6589993294056591,-0.48275062931887225,-0.12142741989772188,1.108724193148042,-0.0937756021715242,0.697367812520209,-1.1678136440131046,0.22096673250763754,-0.5544950329261976,-0.49381891690779117,-0.5400728052928934,-0.2663563664836843,-0.45049936303035176,-1.313105668936888,-0.1826892367224322,0.25767444189958305,-0.6580457729257945,0.45251264494069443,0.8727739982021481,-0.5774087678550542,-0.9634511507737693,-0.6010763645325579,1.4118483137286368,0.025606035331783045,-0.5117546809448601,-0.4534797339408011,-1.3400419491126296,0.5165731161071139,-0.26692331785625284,-1.8734715208660628,-0.7018527768366609,0.9099098227281396,-0.32063702323997717,-1.1468672865459075,-0.6560110555506797,0.3453915047420496,-2.2254393003876602,-0.8868661611123959,-0.056058462846176604,0.20490785044214632,0.3267604829266341,1.3638505518901525,-1.0948480380585948,0.25730616881194374
867be2842b13945d6d88ca13ac0037a66c193a35789e42377d0385093f93bd2c,0,-1.3596088195868963,1.4304534295526596,1.1769717659373127,-0.3386561394657259,-0.7895544126222437,-0.6094224741434999,0.043055296311772795,0.40217553385228844,0.3441127591741187,-1.1527401857136903,-1.4796869453736814,-0.46312277246785416,-1.9804560972190923,0.24712988656673918,-1.0711985583499417,0.8101904088303716,-0.029866066698823746,-0.8077482761465032,-0.19303549410667553,-0.18406187515244432,0.025249068130543062,-1.2747896665973224,-0.6078723890709457,-1.0066742091757401,-1.4718503640488072,-0.8103459023759134,0.44227130543535365,0.6413158024608988,-0.9908025691295366,-0.7315798975137566,1.3046827336267814,0.6436632680561793,-0.4909827308698281,0.2233385350574626,-1.0998919686064987,-1.0473170099205267,-0.6981665356629327,-1.1355561331834296,-1.2152504567712659,-0.06746774379268361,-0.04610980323476438,-1.3200430014791964,0.05564922531842875,-0.10163878085265571,-0.06344986278999575,1.7369179309722498,0.8511583442268457,-0.9433060517098572,-1.5361475638240851,-1.443095447702354,0.32973429240671626,0.8206042733313437,1.1500315464953945,-1.2778267257811273,-1.202871839506568,-1.2650707757582917,-0.1414108206339118,-1.4423610334192518,0.40185251587474574,-2.242886942120352,-0.7333087955538793,-0.6884310675803433,-0.2636676623061307,0.29631973383152643,-1.133358123327337,-0.3641474638569062,0.6436658168018656,-0.07695948766058519,1.576085184053646,-0.5110951323243897,-0.2823468938474532,0.510390657930706,-1.7912579684655454,-2.326294925975464,-0.7318452144388683,0.8520681957246318,-0.8700308316558465,-0.9842778714990856,-1.1439428260081668,-0.26045636645701603,-0.27942182043997044,0.16875491366451176,-0.8152301115138304,0.6542905394879037,-0.6361964144952015,0.9407541592862516,-0.4070312746823066,0.5898078085462377,0.4922375109724779,0.6196967017995074,-0.4669538937946782,-0.9688357000147816,-1.4144357486679366,-1.48953303027225,0.09333291957799267,-1.6761136116165998
4ca0359b9ee0995608fefd9133c166dee569ec25939ca3e7a68ccce88991903d,0,-0.6012615377237982,-1.3218927874507858,-2.51860358753583,0.7986212816071333,0.34684613629224526,-0.43816995688567595,0.2745207709202355,1.0227182013718272,-0.40417920585810435,-0.6605279835646182,-1.4118172854020699,-0.12665946765188196,-0.4659574915093835,-0.7939909030676886,-1.5214170503211024,-0.7788027561169394,-1.0374450282217098,-0.45588838789711894,0.4393357744988166,-0.45374232954541993,-0.25216040522954275,-0.6755117162250338,0.6651912014602948,-0.039006554790169456,0.7869803191108478,1.6634821589466795,0.16984330443528117,-1.1186805682381349,0.5547185365202592,1.099876667713007,-1.402197590539103,1.283450712925189,-1.391499933892418,-0.1480207707104037,0.7497892835602109,-2.41592748111926,-1.339819339048652,0.6208108578901148,1.1196351664583886,0.7047285398497416,0.7268897005888475,-0.030927712585071543,-0.9318863921151722,-0.9849145569938117,-0.2845022353345664,0.3472816216121031,-0.26234904039497753,-1.6828131125041228,-1.3886916272810899,-0.9065368990446877,0.02651124872520294,-0.4491704613875567,-2.0872827669176375,-1.5270469569237912,-0.4154894561551524,-0.563824607705431,0.9040816207080095,-0.9791076959663964,-0.674531105586655,-1.1734052738119658,-0.7286916268186145,-0.07170978386821297,-0.19920302002927237,-0.7614199109801135,0.7716433685829553,0.9026790214069956,-1.5161599209895933,-0.3685435965794489,-0.4285714080570121,-1.5483032288983725,1.2550541148400667,-0.0006778789609904745,2.17777735870865,0.0802552984514028,0.18284087778560437,-0.02180606004827529,1.5302329324873076,0.26740720310666366,-1.113823391091085,-2.6206468696457565,-1.0662443094773568,-0.7499336799691905,0.4735342114423275,-0.925157890336618,-0.7622178707095495,-0.7977534341201344,-1.1189934241313164,-1.3591384494407572,-0.16646542636144168,0.17753758476173745,-0.5641966149208001,0.7377158251881055,-0.8911732514351857,-3.065360273630299,-0.4468378267716181,-0.2816489650622293
7c966fda59b522774ee5e94ea2fbe9b6594a2b69d4368241aaac32ba60e74fc7,0,0.7600003868307881,1.5267938777400243,0.6770750016238202,0.15384018227884177,0.7895038897195066,-0.06647372224503201,-0.5363505309510018,-0.9104258232411198,-1.0501805012248053,-0.1759258028721033,-0.7237674877211688,-0.14892516967381875,-1.1439461889149662,1.5433407029064168,0.5653600880771359,-1.6717389237393858,0.956961837697337,-0.43762616798956244,0.7230029254384664,0.23426330562060413,-2.2686695406017336,0.8096018339243216,-0.17915673608768024,-1.8326534964500303,0.025956718910529947,-0.5776557621864018,-0.20879114877160398,-0.3910536416850975,0.255843466598643,-1.4484260302534588,-1.0401512333349934,0.008781760863599719,0.013526802047599977,-0.5345205388038827,1.1741522058953173,0.3036188819545986,-1.3075493301094987,-2.031001107609033,1.0925292485518128,0.577091118458344,1.3446099634322008,-0.4285753056807037,-2.099056375507936,-0.2565933594101668,-1.6289818169377206,-0.14724420972074426,-0.1336072772818806,-0.9747927440658409,-0.6677455215418668,-1.1125349592778109,-0.8140285009311174,-0.11575873617937504,-0.6651085819423814,-1.4632395500014246,-0.5289450433502896,-0.8485660447067617,0.3574276514971048,0.9265372874154993,-1.8760099662650123,-0.24666917878972677,-1.5815451051987206,-1.4381251056629698,0.9425070555745427,-1.6572123520220885,-1.932347898509269,0.5675843622659207,-0.7898572637356542,-0.7389206510902733,-2.3579996093801983,1.0747877015276968,-1.3942269538909453,0.10641431235982002,0.005285273763983023,0.9445214466766393,-0.7091638026943369,-0.5494779490425125,-1.266628436091413,-0.49919027662012394,-0.024707276675227374,-0.6811304623592099,0.115363020024156,-0.6236540796388325,1.2521721809318864,-1.2100430305625272,-0.46837445796072524,0.4815623646644215,-0.580899718876157,-2.289228830988173,-0.7857684561506775,-1.1201284085278045,-0.04712185594550175,1.1228901144320602,-0.17332586082405832,1.5083017883160528,-0.7528270957301171,1.5531178068410803
